,PseudoTime1,PseudoTime2,PseudoTime3
E666_645,NA,0.80803,NA
E288_536,0.67127,NA,NA
E90_112,NA,NA,0.13927
E962_314,NA,0.39272,NA
E194_610,NA,NA,0.76412
E801_422,NA,NA,0.52823
E875_200,NA,NA,0.24969
E720_61,0.07528,NA,NA
E154_160,NA,NA,0.1995
E837_502,NA,0.62861,NA
E863_356,NA,NA,0.44542
E592_769,NA,0.96361,NA
E628_741,NA,0.92848,NA
E85_315,0.39398,NA,NA
E444_290,0.36261,NA,NA
E855_500,NA,NA,0.6261
E463_111,NA,0.13802,NA
E260_264,NA,0.32999,NA
E866_28,0.03388,NA,NA
E432_479,NA,0.59975,NA
E232_20,NA,NA,0.02384
E313_23,NA,NA,0.0276
E946_550,NA,NA,0.68883
E992_30,0.03639,NA,NA
E168_427,0.5345,NA,NA
E96_57,NA,NA,0.07026
E347_103,NA,NA,0.12798
E305_386,NA,0.48306,NA
E689_62,NA,0.07654,NA
E411_399,0.49937,NA,NA
E836_353,0.44166,NA,NA
E460_395,0.49435,NA,NA
E258_509,NA,NA,0.63739
E441_326,0.40778,NA,NA
E512_318,0.39774,NA,NA
E824_130,NA,NA,0.16186
E991_299,NA,NA,0.3739
E348_155,NA,0.19322,NA
E746_599,NA,NA,0.75031
E138_593,0.74279,NA,NA
E888_160,NA,0.1995,NA
E280_97,NA,0.12045,NA
E79_555,NA,NA,0.69511
E613_568,NA,NA,0.71142
E199_284,NA,NA,0.35508
E649_767,NA,0.9611,NA
E459_496,NA,0.62108,NA
E910_15,NA,NA,0.01757
E736_465,NA,NA,0.58218
E703_306,NA,0.38269,NA
E506_161,0.20075,NA,NA
E0_64,NA,0.07905,NA
E504_231,NA,NA,0.28858
E765_692,NA,0.867,NA
E137_464,NA,0.58093,NA
E939_447,0.5596,NA,NA
E374_731,NA,NA,0.91593
E487_619,NA,NA,0.77541
E265_121,0.15056,NA,NA
E245_55,NA,0.06775,NA
E718_773,0.96863,NA,NA
E597_732,NA,0.91719,NA
E468_201,NA,NA,0.25094
E594_653,NA,NA,0.81807
E834_293,NA,0.36637,NA
E870_599,NA,NA,0.75031
E569_236,NA,0.29486,NA
E729_499,NA,0.62484,NA
E9_6,NA,0.00627,NA
E726_346,NA,NA,0.43287
E968_276,0.34504,NA,NA
E810_307,NA,0.38394,NA
E963_122,NA,NA,0.15182
E620_574,0.71895,NA,NA
E681_500,NA,NA,0.6261
E10_117,0.14555,NA,NA
E838_488,0.61104,NA,NA
E46_364,NA,NA,0.45546
E905_591,NA,0.74028,NA
E692_643,0.80552,NA,NA
E669_322,0.40276,NA,NA
E568_445,NA,NA,0.55709
E228_376,0.47051,NA,NA
E501_263,0.32873,NA,NA
E60_184,NA,0.22961,NA
E516_781,0.97867,NA,NA
E215_734,NA,0.9197,NA
E553_76,NA,NA,0.0941
E38_772,NA,0.96738,NA
E830_366,NA,0.45797,NA
E880_476,NA,NA,0.59598
E531_433,0.54203,NA,NA
E171_732,NA,NA,0.91719
E355_402,0.50314,NA,NA
E274_100,NA,0.12422,NA
E676_506,0.63363,NA,NA
E95_631,NA,0.79046,NA
E578_682,0.85445,NA,NA
E539_687,NA,NA,0.86073
E762_270,NA,0.33752,NA
E995_314,0.39272,NA,NA
E660_207,NA,NA,0.25847
E522_230,NA,0.28733,NA
E956_663,0.83061,NA,NA
E637_105,NA,0.13049,NA
E981_144,NA,0.17942,NA
E791_417,0.52196,NA,NA
E958_76,NA,0.0941,NA
E678_737,0.92346,NA,NA
E8_615,0.77039,NA,NA
E447_689,NA,0.86324,NA
E767_459,NA,NA,0.57465
E266_715,NA,NA,0.89586
E923_387,NA,0.48432,NA
E503_117,NA,0.14555,NA
E859_243,NA,NA,0.30364
E788_549,NA,NA,0.68758
E271_506,NA,0.63363,NA
E860_536,NA,0.67127,NA
E75_576,0.72146,NA,NA
E605_435,NA,0.54454,NA
E541_103,NA,0.12798,NA
E601_622,0.77917,NA,NA
E153_432,NA,0.54078,NA
E91_337,0.42158,NA,NA
E812_564,NA,NA,0.7064
E707_379,NA,NA,0.47428
E365_572,0.71644,NA,NA
E776_703,NA,NA,0.8808
E22_19,NA,NA,0.02258
E731_406,NA,NA,0.50816
E916_148,NA,0.18444,NA
E132_660,NA,0.82685,NA
E881_318,0.39774,NA,NA
E18_270,NA,0.33752,NA
E984_195,NA,NA,0.24341
E648_64,NA,0.07905,NA
E191_725,NA,0.90841,NA
E704_659,0.8256,NA,NA
E461_64,NA,0.07905,NA
E190_266,0.3325,NA,NA
E711_73,0.09034,NA,NA
E329_260,0.32497,NA,NA
E303_635,0.79548,NA,NA
E475_444,NA,0.55583,NA
E725_726,0.90966,NA,NA
E450_51,0.06274,NA,NA
E295_774,NA,0.96989,NA
E871_634,0.79423,NA,NA
E408_607,NA,0.76035,NA
E708_596,0.74655,NA,NA
E181_93,NA,NA,0.11543
E81_29,NA,0.03513,NA
E264_224,0.2798,NA,NA
E785_87,NA,NA,0.1079
E735_656,NA,0.82183,NA
E277_117,NA,NA,0.14555
E323_674,0.84442,NA,NA
E229_119,NA,NA,0.14806
E876_190,NA,NA,0.23714
E270_52,NA,NA,0.06399
E184_734,NA,0.9197,NA
E591_450,0.56336,NA,NA
E799_5,NA,NA,0.00502
E769_349,NA,0.43664,NA
E166_706,0.88457,NA,NA
E42_39,NA,0.04768,NA
E507_544,0.6813,NA,NA
E180_92,NA,0.11418,NA
E43_186,0.23212,NA,NA
E86_790,NA,NA,0.98996
E157_573,NA,0.71769,NA
E493_473,NA,NA,0.59222
E716_649,NA,NA,0.81305
E100_793,NA,NA,0.99373
E546_344,0.43036,NA,NA
E425_7,NA,0.00753,NA
E619_7,NA,0.00753,NA
E970_727,0.91092,NA,NA
E297_20,0.02384,NA,NA
E478_154,0.19197,NA,NA
E511_692,0.867,NA,NA
E158_712,NA,0.8921,NA
E473_272,0.34003,NA,NA
E394_578,NA,0.72396,NA
E83_263,NA,0.32873,NA
E92_344,NA,0.43036,NA
E150_515,0.64492,NA,NA
E980_690,NA,NA,0.86449
E646_789,NA,0.98871,NA
E662_233,0.29109,NA,NA
E805_152,NA,0.18946,NA
E254_426,NA,0.53325,NA
E200_235,0.2936,NA,NA
E639_355,NA,NA,0.44417
E476_766,NA,0.95985,NA
E754_98,NA,0.12171,NA
E732_738,NA,NA,0.92472
E532_377,NA,0.47177,NA
E589_460,NA,NA,0.57591
E23_683,NA,0.85571,NA
E235_558,NA,0.69887,NA
E986_506,NA,NA,0.63363
E24_640,NA,0.80176,NA
E439_140,NA,0.1744,NA
E756_464,0.58093,NA,NA
E953_575,NA,NA,0.7202
E757_447,NA,0.5596,NA
E316_545,0.68256,NA,NA
E795_667,NA,0.83563,NA
E913_685,0.85822,NA,NA
E580_270,NA,0.33752,NA
E897_396,NA,NA,0.49561
E702_577,NA,NA,0.72271
E526_284,NA,0.35508,NA
E998_615,NA,0.77039,NA
E433_499,NA,NA,0.62484
E68_446,0.55834,NA,NA
E499_287,NA,0.35885,NA
E574_116,0.14429,NA,NA
E480_538,NA,0.67378,NA
E534_29,NA,NA,0.03513
E2_93,0.11543,NA,NA
E169_35,0.04266,NA,NA
E747_297,NA,NA,0.37139
E27_2,0.00125,NA,NA
E54_258,NA,0.32246,NA
E252_103,NA,NA,0.12798
E782_440,0.55082,NA,NA
E562_570,NA,0.71393,NA
E988_6,0.00627,NA,NA
E485_781,NA,NA,0.97867
E47_158,NA,NA,0.19699
E114_634,NA,0.79423,NA
E434_215,0.26851,NA,NA
E275_556,0.69636,NA,NA
E238_563,0.70514,NA,NA
E563_104,NA,NA,0.12923
E852_230,NA,0.28733,NA
E800_689,NA,NA,0.86324
E159_175,NA,0.21832,NA
E87_716,0.89711,NA,NA
E352_217,NA,0.27102,NA
E424_394,NA,0.4931,NA
E951_80,NA,NA,0.09912
E514_473,0.59222,NA,NA
E196_489,NA,NA,0.6123
E139_244,NA,NA,0.30489
E331_549,NA,NA,0.68758
E721_605,NA,0.75784,NA
E392_361,0.45169,NA,NA
E78_680,0.85194,NA,NA
E915_317,NA,NA,0.39649
E802_209,NA,0.26098,NA
E713_455,NA,NA,0.56964
E125_615,0.77039,NA,NA
E500_218,NA,0.27227,NA
E947_108,0.13425,NA,NA
E261_153,NA,0.19072,NA
E11_631,NA,0.79046,NA
E256_477,NA,0.59724,NA
E51_707,NA,0.88582,NA
E44_499,0.62484,NA,NA
E77_658,0.82434,NA,NA
E284_294,NA,NA,0.36763
E999_561,NA,0.70263,NA
E354_253,NA,NA,0.31619
E797_602,NA,0.75408,NA
E610_105,0.13049,NA,NA
E530_367,NA,NA,0.45922
E486_234,NA,NA,0.29235
E608_90,NA,NA,0.11167
E896_252,NA,NA,0.31493
E973_72,0.08908,NA,NA
E883_124,NA,NA,0.15433
E45_370,NA,NA,0.46299
E796_301,NA,0.37641,NA
E31_708,NA,0.88708,NA
E65_184,0.22961,NA,NA
E941_288,NA,NA,0.3601
E32_411,NA,NA,0.51443
E943_155,0.19322,NA,NA
E175_646,NA,0.80928,NA
E948_342,NA,NA,0.42785
E379_265,NA,0.33124,NA
E631_340,NA,NA,0.42535
E453_89,NA,0.11041,NA
E84_602,NA,NA,0.75408
E449_228,NA,NA,0.28482
E818_157,0.19573,NA,NA
E20_772,NA,NA,0.96738
E333_783,NA,NA,0.98118
E282_612,NA,0.76662,NA
E211_18,0.02133,NA,NA
E624_744,NA,0.93225,NA
E17_604,0.75659,NA,NA
E887_121,0.15056,NA,NA
E682_392,NA,0.49059,NA
E101_610,NA,0.76412,NA
E858_534,0.66876,NA,NA
E119_773,NA,0.96863,NA
E126_531,NA,0.66499,NA
E198_221,0.27604,NA,NA
E559_500,0.6261,NA,NA
E969_403,NA,NA,0.50439
E949_611,NA,NA,0.76537
E517_511,NA,NA,0.6399
E247_184,0.22961,NA,NA
E989_432,0.54078,NA,NA
E225_579,NA,0.72522,NA
E827_154,NA,0.19197,NA
E709_533,0.6675,NA,NA
E696_124,NA,NA,0.15433
E253_370,NA,0.46299,NA
E249_85,0.1054,NA,NA
E384_188,NA,NA,0.23463
E118_398,0.49812,NA,NA
E470_10,0.01129,NA,NA
E163_729,0.91343,NA,NA
E575_702,NA,0.87955,NA
E596_615,NA,0.77039,NA
E544_267,NA,0.33375,NA
E543_765,NA,0.95859,NA
E255_548,0.68632,NA,NA
E527_22,NA,0.02635,NA
E622_358,NA,NA,0.44793
E884_212,NA,NA,0.26474
E864_627,0.78545,NA,NA
E359_161,0.20075,NA,NA
E310_553,NA,0.6926,NA
E983_102,NA,NA,0.12673
E368_401,NA,NA,0.50188
E556_744,NA,NA,0.93225
E178_30,0.03639,NA,NA
E967_111,NA,NA,0.13802
E609_750,NA,0.93977,NA
E218_763,0.95609,NA,NA
E779_621,NA,NA,0.77792
E930_416,0.5207,NA,NA
E993_616,NA,0.77164,NA
E112_305,0.38143,NA,NA
E404_232,NA,NA,0.28984
E733_749,NA,NA,0.93852
E56_574,0.71895,NA,NA
E5_211,0.26349,NA,NA
E742_206,NA,0.25721,NA
E633_745,NA,0.9335,NA
E845_429,NA,0.53701,NA
E396_662,0.82936,NA,NA
E467_230,NA,0.28733,NA
E358_530,NA,0.66374,NA
E914_773,0.96863,NA,NA
E108_590,NA,0.73902,NA
E843_630,0.78921,NA,NA
E724_471,NA,0.58971,NA
E793_623,NA,NA,0.78043
E854_476,NA,0.59598,NA
E808_220,0.27478,NA,NA
E76_223,0.27854,NA,NA
E438_482,NA,NA,0.60351
E867_419,NA,NA,0.52447
E515_656,NA,0.82183,NA
E37_758,NA,NA,0.94981
E781_560,NA,0.70138,NA
E484_714,NA,0.8946,NA
E764_50,NA,0.06148,NA
E111_544,0.6813,NA,NA
E239_57,NA,0.07026,NA
E697_704,0.88206,NA,NA
E982_339,NA,NA,0.42409
E279_641,0.80301,NA,NA
E223_736,NA,NA,0.92221
E59_83,NA,0.10289,NA
E890_234,NA,NA,0.29235
E739_360,0.45044,NA,NA
E832_572,NA,0.71644,NA
E388_590,NA,0.73902,NA
E925_514,NA,NA,0.64366
E621_615,0.77039,NA,NA
E771_60,NA,0.07403,NA
E706_15,NA,NA,0.01757
E351_324,0.40527,NA,NA
E322_250,NA,0.31242,NA
E320_225,NA,NA,0.28105
E693_638,NA,NA,0.79925
E784_494,NA,0.61857,NA
E882_427,0.5345,NA,NA
E102_514,0.64366,NA,NA
E573_392,0.49059,NA,NA
E98_786,NA,0.98494,NA
E220_398,NA,0.49812,NA
E176_452,NA,0.56587,NA
E814_498,NA,NA,0.62359
E231_185,0.23087,NA,NA
E848_513,0.64241,NA,NA
E602_198,0.24718,NA,NA
E109_720,0.90213,NA,NA
E289_660,0.82685,NA,NA
E106_378,0.47302,NA,NA
E847_679,NA,NA,0.85069
E518_672,0.84191,NA,NA
E737_604,0.75659,NA,NA
E113_92,NA,0.11418,NA
E690_167,NA,0.20828,NA
E296_70,0.08657,NA,NA
E743_131,NA,0.16311,NA
E576_159,0.19824,NA,NA
E156_637,0.79799,NA,NA
E428_109,NA,0.13551,NA
E415_795,0.99624,NA,NA
E987_708,0.88708,NA,NA
E391_417,NA,0.52196,NA
E440_749,0.93852,NA,NA
E944_505,0.63237,NA,NA
E407_359,0.44918,NA,NA
E66_295,NA,0.36888,NA
E538_529,NA,NA,0.66248
E668_311,0.38896,NA,NA
E116_297,0.37139,NA,NA
E413_426,0.53325,NA,NA
E744_206,NA,0.25721,NA
E629_775,NA,NA,0.97114
E924_420,NA,NA,0.52572
E48_160,0.1995,NA,NA
E584_392,NA,0.49059,NA
E234_118,NA,0.1468,NA
E25_379,0.47428,NA,NA
E657_42,NA,NA,0.05144
E585_284,NA,NA,0.35508
E928_117,0.14555,NA,NA
E873_789,0.98871,NA,NA
E197_607,NA,NA,0.76035
E904_707,NA,0.88582,NA
E155_9,0.01004,NA,NA
E398_91,0.11292,NA,NA
E623_141,NA,NA,0.17566
E658_65,NA,0.0803,NA
E932_682,NA,0.85445,NA
E632_798,NA,NA,1.0
E994_361,NA,0.45169,NA
E403_154,0.19197,NA,NA
E217_552,NA,NA,0.69134
E535_720,0.90213,NA,NA
E306_481,NA,NA,0.60226
E495_747,NA,0.93601,NA
E160_154,NA,0.19197,NA
E422_494,NA,NA,0.61857
E330_211,NA,0.26349,NA
E343_363,0.4542,NA,NA
E319_751,0.94103,NA,NA
E345_510,NA,0.63864,NA
E590_42,0.05144,NA,NA
E653_108,NA,0.13425,NA
E786_633,NA,0.79297,NA
E219_162,0.20201,NA,NA
E935_444,0.55583,NA,NA
E344_347,NA,NA,0.43413
E7_141,0.17566,NA,NA
E783_245,NA,0.30615,NA
E465_206,NA,NA,0.25721
E483_60,NA,NA,0.07403
E715_334,NA,0.41782,NA
E188_751,NA,NA,0.94103
E612_410,NA,0.51317,NA
E6_41,NA,0.05019,NA
E891_683,NA,NA,0.85571
E301_417,0.52196,NA,NA
E161_389,0.48683,NA,NA
E481_550,NA,0.68883,NA
E603_410,NA,0.51317,NA
E671_89,0.11041,NA,NA
E741_752,NA,0.94228,NA
E616_489,0.6123,NA,NA
E80_724,NA,0.90715,NA
E496_259,NA,NA,0.32371
E636_51,0.06274,NA,NA
E140_259,NA,0.32371,NA
E869_379,NA,0.47428,NA
E611_619,NA,0.77541,NA
E642_471,NA,NA,0.58971
E240_677,NA,NA,0.84818
E760_665,NA,NA,0.83312
E519_615,NA,0.77039,NA
E618_606,NA,0.7591,NA
E525_630,0.78921,NA,NA
E4_116,0.14429,NA,NA
E387_477,NA,NA,0.59724
E909_575,NA,NA,0.7202
E350_528,NA,NA,0.66123
E16_9,NA,NA,0.01004
E582_595,NA,NA,0.74529
E471_299,0.3739,NA,NA
E61_640,NA,0.80176,NA
E134_722,NA,NA,0.90464
E107_220,NA,0.27478,NA
E417_558,NA,NA,0.69887
E712_480,NA,0.601,NA
E815_319,NA,0.399,NA
E346_461,0.57716,NA,NA
E263_506,0.63363,NA,NA
E324_222,NA,0.27729,NA
E64_313,NA,0.39147,NA
E294_447,0.5596,NA,NA
E50_96,0.1192,NA,NA
E151_405,NA,NA,0.5069
E257_695,0.87077,NA,NA
E557_788,NA,0.98745,NA
E872_137,0.17064,NA,NA
E419_708,0.88708,NA,NA
E895_504,NA,NA,0.63112
E337_317,NA,NA,0.39649
E147_178,NA,0.22208,NA
E302_663,0.83061,NA,NA
E577_614,0.76913,NA,NA
E173_342,NA,0.42785,NA
E162_620,0.77666,NA,NA
E436_708,0.88708,NA,NA
E583_171,NA,0.2133,NA
E385_57,NA,NA,0.07026
E364_673,NA,NA,0.84316
E381_160,NA,NA,0.1995
E287_233,0.29109,NA,NA
E825_577,NA,0.72271,NA
E811_101,NA,0.12547,NA
E644_684,NA,0.85696,NA
E842_551,NA,NA,0.69009
E655_693,0.86826,NA,NA
E710_49,NA,0.06023,NA
E70_606,0.7591,NA,NA
E630_219,NA,0.27353,NA
E701_310,NA,NA,0.3877
E505_74,NA,NA,0.09159
E990_377,NA,0.47177,NA
E416_354,0.44291,NA,NA
E318_208,NA,NA,0.25972
E63_441,NA,0.55207,NA
E177_28,NA,NA,0.03388
E185_81,0.10038,NA,NA
E397_354,NA,0.44291,NA
E615_261,NA,NA,0.32622
E272_764,0.95734,NA,NA
E370_53,0.06524,NA,NA
E606_319,0.399,NA,NA
E49_550,NA,0.68883,NA
E182_532,NA,NA,0.66625
E957_410,NA,0.51317,NA
E148_469,NA,NA,0.5872
E840_195,NA,0.24341,NA
E233_135,0.16813,NA,NA
E314_576,NA,NA,0.72146
E15_547,NA,0.68507,NA
E819_638,0.79925,NA,NA
E97_731,NA,NA,0.91593
E643_179,NA,0.22334,NA
E494_349,0.43664,NA,NA
E492_772,0.96738,NA,NA
E281_634,NA,0.79423,NA
E685_139,NA,NA,0.17315
E179_293,0.36637,NA,NA
E124_453,NA,0.56713,NA
E464_13,NA,0.01506,NA
E579_212,NA,0.26474,NA
E945_533,0.6675,NA,NA
E778_13,NA,NA,0.01506
E143_707,NA,0.88582,NA
E564_279,0.34881,NA,NA
E903_333,0.41656,NA,NA
E356_661,NA,0.82811,NA
E437_370,0.46299,NA,NA
E269_176,NA,0.21957,NA
E675_741,NA,NA,0.92848
E99_274,NA,0.34253,NA
E276_190,NA,0.23714,NA
E572_275,NA,NA,0.34379
E369_697,NA,NA,0.87327
E375_134,0.16688,NA,NA
E212_403,NA,NA,0.50439
E794_424,0.53074,NA,NA
E285_642,0.80427,NA,NA
E523_686,0.85947,NA,NA
E804_562,NA,0.70389,NA
E452_165,0.20577,NA,NA
E241_646,0.80928,NA,NA
E996_668,NA,0.83689,NA
E705_534,NA,0.66876,NA
E670_8,NA,0.00878,NA
E752_352,0.4404,NA,NA
E761_3,NA,0.00251,NA
E115_105,NA,NA,0.13049
E856_289,0.36136,NA,NA
E498_328,NA,0.41029,NA
E309_237,0.29611,NA,NA
E699_488,NA,NA,0.61104
E645_647,NA,NA,0.81054
E491_274,0.34253,NA,NA
E839_106,NA,NA,0.13174
E33_742,NA,0.92974,NA
E426_37,0.04517,NA,NA
E878_381,NA,NA,0.47679
E342_54,NA,NA,0.0665
E899_345,NA,0.43162,NA
E497_552,0.69134,NA,NA
E677_401,0.50188,NA,NA
E127_321,NA,NA,0.40151
E299_790,NA,NA,0.98996
E203_172,NA,0.21455,NA
E298_464,NA,NA,0.58093
E41_370,NA,NA,0.46299
E600_715,0.89586,NA,NA
E133_26,NA,NA,0.03137
E954_606,0.7591,NA,NA
E807_464,0.58093,NA,NA
E242_643,0.80552,NA,NA
E13_414,0.51819,NA,NA
E120_328,0.41029,NA,NA
E900_168,NA,NA,0.20954
E201_795,0.99624,NA,NA
E635_51,NA,0.06274,NA
E136_608,NA,0.76161,NA
E936_311,0.38896,NA,NA
E315_460,0.57591,NA,NA
E69_115,0.14304,NA,NA
E587_789,0.98871,NA,NA
E221_116,NA,0.14429,NA
E361_759,NA,0.95107,NA
E207_664,NA,NA,0.83187
E844_49,NA,0.06023,NA
E336_134,0.16688,NA,NA
E508_283,NA,NA,0.35383
E749_120,NA,NA,0.14931
E571_430,NA,NA,0.53827
E195_35,0.04266,NA,NA
E581_798,NA,NA,1.0
E490_316,NA,0.39523,NA
E142_772,0.96738,NA,NA
E300_219,NA,0.27353,NA
E821_763,NA,0.95609,NA
E170_770,0.96487,NA,NA
E430_295,NA,0.36888,NA
E230_443,0.55458,NA,NA
E429_225,NA,NA,0.28105
E442_744,NA,0.93225,NA
E21_299,NA,0.3739,NA
E751_533,NA,NA,0.6675
E803_678,0.84944,NA,NA
E73_536,NA,0.67127,NA
E570_175,NA,NA,0.21832
E748_112,NA,NA,0.13927
E758_765,NA,0.95859,NA
E942_256,NA,0.31995,NA
E488_489,0.6123,NA,NA
E427_696,NA,NA,0.87202
E750_218,0.27227,NA,NA
E189_677,0.84818,NA,NA
E817_767,NA,0.9611,NA
E792_718,0.89962,NA,NA
E857_702,0.87955,NA,NA
E770_406,NA,NA,0.50816
E617_28,0.03388,NA,NA
E363_432,NA,0.54078,NA
E777_15,0.01757,NA,NA
E362_330,0.4128,NA,NA
E593_669,NA,0.83814,NA
E529_622,0.77917,NA,NA
E129_670,NA,NA,0.8394
E510_506,NA,NA,0.63363
E547_301,NA,0.37641,NA
E598_628,0.7867,NA,NA
E383_106,NA,0.13174,NA
E908_116,NA,0.14429,NA
E921_425,0.53199,NA,NA
E466_577,NA,0.72271,NA
E865_581,NA,0.72773,NA
E626_205,0.25596,NA,NA
E214_18,0.02133,NA,NA
E831_81,0.10038,NA,NA
E673_471,0.58971,NA,NA
E421_300,NA,0.37516,NA
E877_639,0.8005,NA,NA
E19_467,NA,NA,0.58469
E537_308,0.38519,NA,NA
E312_754,NA,0.94479,NA
E861_617,NA,NA,0.7729
E851_369,NA,NA,0.46173
E650_319,0.399,NA,NA
E57_668,0.83689,NA,NA
E555_407,0.50941,NA,NA
E205_634,NA,0.79423,NA
E192_786,NA,NA,0.98494
E123_239,NA,0.29862,NA
E152_316,NA,NA,0.39523
E454_19,NA,0.02258,NA
E823_112,0.13927,NA,NA
E349_739,NA,0.92597,NA
E167_242,0.30238,NA,NA
E165_490,NA,NA,0.61355
E894_186,0.23212,NA,NA
E36_725,0.90841,NA,NA
E806_424,0.53074,NA,NA
E548_86,0.10665,NA,NA
E103_244,NA,0.30489,NA
E679_681,NA,0.8532,NA
E110_241,0.30113,NA,NA
E728_238,0.29737,NA,NA
E768_310,0.3877,NA,NA
E353_364,NA,NA,0.45546
E307_232,NA,NA,0.28984
E40_745,0.9335,NA,NA
E734_139,NA,0.17315,NA
E204_781,NA,NA,0.97867
E972_473,NA,0.59222,NA
E360_600,0.75157,NA,NA
E565_645,NA,NA,0.80803
E640_447,NA,NA,0.5596
E922_239,NA,0.29862,NA
E435_553,NA,0.6926,NA
E651_250,NA,NA,0.31242
E448_37,NA,NA,0.04517
E420_476,0.59598,NA,NA
E688_336,NA,0.42033,NA
E663_303,NA,0.37892,NA
E926_393,NA,NA,0.49184
E647_230,0.28733,NA,NA
E35_124,NA,0.15433,NA
E561_139,NA,NA,0.17315
E599_221,NA,NA,0.27604
E390_139,NA,NA,0.17315
E451_288,NA,NA,0.3601
E321_80,0.09912,NA,NA
E826_643,NA,NA,0.80552
E183_570,NA,NA,0.71393
E789_591,NA,NA,0.74028
E775_265,NA,NA,0.33124
E273_418,NA,0.52321,NA
E332_466,0.58344,NA,NA
E959_339,0.42409,NA,NA
E885_749,NA,NA,0.93852
E691_96,0.1192,NA,NA
E684_377,0.47177,NA,NA
E248_290,0.36261,NA,NA
E378_744,NA,NA,0.93225
E311_535,NA,NA,0.67001
E268_264,0.32999,NA,NA
E366_381,0.47679,NA,NA
E868_110,0.13676,NA,NA
E122_19,0.02258,NA,NA
E406_180,NA,0.22459,NA
E862_637,0.79799,NA,NA
E835_338,0.42284,NA,NA
E172_556,NA,0.69636,NA
E722_383,0.4793,NA,NA
E912_546,0.68381,NA,NA
E680_552,0.69134,NA,NA
E659_679,NA,NA,0.85069
E627_515,NA,NA,0.64492
E552_292,NA,0.36512,NA
E955_316,0.39523,NA,NA
E210_706,NA,NA,0.88457
E554_245,NA,NA,0.30615
E971_206,0.25721,NA,NA
E902_174,NA,0.21706,NA
E251_573,NA,NA,0.71769
E540_64,0.07905,NA,NA
E445_143,0.17817,NA,NA
E683_749,NA,0.93852,NA
E58_793,0.99373,NA,NA
E14_232,NA,NA,0.28984
E291_335,NA,0.41907,NA
E723_757,NA,NA,0.94856
E389_310,0.3877,NA,NA
E820_97,NA,NA,0.12045
E886_660,NA,0.82685,NA
E446_492,NA,NA,0.61606
E399_221,0.27604,NA,NA
E267_782,NA,0.97992,NA
E560_312,NA,NA,0.39021
E373_17,0.02008,NA,NA
E74_249,NA,0.31117,NA
E117_613,0.76788,NA,NA
E418_794,NA,0.99498,NA
E26_376,NA,NA,0.47051
E625_438,NA,0.54831,NA
E833_321,0.40151,NA,NA
E12_189,NA,0.23588,NA
E164_238,NA,NA,0.29737
E412_178,0.22208,NA,NA
E104_206,NA,0.25721,NA
E367_349,NA,0.43664,NA
E213_515,NA,NA,0.64492
E395_20,NA,NA,0.02384
E393_581,0.72773,NA,NA
E193_628,NA,NA,0.7867
E458_619,0.77541,NA,NA
E246_717,0.89837,NA,NA
E206_718,NA,NA,0.89962
E224_108,0.13425,NA,NA
E82_42,NA,0.05144,NA
E338_100,NA,0.12422,NA
E72_285,NA,0.35634,NA
E938_110,0.13676,NA,NA
E334_254,NA,NA,0.31744
E730_666,NA,0.83438,NA
E94_674,NA,NA,0.84442
E740_290,NA,NA,0.36261
E567_407,NA,NA,0.50941
E528_753,NA,0.94354,NA
E964_389,0.48683,NA,NA
E304_1,NA,NA,0.0
E250_172,NA,0.21455,NA
E341_482,0.60351,NA,NA
E745_85,NA,NA,0.1054
E549_597,0.7478,NA,NA
E931_400,NA,NA,0.50063
E371_754,NA,NA,0.94479
E665_134,NA,NA,0.16688
E787_50,0.06148,NA,NA
E431_678,NA,NA,0.84944
E920_333,NA,0.41656,NA
E719_237,NA,NA,0.29611
E262_519,0.64994,NA,NA
E551_627,0.78545,NA,NA
E934_556,NA,0.69636,NA
E664_200,0.24969,NA,NA
E317_197,0.24592,NA,NA
E187_487,0.60979,NA,NA
E237_704,0.88206,NA,NA
E687_482,NA,0.60351,NA
E586_516,NA,0.64617,NA
E960_139,NA,NA,0.17315
E694_96,NA,NA,0.1192
E874_327,NA,0.40903,NA
E174_230,0.28733,NA,NA
E979_587,NA,NA,0.73526
E401_522,NA,NA,0.6537
E53_448,NA,NA,0.56085
E405_513,NA,0.64241,NA
E816_134,NA,0.16688,NA
E328_315,0.39398,NA,NA
E278_533,0.6675,NA,NA
E52_87,NA,NA,0.1079
E755_300,0.37516,NA,NA
E128_537,NA,0.67252,NA
E1_774,NA,NA,0.96989
E477_600,0.75157,NA,NA
E898_107,NA,NA,0.133
E686_233,0.29109,NA,NA
E974_142,NA,0.17691,NA
E937_159,NA,NA,0.19824
E641_212,NA,NA,0.26474
E146_242,NA,NA,0.30238
E293_163,NA,0.20326,NA
E846_368,NA,0.46048,NA
E656_738,0.92472,NA,NA
E236_793,NA,NA,0.99373
E853_473,NA,0.59222,NA
E226_732,0.91719,NA,NA
E524_251,0.31368,NA,NA
E521_162,NA,NA,0.20201
E700_607,0.76035,NA,NA
E474_777,0.97365,NA,NA
E976_252,NA,NA,0.31493
E357_431,NA,NA,0.53952
E244_685,NA,NA,0.85822
E335_447,0.5596,NA,NA
E753_116,0.14429,NA,NA
E927_425,NA,NA,0.53199
E911_474,NA,0.59348,NA
E455_103,NA,NA,0.12798
E940_441,NA,NA,0.55207
E978_766,NA,0.95985,NA
E985_672,0.84191,NA,NA
E828_78,0.09661,NA,NA
E906_674,0.84442,NA,NA
E558_315,0.39398,NA,NA
E759_692,0.867,NA,NA
E698_618,NA,0.77415,NA
E145_636,0.79674,NA,NA
E89_543,NA,0.68005,NA
E919_418,0.52321,NA,NA
E186_252,NA,NA,0.31493
E286_537,0.67252,NA,NA
E654_491,NA,NA,0.61481
E216_68,NA,NA,0.08407
E738_302,0.37767,NA,NA
E717_433,NA,NA,0.54203
E479_750,NA,NA,0.93977
E509_580,NA,NA,0.72647
E975_314,NA,NA,0.39272
E414_488,0.61104,NA,NA
E997_15,NA,NA,0.01757
E634_692,NA,0.867,NA
E652_740,NA,NA,0.92723
E763_386,NA,0.48306,NA
E243_260,0.32497,NA,NA
E283_291,NA,0.36386,NA
E798_307,0.38394,NA,NA
E672_172,0.21455,NA,NA
E3_696,NA,NA,0.87202
E377_333,NA,0.41656,NA
E402_689,NA,0.86324,NA
E372_291,NA,NA,0.36386
E889_602,NA,NA,0.75408
E714_384,NA,NA,0.48055
E339_134,NA,NA,0.16688
E977_313,0.39147,NA,NA
E410_187,0.23338,NA,NA
E607_349,NA,NA,0.43664
E588_445,NA,NA,0.55709
E400_128,NA,NA,0.15935
E965_314,NA,0.39272,NA
E325_459,NA,0.57465,NA
E595_456,NA,0.57089,NA
E489_8,0.00878,NA,NA
E773_601,NA,NA,0.75282
E327_144,NA,NA,0.17942
E382_756,NA,0.9473,NA
E952_147,0.18319,NA,NA
E423_57,0.07026,NA,NA
E766_344,NA,NA,0.43036
E917_238,0.29737,NA,NA
E326_305,NA,0.38143,NA
E144_306,NA,NA,0.38269
E849_531,NA,0.66499,NA
E28_68,NA,NA,0.08407
E292_77,NA,NA,0.09536
E901_149,NA,NA,0.1857
E141_304,NA,NA,0.38018
E566_761,0.95358,NA,NA
E259_792,NA,NA,0.99247
E88_637,NA,0.79799,NA
E121_326,NA,0.40778,NA
E149_88,NA,NA,0.10916
E202_402,NA,NA,0.50314
E93_190,0.23714,NA,NA
E34_423,NA,0.52949,NA
E667_299,0.3739,NA,NA
E661_648,0.81179,NA,NA
E386_108,NA,0.13425,NA
E290_504,0.63112,NA,NA
E879_499,0.62484,NA,NA
E536_736,NA,0.92221,NA
E469_69,NA,0.08532,NA
E456_301,NA,0.37641,NA
E841_758,NA,0.94981,NA
E929_99,0.12296,NA,NA
E695_543,0.68005,NA,NA
E55_321,NA,NA,0.40151
E131_483,0.60477,NA,NA
E790_508,0.63614,NA,NA
E443_775,0.97114,NA,NA
E472_629,NA,NA,0.78795
E822_673,NA,NA,0.84316
E67_682,NA,NA,0.85445
E457_649,NA,0.81305,NA
E950_722,NA,0.90464,NA
E208_67,NA,NA,0.08281
E39_109,0.13551,NA,NA
E614_449,NA,0.56211,NA
E409_515,0.64492,NA,NA
E520_338,NA,0.42284,NA
E809_652,NA,0.81681,NA
E513_455,0.56964,NA,NA
E30_607,0.76035,NA,NA
E222_262,0.32748,NA,NA
E545_415,NA,NA,0.51945
E135_611,NA,NA,0.76537
E380_136,NA,NA,0.16939
E850_121,NA,0.15056,NA
E907_27,NA,NA,0.03262
E829_738,NA,NA,0.92472
E780_762,NA,0.95483,NA
E774_583,0.73024,NA,NA
E727_444,NA,0.55583,NA
E966_357,0.44668,NA,NA
E674_60,NA,NA,0.07403
E961_174,NA,0.21706,NA
E933_186,NA,0.23212,NA
E62_33,0.04015,NA,NA
E130_148,NA,NA,0.18444
E772_161,NA,NA,0.20075
E462_584,NA,0.73149,NA
E227_216,0.26976,NA,NA
E376_660,NA,0.82685,NA
E29_94,0.11669,NA,NA
E550_232,NA,NA,0.28984
E813_190,NA,NA,0.23714
E533_289,NA,NA,0.36136
E340_203,0.25345,NA,NA
E893_386,NA,0.48306,NA
E209_32,NA,0.0389,NA
E71_60,0.07403,NA,NA
E604_77,0.09536,NA,NA
E638_642,NA,0.80427,NA
E482_24,NA,0.02886,NA
E105_185,NA,0.23087,NA
E918_105,NA,NA,0.13049
E502_43,NA,0.0527,NA
E892_302,NA,NA,0.37767
E542_660,0.82685,NA,NA
E308_791,NA,NA,0.99122
