Category,CategoryID,GO,Description,PARENT_GO,LogP,Enrichment,Z-score,#TotalGeneInLibrary,#GeneInGO,#GeneInHitList,#GeneInGOAndHitList,%InGO,STDV %InGO,GeneID,Hits,Log(q-value),GeneList
TRRUST,34,TRR01599,Regulated by: Zfp148,,-7.5,4.2e+02,35,20836,6,25,3,12,6.5,14460|20375|21349,Gata1|Spi1|Tal1,-4.5,MyList
PaGenBase,36,PGB:00048,Tissue-specific: bone marrow,,-5.6,42,13,20836,80,25,4,16,7.3,14460|14582|16596|21349,Gata1|Gfi1b|Klf1|Tal1,-2.9,MyList
PaGenBase,36,PGB:00011,Tissue-specific: spleen,,-4.1,18,8,20836,189,25,4,16,7.3,14582|16596|21349|56193,Gfi1b|Klf1|Tal1|Plek,-1.7,MyList
PaGenBase,36,PGB:00210,Cell-specific: mast cells,,-3.7,13,6.8,20836,253,25,4,16,7.3,14460|14461|17268|21349,Gata1|Gata2|Meis1|Tal1,-1.3,MyList
