,0,1,2,3,4,5
0,1.0040286,1.057049,1.0234632,0.11677297,0.015160429,0.10423558
1,1.0753201,1.0010287,1.0464585,0.11359188,0.010595804,0.13528329
2,1.2048599,1.1152567,1.06873,0.20540275,0.010766067,0.13814417
3,1.3106135,0.86710936,0.6476668,0.47933686,0.0025102284,0.30016172
4,1.3791354,0.7655276,0.7748274,0.27201602,0.0039144894,0.3409473
5,1.2146655,1.175609,1.1414007,0.41934854,0.008202825,0.3269484
6,1.5184429,1.2608075,1.0762259,0.18052304,0.028983295,0.6025673
7,1.5936829,1.0120486,0.46197054,0.5682057,0.12910122,0.5773747
8,1.268409,0.84293044,0.9950269,0.3984393,0.005500258,0.32980156
9,1.2733322,1.4350238,1.1076363,0.4876741,0.013522271,0.52792776
10,1.3777844,0.8929393,0.82229084,0.5169782,0.014912071,0.5649297
11,1.7170135,1.43153,0.8223463,0.57762754,0.02886563,0.54043996
12,1.9226615,1.416077,0.31875765,1.2054374,0.0028834825,0.59193766
13,1.7345806,1.1223865,0.94728863,0.5673317,0.007817679,0.5604254
14,2.190876,1.0204102,0.57248944,0.42711926,0.008964568,1.0035523
15,1.539931,1.3556381,0.66933703,0.962939,0.08869037,0.5128931
16,1.3461968,1.2433554,0.726764,1.0637903,0.00786842,0.5101397
17,1.5124116,1.0131367,0.91469204,0.9471132,0.035140753,0.5455373
18,1.712441,1.2715355,1.043915,0.60272473,0.036450226,0.8147887
19,1.5406435,0.65935814,0.2302417,0.0066284575,0.03343413,0.7545571
20,1.7146018,1.3065369,1.4993397,0.6938168,0.00067136076,0.6024438
21,1.6201345,1.0674497,0.1101353,0.003968563,0.0008417934,0.74780136
22,2.0426707,0.907206,0.0025792262,0.014436254,0.024274714,0.92926234
23,2.153729,0.9709434,0.00837194,0.007558871,0.003974379,0.85248184
24,1.5146817,1.0176847,0.01624808,0.0059600994,0.0023535509,1.0204517
25,1.7299539,0.9889962,0.75035995,0.46662053,0.015177369,1.1475669
26,2.076992,0.78893226,0.45507434,0.47960445,0.020897685,1.0636643
27,1.9278533,1.2110115,0.0011809763,0.016454864,0.00018014738,1.1378106
28,2.3766885,1.1709358,0.012635644,0.009060875,0.0137351025,1.0874505
29,1.9908357,1.0273873,0.0008934003,0.09264003,0.05319472,1.2318705
30,1.7362493,0.680942,1.1628565,0.47061366,0.011610619,0.83295804
31,2.4082975,1.0159731,0.017546816,0.04580182,0.010769312,1.2406448
32,1.9829061,0.948084,0.0069707115,0.0040788767,0.07042638,1.2132187
33,2.1758418,0.9586452,0.02417473,0.0063999263,0.035728205,1.3363479
34,2.0058036,0.8349421,0.01263217,0.007660812,0.00028371802,1.1233382
35,2.4583254,0.706812,0.11945478,0.0030433538,0.0107123405,0.9465377
36,1.6137178,1.2696819,0.8229077,1.3167346,0.0147179,0.9301305
37,2.1193566,0.9887192,0.010754085,0.04405631,0.0054800953,0.6736903
38,1.9533181,0.724528,0.00485393,0.0059561413,0.01835945,1.1169856
39,2.185477,0.56354034,0.56438947,0.38531002,0.12600198,0.9386021
40,2.3351202,0.59526724,0.01754108,0.004242992,0.0082280245,1.0913224
41,1.2842897,0.77801675,0.050792437,0.0054616863,0.006634586,1.1941584
42,1.7746049,0.8745766,0.9796063,0.55984056,0.013052437,1.2481565
43,2.3184032,1.2392644,0.007139462,0.0026969532,0.013777706,0.93771434
44,1.7917794,0.7632514,0.052900415,0.09030598,0.018849937,1.4011917
45,1.4723203,0.4386125,0.6772242,0.80535704,0.03270056,0.97116464
46,1.678468,0.51903033,0.019263677,0.0019410634,0.003579186,1.0609572
47,1.821731,1.020645,0.882077,0.6205388,0.007759669,1.3310479
48,1.6939495,0.5325941,0.021920674,0.09982443,0.008942617,1.2020329
49,1.8705039,0.51763976,0.0012565503,0.022270508,0.027252339,1.1880533
50,1.5540904,1.3093239,1.008836,1.1214039,0.053359795,1.2982829
51,1.9330513,1.0897584,1.3982146,1.1233295,0.010930947,0.55105716
52,1.9555876,0.41770607,0.004058189,0.031487864,0.027156336,1.2167866
53,1.481194,0.58376145,0.0052981796,0.009638415,0.0047669257,1.4284438
54,1.3379742,0.5361979,0.0029766771,0.003642156,0.0016037206,1.3892695
55,2.1094704,0.63617367,0.0019833783,0.037505724,0.02335515,1.592773
56,1.7708042,0.36700028,0.06692329,0.052961856,0.0039778976,1.3869216
57,1.4367782,0.40340662,0.24535038,0.68447095,0.020636577,1.3318357
58,1.7842928,0.9263224,0.6518503,1.5630949,0.10276684,1.0497949
59,2.0517364,0.4693029,0.03991269,0.011993146,0.023489349,1.458567
60,1.9855064,1.0391674,0.9914765,1.7477993,0.0019912005,0.8271503
61,1.9928453,1.0628918,1.1174173,1.6111343,0.0021026614,0.872115
62,2.340727,0.73570424,1.0100697,0.41436648,0.0053714477,1.1023171
63,1.5455067,0.3339195,0.4894285,0.0073232357,0.025541864,1.234999
64,2.0827246,0.734241,0.7372511,0.739701,0.13864079,1.2542102
65,2.3620565,0.44320545,0.0027945614,0.020026287,0.005702703,1.4753287
66,1.9249923,0.4567209,0.6003187,0.6821867,0.06695965,1.1900107
67,2.3557186,0.30552325,0.0025113067,0.043661904,0.00028009195,1.3713495
68,2.0641954,0.12319234,0.08041145,0.03562107,0.0106849475,1.4227983
69,1.5264922,0.034120504,0.021605242,0.004845632,0.0008261147,1.4872774
70,2.3815086,0.4602991,0.9765482,0.7755999,0.0065684346,0.9652634
71,2.3097281,0.057486422,0.08037461,0.002883637,0.0045947237,1.3304533
72,1.6978196,0.35684374,0.020985436,0.00040922879,0.0076319287,1.6148207
73,2.2302198,0.8087809,0.8714048,0.47831678,0.009790543,1.7173811
74,1.4372826,1.660336,0.0055935495,0.15871914,0.044514798,0.9974664
75,1.8554846,0.07538885,0.36297512,0.0033150215,0.0076799784,1.4827005
76,1.8879772,0.35333672,0.07409301,1.2688638,0.0278524,1.2486186
77,1.6060396,0.40031046,0.85060203,1.0683194,0.020913407,1.3724921
78,2.1557393,0.249212,0.019116167,0.002681734,0.0025033471,1.6427813
79,1.617613,0.74169487,1.2809566,1.1180962,0.005781221,1.2803103
80,1.9063534,1.335008,0.032698777,0.018001668,0.0035760459,0.5153883
81,1.9739721,0.5640116,0.23766938,0.03040953,0.005211709,1.8589646
82,1.8355017,0.6379826,1.0941954,0.98601544,0.010985903,1.4876918
83,2.0957606,0.38059458,0.005835526,0.0015484467,0.0017496676,1.7786971
84,2.3743272,0.23051654,0.3485305,1.0303166,0.008941216,1.4950367
85,2.0253735,0.5349575,0.8784196,0.24102314,0.10360138,1.5630243
86,1.8686174,1.0299224,1.6633726,0.9055787,0.0001874014,1.2173246
87,1.6414857,0.35060424,1.3578055,0.8153773,0.0032353967,1.0815635
88,2.1118624,1.3920062,0.0036012665,0.02353271,0.0076556397,0.55566484
89,1.867084,0.31135434,0.10464585,0.006067224,0.01451514,1.8793133
90,3.0702631,0.12614574,0.059171423,0.0045405785,0.0051807147,1.6117712
91,1.773298,0.07730662,0.1607695,0.039298993,0.0006481438,1.7356514
92,1.7706577,0.6310786,0.28396222,1.2880731,0.0051530916,1.8482151
93,1.8599137,0.3124667,0.34806696,0.9607876,0.0018319641,1.8732936
94,1.6266255,0.29000407,0.091175295,0.0017204992,0.01003239,1.838121
95,2.1789863,1.3311248,0.00021795357,0.038522083,0.010134872,0.47403717
96,2.029893,0.68152505,0.012748545,0.027756823,0.009659715,2.1885908
97,2.232498,0.046887673,0.5777871,0.16188097,0.0093347505,1.5018632
98,2.0130615,0.2731214,0.014759215,0.008480322,0.005032491,1.9862636
99,1.5021577,0.6476794,1.5962993,0.9690461,0.009044391,1.1414471
100,2.2109053,0.3327958,0.74931705,0.015390174,0.0076195453,1.5304393
101,1.4762825,0.39573154,0.4380961,1.320419,0.008281172,1.8691682
102,2.0530295,0.05677222,0.2649715,0.07246681,0.0023447427,1.7464178
103,2.1552286,0.49986663,1.4384533,1.1056167,0.030318007,0.972725
104,2.445524,0.18859102,0.8376931,0.28728572,0.016171098,1.4633542
105,1.9976263,0.23267376,0.15652339,0.0070859888,0.002434006,1.9349531
106,1.6705651,0.20553972,0.055300232,0.0023634483,0.009256786,1.9772687
107,2.1300676,0.094518125,0.3461708,0.008759424,0.010595248,1.8340373
108,1.9251281,0.091621675,0.2991819,1.212426,0.008916299,1.9922374
109,2.3818636,0.24197799,1.1446545,0.81115544,0.0022094082,1.5885183
110,1.7667042,0.30533242,1.0244762,1.0968261,0.0035334546,1.6085404
111,2.0930314,1.5295413,0.024591228,0.011783816,0.0087374775,0.6269957
112,2.0666018,0.5974151,1.6989292,1.0772966,0.040811226,0.98022264
113,2.8488955,1.526717,0.015064753,0.00082036556,0.03914858,0.71399194
114,1.7104515,0.103176884,0.007721156,0.005243775,0.009636807,2.1955366
115,2.3005638,0.27858663,1.0174843,1.1146821,0.02431781,1.5104852
116,1.7533455,0.076631576,0.04967905,0.051593874,0.012505809,2.1637912
117,1.9556003,0.022853598,0.46793833,0.032055885,0.03474101,1.9262364
118,2.2035139,0.1565737,1.0675595,0.89128137,0.0029466166,1.7358379
119,1.8830836,0.033701852,0.6980156,0.043552015,0.025568666,1.7516749
120,2.880767,0.057526868,0.60906035,0.002487911,0.0008307896,1.9085649
121,1.4842328,0.0010260569,0.012577955,0.010853923,0.0035197055,2.3562565
122,2.618567,0.14881183,0.7758316,0.07443603,0.011424876,1.7232423
123,1.8090432,0.11607485,0.9951392,0.0006273351,0.01751435,1.3650386
124,1.7581326,0.35201,0.009238851,0.014299399,0.03672094,2.4311872
125,1.7271365,0.785582,1.6852105,1.3375865,0.095184475,1.3415174
126,1.4288116,0.25357074,0.82181716,0.010758798,0.0123347165,1.5655214
127,1.9959006,0.0065187574,0.0313307,0.03605215,0.031523548,2.3958652
128,2.5665298,0.56528556,1.3877194,1.0403025,0.0038761527,1.4056933
129,1.4172723,0.45102656,1.7472377,0.43667027,0.029260917,1.22019
130,2.374426,0.043021563,0.49995866,0.5597479,0.002552811,2.1423407
131,1.9247451,0.056889046,0.0037039735,0.03584915,0.0050146864,2.430363
132,2.2776685,0.070540175,0.8091252,0.0057377117,0.018501924,1.975205
133,1.7248542,0.16271715,0.53009295,0.28518558,0.013081935,2.1427655
134,1.442203,0.0073523037,0.46342194,0.023189655,0.03450318,2.122886
135,2.2026582,0.31088224,1.3068569,0.35210255,0.00855562,1.6097051
136,1.9773707,0.02610879,0.19595237,0.028245123,0.02169228,2.378836
137,2.3626368,0.20227748,1.1272341,0.1920254,0.017922321,1.7590774
138,2.094437,0.15254211,1.278004,0.15562488,0.010646153,1.3008403
139,1.607106,0.57829833,1.6536957,1.1390712,0.022084855,1.5837191
140,2.0550687,0.051614866,1.2282935,0.34794977,0.043972082,1.7247125
141,1.8607972,1.6424327,0.008993912,0.029711941,0.017096233,0.5517104
142,1.7485926,0.019231716,1.0187532,0.0042925677,0.023597434,1.7608542
143,1.523312,0.34660614,0.60573596,0.0012793893,0.04266506,2.3015552
144,2.8556838,0.007969528,0.42175755,0.024396159,0.00019099047,2.4381256
145,1.9588366,0.6982321,1.6616812,1.6394018,0.040360633,0.9388242
146,1.8130285,0.036243837,1.0814621,0.017487507,0.007062154,1.770516
147,1.6258417,0.3037799,1.4518127,0.98317444,0.0010596238,1.6782098
148,1.6794078,0.2001786,1.4614291,0.92815864,0.03269747,1.6272206
149,2.1647232,0.043221198,0.65145135,0.062237933,0.03454989,2.2637982
150,1.8782692,0.3619448,1.3783208,0.38489407,0.011692614,1.8710914
151,1.7945082,0.00168794,1.3179165,0.42221826,0.006109569,1.5797747
152,1.6173953,0.064960726,1.1090918,0.0023481108,0.1110126,1.908661
153,1.6611593,0.15997496,1.4269806,0.39335242,0.06313646,1.4437176
154,2.0198357,0.1114136,0.6826448,0.25248957,0.018319532,2.3517866
155,1.9966825,0.3519464,0.9381902,1.5354639,0.0008654774,1.8100939
156,1.5143534,0.49398533,1.7183716,0.8022405,0.04105041,1.7171184
157,1.8178738,0.063339256,1.3135952,0.16650341,0.041499846,1.6215012
158,1.5476829,0.02015075,0.6685935,0.047156036,0.055899404,2.3089688
159,2.444979,1.2714341,0.048082646,0.0061115357,0.059468687,0.22900507
160,1.6773993,0.23342454,1.5717545,0.59963447,0.021319846,1.6913427
161,1.5061737,0.13399646,1.3618184,0.34237847,0.029988287,1.7604396
162,1.9853473,0.089446045,0.9758805,0.044304565,0.00081216445,2.175004
163,1.9969289,1.6081116,0.0072511514,0.0058597825,0.0043799574,0.49591383
164,1.8592917,1.4885689,0.004742042,0.0048580514,0.007115503,0.41045803
165,1.6064618,0.030383293,1.1422101,0.034176443,0.061193075,2.0845096
166,1.4983723,0.011523081,1.3537642,0.013171145,0.14352635,1.9948944
167,1.8053036,0.14106084,0.40647674,1.800952,0.015496925,2.0042522
168,1.9417322,0.3739638,1.4607843,0.024390575,0.010503731,1.790736
169,2.4128618,0.21113025,1.4808403,0.6219727,0.0034103603,1.7269871
170,2.28003,0.41328803,1.6107634,0.08661037,0.007965489,1.366325
171,1.8524141,0.09698619,1.3681117,0.21641444,0.0021370067,1.8226216
172,2.3134074,0.05394477,1.4600996,0.064103685,0.01082863,1.6626768
173,2.3884776,0.02597092,1.3835217,0.889874,0.0064404695,1.6914963
174,1.8088557,0.13434073,1.1439391,0.0010088605,0.016949343,2.245089
175,1.722689,0.0025183065,1.5054907,0.0045870813,0.006190448,1.6176236
176,2.1365993,0.0644952,1.514557,0.008018329,0.013125813,1.6919936
177,1.6726755,0.0100465035,1.3520521,0.256403,0.00022576019,2.093828
178,2.3972108,0.038330913,1.186597,0.22710681,0.0066065527,2.198544
179,2.2631195,0.12084203,1.6460072,0.639222,0.036158446,1.5477016
180,2.1335618,0.04270034,1.1302686,0.025574448,0.008227315,2.2963433
181,1.71223,0.00014620442,1.9920975,0.3604612,0.044174228,1.2504623
182,1.8909795,0.009052273,1.3253653,0.65418994,0.09735048,2.2078319
183,1.8570402,0.034727223,1.6023167,0.39604735,0.00030415945,1.8104794
184,1.730862,0.28106204,1.5845054,0.31522715,0.00022390323,1.9508023
185,2.22456,0.21131447,1.9766344,0.003596368,0.0051322468,1.3634099
186,1.7389392,0.13986607,1.6301817,0.15400417,0.057910908,2.0062256
187,2.148745,0.113025054,1.1264094,0.27320126,0.0036604097,2.9750674
188,1.8537251,0.13628648,1.730207,0.010946616,0.007456112,1.7457415
189,1.7556248,0.5501158,1.9238226,1.383571,0.038372833,1.4929103
190,1.46024,0.48646298,1.8471296,1.3558909,0.00069618365,1.6996993
191,1.7330878,0.051830407,1.841181,0.39990863,0.00037097433,1.7665367
192,1.9517058,0.008675207,1.6017925,0.9826776,0.00051282113,1.9676679
193,2.0428357,0.0011871665,1.5357562,1.3365439,0.0002712154,1.3737235
194,2.1230543,0.12099122,1.5026901,0.31491584,0.050089154,2.3904684
195,1.7935619,0.016800135,1.4980878,1.1764647,0.000114379574,1.8505743
196,2.0339317,0.0032188746,1.6915039,0.2449612,0.10051297,2.1306598
197,2.0558872,1.6244262,0.03765497,0.00506248,0.0007528889,0.31127426
198,2.0697339,0.023413008,1.5686076,0.383505,0.012596422,2.5168715
199,2.1727817,0.04068826,1.4431914,1.3428332,0.010646529,1.6088886
200,1.8602433,0.51788366,2.1788268,1.5326337,0.010656279,1.0132265
201,1.3868608,0.013258459,1.9941233,0.00209535,0.0124666095,2.55651
202,2.761943,0.027657896,1.821021,0.27350172,0.056845024,2.1340113
203,2.063222,0.06204937,1.825146,0.711811,0.0023160132,1.891714
204,1.4919887,0.05125213,2.022337,0.1759826,0.007242858,2.1742475
205,2.4650323,0.24130552,1.690112,0.050776727,0.036084346,2.3990307
206,2.09478,1.5180775,0.105933,0.00068542745,0.04052229,0.072868675
207,2.7661436,0.0900128,1.9953254,1.0196018,0.05758638,1.2800393
208,2.1787512,0.0027467536,1.8098128,0.0077086976,0.010944629,2.045824
209,2.1736662,1.5096105,0.036356475,0.02145411,0.03559035,0.02091558
210,2.4833438,0.079262994,2.0013676,0.042746253,0.0039614933,1.8616865
211,2.1101196,0.23260076,1.8916049,1.1409508,0.10849271,1.6862564
212,2.0419781,0.2279938,2.1206818,0.7012778,0.011188791,1.581025
213,1.4816061,0.082814574,1.4600786,1.1699743,0.0012500652,2.3766942
214,1.986394,0.013135961,1.5753694,1.3963138,0.03933261,1.6780562
215,1.9476234,1.4974093,0.012351324,0.007543724,0.008766333,0.07128991
216,2.035,0.0009529351,1.9380157,1.1331906,0.009355154,1.5109915
217,1.5035613,0.012417476,2.4307997,0.2133073,0.048733324,1.9950068
218,1.5955193,1.4560219,0.16605854,0.01866484,0.01737502,0.042775005
219,2.0531902,1.792693,0.0068631335,0.02631046,0.007996164,0.35655338
220,2.2329707,0.13691449,2.1311183,0.90120256,0.027652962,1.457478
221,1.9025751,0.04500716,1.9552169,0.21147028,0.028910538,2.265154
222,2.2842615,0.0030687584,1.3366542,1.4590293,0.009770123,1.9019147
223,1.9026103,0.012707829,1.49705,1.4536572,0.0031013514,1.6908693
224,1.8084688,0.014243866,1.9320581,0.81800437,0.013229239,2.154067
225,1.6604939,0.0100110015,1.8994284,0.9352151,0.0032696775,2.2717605
226,2.1415467,0.029307954,1.2317325,1.4759516,0.0106587885,2.0333765
227,2.1763961,0.084750585,1.6167321,1.4421802,0.05109917,1.4862413
228,2.5372496,0.0019243982,2.309669,0.018297626,0.002083583,1.82277
229,1.9075155,0.029030195,2.0509527,0.08027381,0.019956335,2.603758
230,2.1008556,0.14252105,2.1514895,0.23324746,0.0053830426,1.885149
231,1.8321481,0.24202202,1.5467906,1.6787844,0.040699873,1.532267
232,1.6606448,0.35963398,1.2384689,1.6693096,0.0015378706,2.038405
233,2.3720794,0.024994353,2.1414888,0.5369366,0.013801111,2.10051
234,2.5127478,0.035298664,2.1368167,0.07246249,0.040469863,2.705194
235,1.8328178,1.4207991,0.07061184,0.005046106,0.011587236,0.0043276264
236,2.304601,0.014448267,2.2282708,0.82919216,0.004322654,1.7992176
237,2.068657,1.7287318,0.0022521028,0.026439546,0.0020654828,0.13509676
238,1.8539547,1.9879699,0.04866755,0.004089972,0.011356695,0.5620769
239,2.174998,0.09449404,2.1016653,0.97246444,0.0032045078,2.1105847
240,1.7308868,1.6210257,0.0012070683,0.009014803,0.03168021,0.1730547
241,2.029413,1.7412661,0.014057597,0.008114956,0.022606505,0.01582869
242,2.0693717,0.011444034,2.4224935,0.62478405,0.110897414,2.3239603
243,1.7844619,0.012348786,1.8581166,1.2609389,0.0137552805,2.0130332
244,2.1455784,0.12666902,1.7720257,1.6879163,0.050488055,1.2698561
245,1.8313588,0.00035996138,1.8047324,1.4677347,0.041502036,1.6380033
246,2.4846337,0.0501864,2.5704713,0.70491314,0.013047284,1.937089
247,1.8308893,1.6816994,0.011170174,0.023190608,0.00059586106,0.0027059896
248,2.2262194,0.07620538,1.8118861,1.2536703,0.040831786,2.0646024
249,2.0847645,1.7691104,0.0034697158,0.0009969012,0.01940155,0.018377094
250,2.4460042,0.2784234,1.9711576,1.3743646,0.007350607,1.8688775
251,1.9146405,0.010725694,2.759729,0.8524313,0.02221116,2.2121525
252,1.962923,0.41460797,2.2120721,1.4863024,0.002425942,1.479398
253,2.2578197,1.8266944,0.022950232,0.003448693,0.006192757,0.18938106
254,2.2713764,2.026267,0.025298206,0.035750452,0.03763759,0.58066744
255,1.7559795,1.6641922,0.033204366,0.0032544462,0.06984619,0.017862257
256,2.1676567,0.0988453,1.9497565,1.459984,0.00018389487,1.8626728
257,2.0101862,1.8150263,0.0117627205,0.015754465,0.07508267,0.038665667
258,1.676494,1.5801369,0.072647266,0.030134078,0.010332898,0.041394282
259,2.3534493,1.8036685,0.015297265,0.0016693169,0.02880376,0.06832229
260,2.577472,0.04894441,2.4818592,1.2320892,0.004339478,1.6123526
261,2.1554403,1.8430606,0.025591593,0.0022982785,0.008864,0.021664826
262,1.7850467,0.003999394,1.9011008,1.5521692,0.02614444,1.863071
263,2.1644692,0.011883973,2.0643506,1.3385636,0.13613845,2.027903
264,2.689236,0.27893168,2.178863,1.4902583,0.08226197,1.7940875
265,2.363437,0.020588437,1.3487052,1.7211367,0.01733048,2.0861926
266,1.5404348,1.433861,7.8466706e-05,0.0126429945,0.0041676406,0.0081153475
267,2.0319421,0.013757204,1.9455695,1.5245626,0.0007067443,1.9702358
268,1.6342183,0.06397122,1.7883629,1.6192236,0.0015960296,2.407454
269,2.004627,1.8815373,0.12267213,0.0016548058,0.0215599,0.0010538591
270,2.1605506,1.9148395,0.0018055827,0.014884225,0.013943598,0.01105343
271,1.5007197,0.0047672736,1.6817311,1.7254279,0.023403091,1.5906512
272,1.9422952,1.8890097,0.027039692,0.000735291,0.008692447,0.004965281
273,1.990227,0.07708179,1.7342111,1.8189174,0.008585686,1.580596
274,2.812358,1.971743,0.09486942,0.062021017,0.032612745,0.14913383
275,1.9999192,0.0067651463,1.582649,1.4559647,0.39947152,1.6176372
276,2.398461,0.0068108374,1.5987995,1.6516929,0.23283364,1.7529564
277,1.7481663,0.06280081,2.47994,1.5195191,0.071056105,2.395305
278,1.4781703,1.5940917,0.026139302,0.025734523,0.00089080166,0.11282941
279,2.0768342,0.06119554,1.5713211,1.7042917,0.029346773,2.3545172
280,2.069865,0.2158648,2.2879305,1.8217163,0.06899541,1.1373667
281,2.5104365,0.18277413,2.7194571,1.4404168,0.04418439,2.3881595
282,2.4586458,0.0012598757,2.176393,1.7456281,0.007396956,1.6580007
283,2.4287324,2.0431468,0.10488501,0.036264025,0.013631587,0.24157622
284,1.7672818,1.8698709,0.032910302,0.0023073936,0.0151651045,0.018424183
285,1.6928402,0.063136965,1.5654405,1.7973981,0.034757525,2.4643967
286,2.5991807,0.021888183,2.417908,1.7812976,0.015258347,1.7583295
287,2.3586752,2.0737739,0.008213228,0.015802372,0.021967826,0.18300594
288,1.874996,0.0018401489,2.7171605,1.4821736,0.095429406,1.9328626
289,1.9758714,2.0494027,0.13831462,0.00024880748,0.0041461084,0.116940275
290,1.6200366,1.7354053,0.0007252708,0.12543498,0.0066607795,0.0009176089
291,2.0629086,2.084951,0.0030593204,0.11180049,0.007830202,0.18198837
292,1.5789359,1.7615191,0.021005416,0.0039236248,0.051680956,0.051173545
293,2.2298923,0.097941205,1.5134124,2.108582,0.099768944,1.2942687
294,1.9877585,0.023376489,1.7183235,1.927043,0.0101567805,1.9129659
295,2.1222777,2.0972285,0.017146003,0.044557314,0.0012694977,0.0044156346
296,2.2913036,0.004257734,1.7635175,1.8774278,0.036762178,2.2218688
297,1.9377729,2.073704,0.029465333,0.040047754,0.030708384,0.016336568
298,2.343606,2.1108344,0.043876365,8.5329506e-05,0.003177648,0.025745412
299,1.7448194,0.034578662,2.1862857,1.1701255,0.57294804,1.6673038
300,2.2268035,0.07680945,2.4316273,1.9240377,0.004722847,1.8682374
301,1.9236073,0.17514233,1.731046,2.0181181,0.013045692,1.7836354
302,1.927463,0.002975601,2.1717272,2.0637684,0.0110068545,1.582098
303,2.2164288,0.093565546,1.8308961,1.7460958,0.16079907,2.60413
304,1.5069113,1.7172954,0.04408527,0.01509738,0.002310846,0.0074324734
305,1.8690532,0.011790265,1.287726,1.8955971,0.48501408,1.4156448
306,2.4049213,0.3291513,2.1472418,1.9643881,0.24249811,2.1004064
307,1.9635941,0.063557714,2.7078943,1.8283089,0.00540047,1.6696298
308,2.170728,0.05045285,2.4895432,2.0895183,0.0015554155,1.8305732
309,1.5559399,1.8071996,0.027356526,0.0021319655,0.0076063513,0.059026368
310,1.5615767,1.8117905,0.010825822,0.020112721,0.01056306,0.0020062593
311,2.5148187,0.19359402,1.4040784,1.7445815,0.45983863,1.835847
312,1.9018954,0.060036905,1.7221451,2.1153808,0.013397928,2.0245407
313,1.7735045,0.012950584,1.9678006,1.6808966,0.28315353,2.1319208
314,2.1906583,2.3568897,0.021612806,0.050251916,0.010830519,0.06701536
315,2.18413,2.3694613,0.11482759,0.0382298,0.015432683,0.034451716
316,2.211662,0.0015705383,2.0046518,1.9471803,0.25999266,1.4106983
317,2.717344,0.006704267,1.6702424,2.1942985,0.22725335,2.0179646
318,1.5009767,1.7765133,0.035283174,0.00039858578,0.0030002543,0.0029037108
319,2.048217,2.260189,0.028082827,0.00679413,0.0027272033,0.0065331813
320,2.0335047,0.0022645993,1.8403746,2.2507405,0.05491079,1.696091
321,1.5320827,1.801067,0.0141116455,0.012546124,0.031668145,0.021480676
322,1.628214,0.056752983,1.8102735,2.2075582,0.057702634,2.2241058
323,2.2446852,2.4350436,0.022714121,0.045766167,0.013028905,0.010166154
324,1.559293,0.32529122,2.2349813,2.3571374,0.08567875,1.3987734
325,2.389655,0.09598393,1.2791026,1.8650484,0.39822012,2.3397286
326,1.5699162,1.9673165,0.003996071,0.0033407537,0.013858072,0.06049684
327,1.7227925,2.0621552,0.009912578,0.00308855,0.008057184,0.02264699
328,1.7311246,2.079332,0.10115583,0.013398668,0.023730563,0.047021676
329,1.625288,0.016905786,2.2125514,1.7574956,0.40366176,1.6931628
330,2.0535424,0.020191675,1.8069526,0.96721363,0.8234124,2.1419578
331,1.7483379,0.05294872,1.9378101,1.8120875,0.3809186,2.0331354
332,1.2675999,1.6499747,0.011797283,0.02508023,0.0030831897,0.02489318
333,1.7258137,2.1513507,0.0025197363,0.016131544,0.0016947058,0.0032233736
334,2.1882992,0.016935209,1.8528376,2.8141367,0.14511037,1.7247692
335,1.8171912,0.025950449,2.1938033,1.807525,0.4185426,1.7985183
336,1.5186925,2.0853245,0.014664183,0.0020997117,0.0033616503,0.2889497
337,1.6734973,2.1245744,0.00023911461,0.018607486,0.0016252762,0.023420606
338,1.836595,0.003280918,2.1140864,1.9941094,0.44214886,1.487546
339,1.633476,2.0664084,0.030671665,0.009673304,0.08931968,0.0021192937
340,1.5925784,2.0638812,0.0055915224,0.015704751,0.012450758,0.0041123293
341,1.5776049,2.0602896,0.028923035,0.0001127563,0.00766697,0.0066361274
342,1.1178961,1.5699073,0.028034868,0.01820532,0.006050358,0.009910933
343,1.4008236,0.025817802,1.7836461,2.4494805,0.33184004,2.1003385
344,1.9513843,0.013006425,2.0080726,2.2590518,0.4977522,1.5046979
345,1.4940403,2.0501907,0.0034252931,0.015645262,0.050713416,0.06751719
346,2.0577476,2.8008564,0.003230597,0.042342868,0.012791777,0.02316017
347,1.5339916,2.1556625,0.037798293,0.060208295,0.022343336,0.0022009145
348,1.5118281,2.1496732,0.0030328664,0.0070069595,0.0016509021,0.0013009702
349,1.5995637,2.2347174,0.015718805,0.064234674,0.00020298609,0.021867773
350,1.0414011,1.5422589,0.11185342,0.060194917,0.020861128,0.04126431
351,1.6629535,0.025912086,1.6475351,2.0156276,0.62299395,1.7119654
352,1.324988,2.0360746,0.017402451,8.812865e-05,0.0012563916,0.002861389
353,2.234883,0.017655255,1.487638,2.006848,0.5704136,2.135098
354,1.9418784,0.00052253203,1.8633648,2.0872493,0.6256136,2.132683
355,2.0599363,0.017566128,2.035934,2.051019,0.6256299,1.8446829
356,1.5695829,2.3307476,0.014173107,0.008870632,0.03387039,0.018347574
357,1.8888398,0.003848606,1.8408204,1.8470429,0.65272516,1.9476427
358,1.7615609,0.015372481,1.7480173,1.9279447,0.71221083,1.556058
359,1.2929355,2.1368885,0.023108121,0.01990802,0.0013513854,0.0070332526
360,1.6687477,0.09811824,2.0842333,1.4441851,0.7516128,1.6472076
361,2.2299893,0.0046520885,1.8062629,2.1082613,0.7139867,1.7745519
362,1.2464527,2.096663,0.001416687,0.0085423235,0.04181718,0.007819801
363,1.2426279,2.108372,0.0020996234,0.0026266393,0.06649702,0.11253001
364,1.5736042,2.623623,0.005205694,0.00023576437,0.007363401,0.0011432101
365,1.5563434,2.5605054,0.0011521835,0.017442925,0.0015654697,0.0036498832
366,1.9675744,0.007983132,1.4602097,1.9133787,0.7419614,1.8894409
367,1.0037347,1.6599728,0.085082,0.0056854747,0.01357835,0.014909975
368,1.2926011,2.3214645,0.054509092,0.014254667,0.0009245356,0.00046460325
369,1.2755923,2.2781913,0.015300887,0.004008693,0.03635577,0.042556856
370,1.4074088,2.6052012,0.014784936,0.0066834525,0.007944137,0.0015642025
371,1.2769316,2.279657,0.043804765,0.013485814,0.05814573,0.0031277344
372,2.1896148,0.12939054,1.7680418,2.1733813,0.85393625,1.3400992
373,1.9217997,0.00493422,2.5076032,1.7921231,0.8566922,1.4925253
374,1.2838385,2.603887,0.0044257464,0.011077283,0.0053176167,0.003712169
375,1.4742969,0.018383732,1.9813237,1.9746947,0.8295231,2.1396239
376,1.2549306,2.6246688,0.06758062,0.02247908,0.14317165,0.013419275
377,1.8847531,0.019711532,1.7732584,1.5285428,0.98157465,1.9086877
378,2.409664,0.027992442,1.865781,2.0404592,0.9821754,1.5089958
379,1.7121685,0.055876162,1.9687529,2.2462687,0.9535863,1.5421803
380,2.1059437,0.008339506,1.7869214,1.5335307,0.95339227,2.352495
381,2.2005973,0.007380698,1.5663762,1.9713129,1.0482266,1.7301836
382,1.8819582,0.04742139,1.9144146,1.710293,1.0171314,2.0585792
383,2.0067072,0.005878981,1.6967652,2.0959978,0.98902565,2.1614108
384,0.86819494,1.8690348,0.23434886,0.0034714274,9.2044116e-05,0.03348259
385,1.0894274,2.4547055,0.0009656387,0.0053474633,0.25264993,0.017526293
386,0.9564508,1.815466,0.012977578,0.11746211,0.11048259,0.026306849
387,2.1300228,0.010803554,1.6381595,2.01228,1.0876498,2.0164292
388,1.0271482,2.2200737,0.026075754,0.004052394,0.05241573,0.03390121
389,0.93163335,1.7812941,0.08623887,0.007608226,0.0021830036,0.022528015
390,1.6905863,0.00013071987,1.8661393,2.1161194,1.1472522,1.7492194
391,0.9381264,2.2273424,0.041949403,0.023027906,0.0019340008,0.008337979
392,0.89887035,2.0901382,0.05559341,0.0041133002,0.011593203,0.024578629
393,1.005279,2.608374,0.023077754,0.0076265335,0.06618076,0.017879454
394,2.5625517,0.113993496,1.5773166,2.2105157,1.2494891,1.469397
395,2.2538183,0.060496777,2.216904,1.9090693,1.1231334,1.8452433
396,2.41957,0.017016727,2.016984,2.0785837,1.2947162,1.2826197
397,1.9169424,0.0438646,1.7517762,1.5078772,1.3186518,1.8442832
398,2.5844958,0.013561137,1.9325931,2.0769634,1.2322751,2.428954
399,0.7823036,1.8647566,0.0034706674,0.00010041098,0.033152297,0.2537747
400,2.1276553,0.006972618,1.3710262,1.8289243,1.318407,2.2320874
401,1.8343772,0.439529,2.3089764,1.8023448,1.2156869,1.7175355
402,1.6844773,0.05233609,2.0380645,1.3233255,1.3219599,2.057393
403,0.69120526,1.7431692,0.002684367,0.12296013,0.00030934977,0.0016343063
404,2.631385,0.03420206,1.6611412,1.9822667,1.32762,2.4423351
405,0.75707793,2.0187976,0.0077680727,0.011881431,0.09801315,0.018561803
406,0.6692763,1.6102059,0.004746475,0.03129547,0.0124882,0.009117294
407,2.0832129,0.067131326,2.0402563,1.7875217,1.4706068,1.8316505
408,0.6887435,1.9796522,0.04754435,0.017207868,0.0717902,0.065374866
409,0.6727524,1.9059519,0.024853518,0.1989129,0.06136644,0.010573087
410,2.0800323,0.036242004,1.8847737,1.536393,1.4350095,2.4003708
411,1.4051088,0.0020392472,2.0666523,1.6839948,1.089181,2.2352996
412,2.2119386,0.012679722,0.64963037,2.430846,1.4682721,2.3360062
413,0.61155117,1.8087876,7.204722e-05,0.002048526,0.010195325,0.06975431
414,1.959496,0.018941917,2.1328845,2.0708668,1.5755508,1.3632002
415,2.1438172,0.0028268138,1.9219023,2.0026605,1.5190881,1.9635979
416,2.1064954,0.003463068,1.690819,2.15117,1.5649236,1.6389624
417,0.7356271,2.247082,0.08684246,0.0062000845,0.004511865,0.0367565
418,2.101788,0.0079225,1.9138204,1.6979764,1.5959873,1.8422409
419,2.2217407,0.00064505154,1.8284775,1.7041668,1.5823644,1.8476807
420,0.66420436,2.1328244,0.021062015,0.012652238,0.022244085,0.02623022
421,1.6651485,0.0004140341,2.756247,2.209408,1.0748292,1.930672
422,1.5222058,0.0003526852,1.9249396,1.6792575,1.382847,2.0521693
423,1.5377078,0.004212275,1.6262382,2.2653933,1.2070154,2.3337896
424,0.75233513,2.6440883,0.036114804,0.040684864,0.1256585,0.023256356
425,1.875853,0.07880207,2.2105737,2.431743,1.3135523,1.8216807
426,0.6456259,2.3681104,0.027923994,0.019724134,0.034291867,0.011570384
427,2.191395,0.087205224,1.7854977,1.9658585,1.6134617,2.353754
428,0.6096209,2.2982495,0.062364053,0.0010586152,0.00033401448,0.013658164
429,0.68095994,2.3428092,0.015933434,0.00031926334,0.12689714,0.017590638
430,2.0424967,0.007849451,2.2311375,1.8443059,1.6512784,1.8229549
431,1.8249633,0.0021292248,2.2131977,2.0023355,1.6057452,1.6298639
432,0.50670797,2.0514164,0.0077366317,0.016805558,0.01400062,0.015773568
433,2.2548058,0.007682558,2.5804968,2.0074656,1.6017541,1.9519672
434,0.50012875,1.9152083,0.0076123113,0.010104728,0.015103143,0.019614672
435,2.1487203,0.015776105,1.7452241,2.4697318,1.6205751,1.7672855
436,1.9146676,0.010140867,2.1843817,1.8381078,1.6606771,1.7736478
437,1.8264109,0.014087223,2.0909073,1.7587261,1.6749836,2.02577
438,1.8341314,0.028580181,1.6349533,1.8957638,1.7704076,1.9094802
439,2.061465,0.004745678,2.17329,2.1647866,1.5611798,2.3637516
440,0.526788,1.6248318,0.006866791,0.011167496,0.010263636,0.0268321
441,2.760374,0.00019862191,2.4439821,2.1495175,1.8738346,2.0798967
442,1.8709036,0.0039200746,1.7580069,1.7633208,1.8683313,2.0337808
443,2.228706,0.011959007,1.7554092,1.5539267,1.9096078,1.882973
444,1.7227148,0.004335772,1.8057488,1.5828187,1.8108989,2.2043345
445,0.5323393,1.4413835,0.05270536,0.006729081,0.00089201104,0.0062101185
446,2.1020954,0.004593434,1.7961091,1.2946764,2.1976075,2.051363
447,2.296862,0.022194264,1.7949573,2.2998424,1.9062461,1.77805
448,1.7291547,0.047321506,1.9782716,1.8745449,1.6030742,2.766691
449,1.8125615,0.20294105,2.1281083,1.735446,2.012722,1.9800462
450,1.8588823,0.0063734073,1.8753117,2.3729644,1.7574022,2.2110305
451,1.6403983,0.012724552,1.6391498,1.8871002,1.839408,2.0175564
452,1.9822412,0.0033434236,2.1576755,2.497393,1.7896919,1.9266723
453,1.9471437,0.0028436026,1.4890854,2.4689815,1.9679598,1.519646
454,2.2503202,0.012203613,1.4480165,1.9643945,2.0427065,1.5902323
455,1.8859868,0.003167712,1.131578,2.5437243,2.0741277,2.457011
456,2.0565443,0.008868544,2.3153062,2.028211,1.9647887,2.1044414
457,0.41155282,2.185911,0.00022767815,0.08702527,0.01973678,0.024731502
458,0.66816777,2.7571642,0.008405702,0.002689363,0.0008089395,0.05912021
459,0.3914606,1.8235593,0.021451572,0.023679411,0.003930091,0.0009958748
460,2.160969,0.04761812,2.1558928,2.272674,1.9526525,2.1911335
461,2.3580117,0.0011838796,2.1796222,2.090635,2.2006814,1.6639504
462,2.6033595,0.15988745,1.8272783,2.0192454,2.2399144,1.5854295
463,0.49421176,2.3493457,0.018641414,0.0033605937,0.00024138004,0.0056541003
464,1.6474699,0.02559153,1.7591228,2.2555108,1.7998511,1.8959438
465,1.7007207,0.002664842,1.531763,2.3348653,1.7781955,2.5454922
466,2.4760792,0.011831546,1.8553545,2.4616232,2.1676307,1.9122
467,2.0252213,0.0067300587,1.7137306,2.0043063,2.1579232,2.027836
468,2.3590374,0.09006591,2.1961312,1.3252525,2.3835638,1.8496116
469,0.4803868,2.3067927,0.00924352,0.0048236586,0.103003666,0.015562203
470,2.854056,0.093440816,1.5734516,2.0499926,2.3888493,2.0471911
471,0.36772582,1.8557254,0.020032505,0.01047156,0.007766212,0.0023899407
472,1.733857,0.015351151,1.4787039,1.97672,2.1038191,2.0798233
473,2.0759814,0.03032216,1.4783418,2.0867178,2.44077,1.4893957
474,1.4246223,0.0012479813,1.7699461,1.514422,1.7181845,2.470974
475,1.5827408,0.21827105,1.7478386,2.1658614,1.7987319,2.0725536
476,1.8505056,0.05753541,2.1649718,1.7559375,2.353434,2.412166
477,2.0639327,0.021764059,1.8409729,1.7692844,2.330024,1.7700611
478,1.6490047,0.045065686,2.2519662,2.8531387,1.3349174,2.075781
479,1.4585745,0.055628087,2.1197088,2.1252654,1.7057828,1.9553572
480,1.4858701,0.0075797946,2.3733664,1.8956708,1.7244807,1.5639787
481,1.5291017,0.19123933,1.6108602,1.5026641,1.8722576,1.30538
482,1.4467132,0.023316445,1.8082204,2.0231717,1.661569,2.2826767
483,1.833253,0.04010189,2.6119964,1.8526055,2.181915,2.0921593
484,1.2986506,0.011119494,2.2836854,1.7901254,1.4896108,2.084449
485,1.3297741,0.028095605,1.9713199,1.7842846,1.6200731,1.9890122
486,1.6245991,0.0009437128,2.0785854,2.556142,2.1208854,1.8186271
487,1.9746528,0.018518997,2.13873,1.629564,2.5635874,1.8465899
488,1.5514333,0.009313642,1.9198568,2.0466025,1.9723989,2.0406034
489,1.2383544,0.013587319,1.8966808,1.5727198,1.5732354,2.7408743
490,0.320681,1.8938081,0.015505427,0.00038453928,0.060794096,0.033521485
491,1.3284193,0.040317126,1.9844797,1.6004797,1.8587512,2.223036
492,1.3111316,0.022127792,2.2569466,2.084638,1.4570063,1.9828264
493,1.4383788,0.02486529,2.4205422,1.7834529,1.9804702,1.7195532
494,1.5671854,0.0020578569,1.8979403,1.7565614,2.077789,2.0597188
495,1.5073042,0.12444499,2.2719436,2.2820446,1.7265048,2.5726948
496,1.44982,0.008595481,2.3509521,2.313599,1.8837353,1.7592105
497,1.534537,0.036721155,2.3152375,2.451921,1.9606612,1.6033349
498,0.29831448,2.1484141,0.020469623,0.0028002695,0.01953618,0.00021909676
499,1.596306,0.02385784,2.347421,2.0496907,2.1995366,2.0523536
500,1.3922576,0.0035214794,1.6315194,2.1493247,2.0405576,1.8708208
501,0.42841572,2.297132,0.0029616933,0.00030793058,0.1197461,0.011801066
502,1.4408106,0.035344686,1.8129001,2.0685542,2.1375496,1.7514937
503,1.5315773,0.002574241,3.0218394,2.6485505,1.8191782,2.3090372
504,1.3522242,0.29522425,2.247231,1.9617378,2.089068,1.6399245
505,0.28754276,2.207595,0.006764484,0.0031866275,0.011894767,0.01661304
506,1.1877937,0.0035355121,1.5417289,1.6828686,1.7527915,2.0391502
507,1.2210444,0.015207881,1.9969223,1.9172065,1.9359492,1.7550735
508,1.2108891,0.03647264,2.1675286,2.1685982,1.5660878,1.660942
509,1.2144207,0.005808022,1.841151,2.5181873,2.124308,1.8715154
510,1.1292694,0.00089960854,2.05736,1.9026873,1.7308565,2.2458322
511,0.23558104,2.1697826,0.018308416,0.0005656062,0.10281663,0.0066716317
512,0.24484947,2.1926143,0.019225122,0.0013835243,0.03849979,0.013983687
513,0.16561761,2.1111565,0.0050225696,0.042388465,0.0040307334,0.0098046865
514,1.0759851,0.009204897,2.0344036,2.3965364,1.4717579,1.9033726
515,1.1941959,0.0241725,2.6520004,2.3032494,1.7231305,2.2234974
516,1.1915382,0.0077304356,2.1951525,1.7852331,1.9319384,1.5743334
517,0.41054213,2.81641,0.030433323,0.010995636,0.01914693,0.008664379
518,1.0253521,0.008610534,1.8197752,2.6023712,1.5867004,2.3093307
519,1.0446956,0.06013917,1.9189793,1.9448328,1.5955534,1.8835217
520,1.0106192,0.041301943,1.290033,2.0822897,2.3046465,2.2766926
521,0.14897823,1.9080747,0.029152356,0.018594151,0.018631747,0.002045662
522,0.12188253,1.9372317,0.010954122,0.013244553,0.039911974,0.0024482524
523,0.28747284,1.5412463,0.032046556,0.012271005,0.028866665,0.05280701
524,1.034448,0.002449157,1.8808004,1.8690563,2.010454,1.8753489
525,0.15861082,1.7091706,9.226957e-05,0.010181468,0.011952214,0.011945191
526,0.04143215,2.2090266,0.06779151,0.021382203,0.028667716,0.011751233
527,0.10388982,2.0370374,0.037190534,0.13470604,0.07560393,0.0037986145
528,0.036280096,2.0703292,0.10431512,0.030171521,0.035228655,0.0142978765
529,0.055128504,2.271079,0.0177028,0.019038484,0.063981414,0.0002295602
530,0.0039680735,2.2127466,0.00621584,0.0009809365,0.029845921,0.015261132
531,0.038632896,1.8911853,0.081013896,0.0020096414,0.02876615,0.01943555
532,0.077579044,2.351757,0.002682445,0.022273181,0.040334232,0.0020748095
533,0.13438776,2.221711,0.10138947,0.09807587,0.082495205,0.012905113
534,0.07068751,1.9437938,0.034918163,0.0642386,0.035921976,0.029530654
535,0.031329837,2.07993,0.12395217,0.0034453634,0.067425966,0.006460581
536,0.15315063,1.6300892,0.01818016,0.019168366,0.0010945486,0.015361192
537,1.0444512,0.016188635,2.4038675,2.6428154,1.7534083,1.6819922
538,0.119647644,1.738518,0.10190425,0.0013036826,0.0066517508,0.0043720184
539,0.015444847,1.9610724,0.20827371,0.0061820117,0.038467694,0.021553
540,0.032849792,2.076577,0.036843568,0.011632853,0.14761138,0.0056522796
541,0.007172821,2.9926226,0.043518618,0.0039478536,0.022694511,0.0021492704
542,0.1224796,1.8590748,0.0007205357,0.04797307,0.099828444,0.095242836
543,0.006795457,2.2825785,0.0036985732,5.3031177e-05,0.08568451,0.017233929
544,0.9839385,0.37608394,2.0738542,1.8115655,1.5829269,1.2307497
545,0.10630829,2.3812468,0.026507437,0.00034551907,0.15015568,0.013859686
546,0.008633861,2.1230366,0.19290696,0.010451881,0.0816119,0.020034153
547,0.06282254,2.2525418,0.012255335,0.0006698446,0.18534169,0.023384824
548,0.8950233,0.008283939,1.5182599,2.0411587,1.7001218,1.3264958
549,0.15020365,2.3293183,0.16786636,0.076710515,0.20807637,0.00044539614
550,0.02262332,2.6568737,0.08546246,0.016908018,0.017129453,0.011793564
551,0.048191126,2.1860561,0.010484753,0.0032961157,0.20789015,0.004745563
552,0.0071858508,1.86035,0.038624708,0.0048618834,0.12381121,0.082322866
553,0.00013640382,1.7415062,0.017010046,3.5252644e-05,0.05223518,0.019207591
554,0.09567539,1.7345886,0.04451085,0.011523409,0.14695634,0.01743332
555,0.053648315,1.6295596,0.00344888,0.0034787932,0.015296956,0.003565487
556,0.123530276,1.4915717,0.008160551,0.013315318,0.008595654,0.059126448
557,0.0036929385,1.6352204,0.015002543,0.00055237155,0.02770639,0.0031261384
558,0.9217482,0.17737235,1.9746344,2.043442,2.3863487,1.8573717
559,0.7715829,0.11333083,2.4701858,1.9140183,1.7620277,2.0949013
560,0.02000838,2.6470113,0.005269679,0.034141142,0.09546151,0.026054733
561,0.15323393,1.791001,9.856101e-05,0.017638437,0.1989725,0.02710006
562,0.013842591,2.4960983,0.0397102,0.015322646,0.123738915,0.012706058
563,0.02495903,1.8005136,0.30361518,0.2695952,0.08629034,0.0017648104
564,0.03851797,1.5456059,0.0012214255,0.017438205,0.10538798,0.015136226
565,0.010637872,1.712906,0.02575686,0.027581431,0.12898259,0.010680157
566,0.076808445,2.3712997,0.006355867,0.019830262,0.32687324,0.016627222
567,0.81747866,0.06678551,1.9865419,1.7435441,1.8501762,2.438897
568,0.025491353,1.7898599,0.051697202,0.0010841963,0.20268026,0.033091843
569,0.03615793,1.7979101,0.0071245534,0.014280828,0.2364988,0.0034732579
570,0.31448263,1.2581828,0.19238487,0.0472228,0.50945985,0.0017025529
571,0.031374276,1.9683249,0.0600531,0.00827201,0.29499045,0.007827666
572,0.022252547,2.2402663,0.02321194,0.018846452,0.3458245,0.008420812
573,0.08684915,1.6251128,0.01711979,0.053036015,0.22316182,0.0045539867
574,0.0026409691,1.5002153,0.050938245,0.033660647,0.26789626,0.0030879874
575,0.022245288,1.5062956,0.0028473695,0.11261829,0.23584284,0.0178709
576,0.027307706,1.529818,0.007812718,0.010405381,0.38969466,3.758714e-05
577,0.7116811,0.062616006,1.8786305,2.6830132,1.5716617,2.4026635
578,0.0026577148,2.2852569,0.041429993,0.0052001853,0.46958226,0.06401049
579,0.0049022343,1.6732142,0.09572441,0.0065764673,0.33707806,0.0196751
580,0.5641417,0.047648795,2.2367353,2.5866752,1.2536191,2.0934289
581,0.11490236,1.9839627,0.065149575,0.012866216,0.38406238,0.007168161
582,0.616714,0.027955867,1.9887338,1.8584423,1.8545315,1.6153369
583,0.56281716,0.21459338,2.3271883,2.3260384,1.5806842,1.7622278
584,0.17684455,1.7036101,0.042382974,0.0033730145,0.421311,0.050513353
585,0.7436803,0.04376071,1.6440145,1.6192423,2.4405549,2.2939584
586,0.55555075,0.0056738793,2.3762774,1.7260766,1.6348352,1.5875208
587,0.017837448,1.9631107,0.37607548,0.05107317,0.42631993,0.030787105
588,0.41877905,2.7067604,0.013639644,0.014226066,0.7060762,0.0002595937
589,0.00833626,1.5404174,0.012514601,0.049384885,0.43546298,0.07938322
590,0.45864508,0.04513946,1.8605149,2.2235842,1.7546738,1.9092603
591,0.002211838,1.9184927,0.0022526945,0.98335636,0.3813546,0.0066531547
592,0.07226544,1.8437768,0.010600679,0.0006125082,0.4551177,0.00270526
593,0.0079417275,2.109807,0.14973602,0.063386865,0.47735342,0.012799499
594,0.55732995,0.016932443,2.083474,1.7477242,2.0148933,1.9496047
595,0.0020285945,2.5229475,0.035166338,0.009430246,0.5612209,0.0033875005
596,0.5876669,0.14186123,2.1634846,1.6064562,2.4448586,1.6068723
597,0.022512605,1.7934611,0.13405715,0.0030204726,0.51394284,0.007888896
598,0.15973124,0.036431633,2.1587079,2.0482998,1.6269909,1.8963517
599,0.44423696,0.020235313,1.6206194,1.4082179,1.865044,2.7795155
600,0.44124395,0.023112273,2.0555365,1.9492269,1.7795476,2.222984
601,0.016307222,2.3803685,0.0040280367,0.0126796225,0.6263248,0.00093674305
602,0.4589651,0.0139820445,2.497992,2.0664432,1.8054138,1.8029399
603,0.001013768,1.8570439,0.007302638,0.0315887,0.55441004,0.000605284
604,0.047241922,1.9580667,0.11542008,0.020256972,0.56310475,0.0033453037
605,0.14094055,2.0018084,0.011123594,0.022245875,0.53684026,0.0006974992
606,0.1405496,0.035657864,1.9034487,2.0336728,1.9612856,1.7393258
607,0.1738007,0.08176765,2.0794384,1.657988,1.3053595,2.3136494
608,0.3428503,0.003223794,2.547323,1.6365637,1.8154374,1.7133396
609,0.02656731,0.009806005,2.0487592,2.1887815,1.7423476,1.892206
610,0.2274157,0.0045865774,2.193269,1.9041651,1.9233471,1.8714176
611,0.15406041,0.07708321,2.112861,1.9666799,1.9201993,2.1342857
612,0.27719533,0.2736342,1.954605,1.7620138,1.5353103,2.4291432
613,0.4410784,0.05182989,1.7278235,1.6144717,1.8987687,1.8659109
614,0.04761026,0.08076803,2.1224706,1.855213,1.946225,1.7252132
615,0.11404676,0.022482885,2.4414854,1.7513368,1.3787383,2.1592033
616,0.049750708,1.7273617,0.00789686,0.0026252358,0.6714374,0.02515894
617,0.5124029,0.11877261,1.434521,1.3244499,1.9373658,2.1936111
618,0.15822496,0.011018687,1.6861585,1.6429704,1.8265777,1.9199331
619,0.09500861,0.026805667,2.2689943,1.9734992,1.7906022,2.1562645
620,0.08450074,0.23029622,2.0079932,1.7016697,2.00011,2.0958974
621,0.03114882,0.11685336,1.7681671,2.0784914,2.3934216,2.3862302
622,0.35184243,0.031981207,2.0075712,1.5235608,1.902369,2.1412733
623,0.37699082,0.2842631,2.205839,2.0666232,1.983615,2.0959387
624,0.0104426425,0.3133569,1.8995761,1.7608926,2.2342508,1.8345077
625,0.27206925,0.15953903,2.1758878,1.283629,2.102078,2.182366
626,0.13413477,0.017791653,1.988028,2.0972946,2.2627573,1.7632142
627,0.30161563,0.021394644,1.875747,1.8783762,2.612565,1.4401358
628,0.032109242,0.028399589,2.0824337,1.9252411,2.3522997,2.5157456
629,0.02464196,0.12247061,1.6946139,1.9338366,2.3266404,1.8397688
630,0.2434873,0.31468186,1.871338,1.9121442,2.2198887,1.828547
631,0.025718087,0.053920228,1.7647089,2.3070412,1.9359881,1.9901998
632,0.17193356,0.3236014,2.241108,1.9695503,1.8121006,1.785432
633,0.01643335,0.01373939,1.9746146,2.1627433,2.3023944,1.7595038
634,0.060369816,0.34265292,1.8171028,2.3457892,1.9393257,2.3325236
635,0.0032786184,0.043649457,1.8914193,2.1551087,1.6456584,2.276984
636,0.03357532,0.32108778,1.9201783,1.9878262,2.1779323,1.922534
637,0.20220226,0.08244665,1.3397597,2.1463776,1.8862647,1.4717131
638,0.1223239,0.04187492,2.4588997,1.9179528,2.2356946,1.7584572
639,0.43943238,0.123788215,2.451673,2.292576,2.3791113,1.7926896
640,0.0137251485,1.9421844,0.04529218,0.0021339953,0.62741,0.005726477
641,0.016621735,0.09516319,1.9149965,1.3813452,1.6217036,1.689212
642,0.066470414,0.13316263,1.5846711,1.7060164,1.9712821,1.7980843
643,0.13837598,0.2173763,1.9580892,1.5111051,1.504965,2.2476933
644,0.015001659,0.032422174,1.3348653,1.778805,1.9709272,1.9456555
645,0.10525289,0.28396735,1.6474273,2.0442872,1.5416716,1.9898388
646,0.17138219,0.118991755,2.1835809,2.4390314,1.6019934,2.3387
647,0.044716973,0.08782627,2.3874884,2.438848,2.2892537,1.7020742
648,0.16067207,0.0042761895,2.2909684,2.2232568,2.3621182,1.8255566
649,0.47182298,0.2930677,2.4439132,2.220507,1.9323807,1.3771782
650,0.043774843,0.14090382,2.1440892,2.1599863,2.067938,1.5999441
651,0.02361931,0.34775114,2.1138473,2.0869312,1.8777415,1.715557
652,0.07960992,0.05157258,2.6185775,2.1073823,2.2632248,2.2745817
653,0.35911402,0.030992936,2.1460812,2.6316235,2.1042304,2.4522333
654,0.26536477,0.33897388,1.5390391,2.4083698,2.0627556,1.9066676
655,0.24230717,0.007355685,1.7992197,1.1992787,1.4004025,2.4356782
656,0.03507316,0.04182025,1.8950644,2.6775687,1.7572488,1.7636212
657,0.0038791343,0.08076844,2.126537,1.9016012,1.9638774,2.6253355
658,0.020041179,0.16516483,2.8340113,2.09448,2.07636,2.1167927
659,0.029896852,0.011618174,2.7442236,2.3955271,2.1169708,2.1517472
660,0.0526299,0.5130192,1.8522562,1.0714679,1.8459752,1.7199013
661,0.46707126,0.11054963,1.8670449,2.0957458,2.1845257,1.2402883
662,0.22470807,0.6303418,1.6144152,2.6328392,1.7956861,1.8910044
663,0.023111332,0.024195459,2.8260176,2.6983252,1.6364169,2.3491743
664,0.05538449,1.7624935,0.016390113,0.033160307,0.7296943,0.016885165
665,0.020500083,0.3452457,1.8947402,1.9776036,1.9809431,1.5801401
666,0.020661771,0.39340258,1.8480227,2.218447,2.1996245,1.6709443
667,0.05254641,2.0858562,0.005391834,0.0055803447,0.7536411,0.0039067552
668,0.11002802,0.62454444,2.7051432,1.9189806,1.8727133,1.557425
669,0.057499852,0.54537606,2.2036567,2.2292497,2.1460037,1.6143079
670,0.04026129,0.54046303,2.1084626,1.6333779,1.7979866,1.4405779
671,0.17503564,0.7708792,2.8637362,2.3479033,1.9915358,1.6629283
672,0.030448958,1.7946701,0.011335012,0.0038814968,0.8479065,0.010963808
673,0.059357524,1.878742,0.1572219,0.0015273691,0.85396415,0.0019889306
674,0.029712122,0.5438957,2.0263422,1.8934413,2.4297597,1.234649
675,0.0266737,0.66383386,1.8037728,2.4217684,1.9689726,1.4248719
676,0.0024242653,0.67598736,1.8635929,2.4361687,1.5070013,1.3180751
677,0.009289165,2.2959175,0.005284796,0.09929346,0.9342497,0.0013538686
678,0.023227474,0.6851979,2.087356,1.8813456,1.9711791,1.2393317
679,0.11832501,0.6570102,1.7031358,2.1831448,2.0707958,1.2981004
680,0.076508656,2.1965873,0.0013305352,0.026020594,1.03847,0.011954975
681,0.08852476,1.0602072,1.8316706,2.5031934,1.6054726,1.4773953
682,0.023751384,0.81409633,2.1397722,1.9372905,2.2032049,1.093687
683,0.011784389,2.0375624,0.013980489,0.0034062928,1.0844156,0.054874472
684,0.08065404,1.0104018,2.291112,1.579301,1.8929045,1.1585261
685,0.016309261,0.6668906,1.8217016,2.579007,2.0341527,0.89177185
686,0.04729232,0.8436017,2.4733496,2.1430657,1.9885513,1.035501
687,0.17256838,0.79659057,1.9796699,1.9354625,1.5753328,0.9477623
688,0.02216014,0.74315584,2.592512,2.8131588,1.7036644,1.0811764
689,0.07079891,0.6146817,1.4183339,1.1290363,2.3555667,0.6998227
690,0.78054446,0.82594126,2.0888073,2.6108618,2.3690345,0.7754254
691,0.00026908136,2.27318,0.078404695,0.04960971,1.1716772,0.017416608
692,0.011594758,2.0181627,0.009225195,0.20578569,1.0886374,0.020174025
693,0.011074639,2.725071,0.0059455615,0.009151808,1.1602597,0.002890213
694,0.050943743,1.9544402,0.0008221054,0.0008308741,1.1991823,0.04021104
695,0.0008287194,2.046704,0.007907624,0.02436709,1.2353238,0.0009940163
696,0.016899452,1.8895736,0.0046726353,0.0023710658,1.1805068,0.007279403
697,0.033112064,1.239241,2.34852,1.6866782,1.7002014,1.1115891
698,0.045934457,0.8293892,1.699791,1.9917684,2.3295121,0.86886317
699,0.06701134,2.0568054,0.29902762,0.029595062,1.4024745,0.020962192
700,0.0023596124,0.99634075,2.0979748,1.8868495,2.016976,1.0028464
701,0.114852905,2.0278008,0.10582755,0.006883499,1.2981678,0.00694995
702,0.015793934,1.0096755,2.06594,2.6106062,2.4083815,0.78745097
703,0.00429788,1.8985939,0.019003164,0.011384717,1.2813965,0.0006958298
704,0.019522946,1.0626324,2.293785,1.8150004,2.0073752,0.85270685
705,0.059028223,0.9394366,1.9015421,2.2102478,2.0094886,0.90072566
706,0.052851044,1.0561591,2.342674,2.4214418,1.4967916,0.72057587
707,0.06846328,1.0361444,1.6046296,2.292805,2.4457839,0.9170069
708,0.023599796,1.0790751,1.9326518,2.418967,1.6842302,0.76558053
709,0.016489007,2.0177796,0.017850483,0.022975864,1.5153749,0.015845127
710,0.04791054,1.941986,0.1476177,0.0033569764,1.424428,0.08104467
711,0.0035050807,2.1864102,0.009057515,0.020159887,1.5223196,0.004727306
712,0.13795267,1.2629586,1.5560809,2.3283677,1.7853298,0.9276889
713,0.05858027,1.9650012,0.0037970413,0.03479104,1.5314704,1.3122996e-05
714,0.003541336,1.9996399,0.0065677916,0.011921121,1.6265175,0.00835188
715,0.0019337473,1.9577543,0.0003925794,0.009397562,1.6299824,0.01793017
716,0.00819953,1.2975754,2.3141077,2.0138779,2.1552665,0.7686398
717,0.021435587,1.0714542,2.5486722,2.213316,1.7136054,0.49689624
718,0.012619033,2.437038,0.0042271265,0.18621927,1.2639,0.028111158
719,0.02285182,1.3614978,2.0000937,2.5689576,1.6304572,0.7161875
720,0.14114223,1.6398807,2.2703712,2.2077243,1.9172069,1.0134963
721,0.017538348,1.9475889,0.0005890571,0.14018503,1.4359083,0.017556723
722,0.029994488,1.5197561,0.0064901696,0.25771672,1.1706154,0.007900258
723,0.60780174,2.206039,0.0009318487,0.40721935,1.4696208,0.019296665
724,0.119889714,2.0255244,0.0037288798,0.002722935,1.6712716,0.0329753
725,0.08375837,1.7984533,0.061377436,0.0562781,1.3540152,0.076763615
726,0.0063949586,2.2943408,0.0004875868,0.028306069,1.5028762,0.019671073
727,0.0063650585,2.2409523,0.014788584,0.08398085,1.571565,0.0023424574
728,0.050852697,0.9032701,1.2027463,1.5037818,1.8217648,0.7828839
729,0.35838223,1.3326497,1.8166221,1.74509,2.5159585,1.0513804
730,0.00660215,1.9489218,0.014024048,0.07570688,1.6395253,0.044676125
731,0.04326409,1.3849722,2.4066265,2.6031694,1.8573107,0.80757415
732,0.00019501025,1.6284065,0.04545131,0.020531135,1.3172269,0.010139744
733,0.009901207,2.2438776,0.09260454,0.06575015,1.6228857,0.022885235
734,0.12546237,1.1153386,2.1984365,2.2505062,1.838621,0.31224245
735,0.011659745,1.6378812,0.03377625,0.0042443024,1.3605232,0.0017890007
736,0.09790506,1.2302945,1.9804701,2.0521452,2.3242564,0.38271096
737,0.04343088,2.2110171,0.0053527984,0.114569485,1.667796,0.0033820944
738,0.0067608804,2.0887702,0.15512562,0.18984173,1.718042,0.01778442
739,0.013003722,2.7420928,0.030613212,0.3190267,1.4099174,0.03982802
740,0.020147603,1.4633607,1.8144757,1.5058981,1.6147522,0.6272355
741,0.0040696245,2.2039456,0.017622778,0.1908191,1.6688638,0.005908954
742,0.07797668,1.4272497,2.5632331,2.277106,1.9759188,0.7066761
743,0.01845939,1.7550876,1.8699187,1.6614969,1.8055124,0.82793945
744,0.04130937,1.4963478,2.0858588,1.8841897,1.7395388,0.38982996
745,0.027296865,1.6516836,0.008931726,0.006504945,1.4366373,0.07808748
746,0.025612092,2.0401175,0.026505325,0.026944999,1.7802185,0.011908051
747,0.0026707188,2.1330004,0.0066081756,0.19316466,1.7757707,0.0033970587
748,0.119577095,1.1933235,1.8333156,1.8656532,2.2700238,0.20249997
749,0.004745403,1.6318822,0.009472882,0.042590976,1.4484754,0.0032036395
750,0.05467327,1.9633199,0.027275119,0.00084194395,1.8273116,0.006518842
751,0.0015791629,1.7312789,0.0054627988,0.026058335,1.6262469,0.027785089
752,0.04448729,1.424651,2.0222769,2.058451,1.8764317,0.18633391
753,0.052466284,2.3643296,0.19009799,0.008007692,1.6744527,0.08076293
754,0.010465213,1.4357305,2.1712506,2.1400898,2.1886575,0.35787562
755,0.019515626,1.6511852,1.9055461,2.0019555,1.3968637,0.30119908
756,0.04517326,1.6367002,1.8431213,1.8346853,2.1781678,0.39394403
757,0.020525811,1.6302679,0.044872593,0.007932011,1.5849917,0.009077277
758,0.0055120387,2.2488801,0.007273818,0.0028489383,1.8186177,0.008853094
759,0.09317374,1.2454306,1.4067245,1.8498532,2.5490074,0.57160103
760,0.012708965,2.4710205,0.01786478,0.036203764,1.5624163,0.025203431
761,0.0071822973,1.5815562,2.0502641,2.2237558,1.9972625,0.35354954
762,0.03269257,1.8373692,1.676194,1.7451125,2.4230855,0.63231564
763,0.0056019896,1.4853367,0.016546812,0.007111473,1.4964476,0.042790323
764,0.0029524334,1.9054025,1.747351,1.86186,1.657228,0.53632617
765,0.018223574,1.8280966,0.0064939647,0.18891954,1.7504333,0.024179844
766,0.11601633,1.9993368,1.669966,1.7733092,1.6095963,0.4856329
767,0.040781345,1.7118467,1.5877923,2.065085,1.9385862,0.317855
768,0.0010915824,2.170593,0.0015962712,0.30335414,1.7693702,0.0073497514
769,0.028229905,1.501609,2.0719888,2.3847947,1.5745084,0.18418609
770,0.06611758,1.6241672,1.9903508,1.818911,1.8492619,0.2992405
771,0.075546436,1.5448668,1.9401667,1.6703625,2.000373,0.35263327
772,0.002661246,1.597784,1.6411626,1.9144762,2.536046,0.047001604
773,0.70721287,1.6939998,1.8179358,1.7002374,2.2636113,0.254848
774,0.07992137,1.328769,1.4977938,2.1865118,1.997637,0.007571287
775,0.33463335,2.418463,0.10511146,0.012696216,1.7056359,0.023938948
776,0.010764729,1.4184829,2.3875368,2.6444578,2.3990214,0.26324472
777,0.012311947,1.7997773,1.4975014,1.8948351,1.9132158,0.20889781
778,0.016613966,2.2641537,0.0026580037,0.013075587,1.9267853,0.00013253832
779,0.00053824804,1.7513616,0.1123058,0.44424686,1.4950562,0.009460758
780,0.053941578,1.7437986,2.088415,1.9313756,1.6046168,0.297873
781,0.002267703,1.6483037,2.2584944,2.1015556,1.6415474,0.022532476
782,0.016635565,1.7100472,0.004040056,0.05160975,1.8474774,0.009707899
783,0.020766674,1.9629471,1.7939874,1.6259922,2.0164502,0.0015951664
784,0.009242175,1.8179485,2.1712458,1.7689459,1.7158753,0.011960634
785,0.22712962,1.6743803,0.06792881,0.008347302,1.8641514,0.00066290936
786,0.0109355645,1.9308592,0.043643825,0.22551736,1.9735765,0.017635563
787,0.13909271,1.7661676,2.1153264,1.576255,1.6697598,0.2809404
788,0.025215557,1.6417638,0.033604115,0.006699112,1.8543575,0.02040395
789,0.0043363627,1.8833363,1.4239519,2.0097234,2.0356948,0.19284497
790,0.106725805,1.8908834,0.03667151,0.41959813,1.7589858,0.0086796135
791,0.0065761986,1.8434981,1.5178156,1.9696757,1.8920002,0.045287926
792,0.031520966,1.9765116,1.7952862,1.6626389,1.7438916,0.114689216
793,0.2668859,2.0647242,0.04563663,0.15035367,1.9532102,0.0058629317
794,0.008623163,1.5890379,0.014689283,0.10190243,1.7585367,0.0022026272
795,0.0146390265,1.7219834,1.651687,2.3041499,2.3431525,0.11239353
796,0.00262625,1.8950968,1.744007,1.7443364,2.6217134,0.021795893
797,0.0051609427,2.2746444,0.029654564,0.35150242,1.8106674,0.0023890543
798,0.12461831,1.6755075,1.4987673,2.0066395,1.4672319,0.004287543
799,0.10323873,2.17477,0.0014341089,0.30557758,1.8980792,0.03164491
800,0.010605719,1.8772396,0.06286894,0.21883307,1.9710826,0.016898597
801,0.0015320923,1.5402918,0.009285373,0.11051105,1.7775748,0.0009024198
802,0.15138763,1.7483891,0.009600551,0.023956368,1.9808224,0.0152854845
803,0.014237161,1.95933,1.6924489,1.4367546,1.9839352,0.2544258
804,0.021495603,1.9162151,1.7033645,1.5544798,2.0273638,0.015207677
805,0.29806277,1.836835,1.6584617,2.2798798,2.2848666,0.035209216
806,0.01092385,2.2177024,0.035373855,0.0006327162,2.0087051,0.012105044
807,0.59950894,2.0612059,2.0221121,1.5515188,1.8199445,0.08038886
808,0.014199966,2.0007966,1.6132675,2.1352663,1.8844513,0.09578908
809,0.021701545,1.9853009,1.6786125,1.9512612,2.0452433,0.008221164
810,0.0013672719,1.5998784,0.06892126,0.6116614,1.2715222,0.1617514
811,0.017863762,1.8469473,2.154496,1.5137177,2.052474,0.18942523
812,0.051537786,1.7876705,0.025628556,0.11254343,2.0011086,0.0032279086
813,0.1813733,1.6977961,1.8727196,2.4608595,1.811149,0.0018250805
814,0.0030491806,2.4736423,0.0042879554,0.14282759,1.9146807,0.0006175898
815,0.033340007,2.2877982,1.8837241,1.737318,1.9545773,0.4443572
816,0.00019742714,2.4749222,0.0023045673,0.25727528,1.8688036,0.0041292785
817,0.0062995544,2.0920725,1.6274763,2.0334003,1.7041868,0.03360271
818,0.019568283,1.8082865,2.5594559,1.7441641,2.190739,0.051210396
819,0.20078021,1.7640816,2.6545837,1.9543868,1.8507805,0.13637714
820,0.030028706,1.9033848,1.723136,2.3281295,1.5663307,0.0013595225
821,0.08560692,2.077417,1.8673943,1.8492209,2.1389418,0.013392754
822,0.09873173,1.8265918,1.5222659,1.5098488,1.6993465,0.053609055
823,0.027417956,2.0537436,1.4291948,1.7376502,2.1109807,0.016209366
824,0.014672599,2.1463153,1.3936082,2.0820563,1.9233454,0.07907935
825,0.0067288303,1.6994256,0.08258905,0.5297723,1.4854285,0.011576302
826,0.012895921,2.2936392,1.8480372,1.9247644,1.6096771,0.0008212991
827,0.002094138,1.3860798,0.020130467,0.0041098115,2.1417584,0.06969963
828,0.0050149513,2.2042494,1.7518021,2.2927046,1.9183213,0.006980975
829,0.00013262061,1.7647119,1.163031,1.7374408,2.0822046,0.002428114
830,0.006675666,2.160847,1.3750185,1.5853705,2.0121174,0.0002305817
831,0.045803096,2.0583212,2.184878,1.8945376,2.1265247,0.045602225
832,0.01302644,1.8207062,0.034536365,0.41178778,2.0030031,0.051175214
833,0.024828076,2.510536,0.0018137418,0.030596495,2.1347027,0.010640346
834,0.049342398,2.4126503,1.5966921,1.9595431,1.9156942,0.040324066
835,0.017870009,1.6447675,1.3116436,2.327816,1.9585768,0.037433002
836,0.0028296583,2.5105808,1.8647691,2.021877,2.1222448,0.14982133
837,0.15351957,2.0833023,1.904516,2.3407147,1.8600352,0.015105187
838,0.014634408,1.8941951,1.9767029,2.577958,2.3859382,0.017452013
839,0.006160948,2.31295,0.03841199,0.03294489,2.2055795,0.020009594
840,0.07147617,1.9275562,0.14349802,0.11794917,2.1804056,0.0004369597
841,0.00088706653,2.6057825,0.11827484,0.00088749017,2.2462046,0.027698183
842,0.05436356,2.2550454,1.903043,1.8971881,2.3667028,0.14905582
843,0.028095588,2.0135174,3.0059192,2.0907173,2.4073515,0.19031708
844,0.0050656525,1.8593904,2.269339,2.7817926,2.19143,0.05520687
845,0.05251985,2.0645154,7.435685e-05,0.685677,1.9319332,0.07530523
846,0.052160535,1.7620287,0.0022119759,0.03297393,2.213997,0.05011208
847,0.020554151,1.8161914,1.1138808,1.9282641,2.0553434,0.0064195353
848,0.03241096,1.7016133,1.1537249,1.4733319,1.9006557,0.014659886
849,0.0144978305,1.9671422,1.1183827,1.8666683,2.0425673,0.013234356
850,0.011839204,1.8443358,1.2177888,2.330787,2.2163033,0.007349803
851,0.004213942,2.3548996,0.043478545,0.54805756,1.9498119,0.013694575
852,0.009387307,1.7457561,0.054968532,0.18050274,2.286973,0.004956999
853,0.014337631,2.4626555,1.7082019,2.4597976,1.9767172,0.0015419372
854,0.19983849,1.7497303,0.025523046,1.2665132,1.171512,0.011813913
855,0.06094789,2.4852312,1.537403,1.9112647,1.4395936,0.051025506
856,0.022520946,2.307013,2.298888,1.8631331,2.1743703,0.025536083
857,0.0708765,1.8112717,1.2260624,2.3222754,1.7180786,0.0055648643
858,0.0405202,1.7591864,0.9736503,1.7608732,2.0785444,0.064519495
859,0.00015169929,2.2814476,0.38928795,0.66739607,2.0117226,0.0010788494
860,0.07008638,2.1952634,0.00421134,0.7772374,1.8590021,0.02120337
861,0.038043257,2.3670473,0.020355994,0.0028756112,2.3681722,0.0040829545
862,0.0596556,2.1144722,1.2368203,2.2456706,1.8226088,0.0074863494
863,0.01807949,2.2440026,1.34585,2.4264252,2.0866106,0.005930237
864,0.009273858,1.7439356,0.10559331,0.4807378,2.0945683,0.014834006
865,0.046403125,2.2628803,1.7143723,2.7180557,1.8799033,0.028580766
866,0.0047592497,2.210571,0.13539489,0.5528433,2.0785947,0.013533609
867,0.02870001,1.828582,1.1420053,2.2800841,2.2934084,0.03117885
868,0.025019329,2.202153,2.546795,2.559459,1.7547041,0.19753881
869,0.021060541,1.7433717,0.062677994,0.6956248,1.743883,0.0035269812
870,0.0008989279,1.841331,0.08005913,0.7416877,1.7004137,0.009159459
871,0.0018322575,2.180703,1.133818,1.8512414,2.2225845,0.016920127
872,0.047653656,1.7505322,0.0068603144,0.23670259,2.4580536,0.00024275712
873,0.011348687,1.874126,1.3173751,2.671991,1.7347208,0.002142785
874,0.005073071,2.2215385,0.029111179,0.8156079,1.6041552,0.0032356896
875,0.004379672,2.7663245,2.1584973,2.3055835,2.7405887,0.018377285
876,0.0010961869,1.7894169,0.006138993,0.7988524,1.6497823,0.0030662057
877,0.024850981,2.17168,1.0763215,2.227551,2.3282409,0.003166693
878,0.024734613,1.8508662,1.0856224,1.9031702,1.573457,0.08820176
879,0.012856719,1.4272615,0.64018726,0.89652663,1.9614506,0.0014986421
880,0.008327687,2.0753288,0.051042125,0.8442387,2.0319078,0.055688675
881,0.011783122,2.0956302,1.0494817,1.4263589,1.9707415,0.002650466
882,0.012435338,1.7636714,0.5381849,1.8208209,2.0381587,0.035044454
883,0.056883816,1.7583511,0.73809963,1.7729013,1.9197955,0.018116204
884,0.0047409064,2.0758207,0.31937543,1.6014102,2.0901136,0.039138656
885,0.006507027,1.9094576,0.005132137,1.1177039,1.6807357,0.010054868
886,0.011531168,2.257181,1.1434592,1.5244015,1.7283204,0.022744624
887,0.006183983,1.4936521,1.0206856,2.1368465,1.5360003,0.06448443
888,0.01594898,1.8920376,0.06359609,1.3609447,1.948416,0.007047249
889,0.14467339,2.0729887,0.053321622,0.9106153,2.1276677,0.006778276
890,0.0066862074,1.723955,0.07974906,0.9374007,1.9079309,0.030168958
891,4.264954e-05,1.7886665,0.47872213,1.8469018,2.123968,0.057330806
892,0.014352114,1.836724,0.00061444094,1.2799231,1.6370156,0.0057085715
893,0.008577295,2.2172892,0.06690919,0.8570681,2.0197444,0.068131484
894,0.011976851,1.9872096,0.003920175,1.6476109,1.8102312,0.0074795224
895,0.009753759,1.7453192,0.47198027,1.6900544,2.0677686,0.012682207
896,0.013826056,1.839584,0.027815036,0.95081484,2.0220985,0.020776493
897,0.017259942,2.1573157,0.82793045,1.6357579,1.9719058,0.029087424
898,0.026268795,2.0376723,1.014245,2.1361086,2.0127141,0.0042433734
899,0.054478582,2.0795496,0.88637793,1.9809837,2.3735507,0.0028829204
900,0.016572567,2.0374138,0.18733166,1.8490789,2.04577,0.028783314
901,0.003606926,2.0210702,0.98539144,2.1084614,1.7986454,0.00073741376
902,0.06629548,1.8963126,0.14318997,1.2655308,1.9513527,0.013679814
903,0.052152853,2.064767,0.03743759,1.6087924,1.7061934,0.06401272
904,0.01725269,1.9297816,0.06356775,1.6911396,2.3006756,0.033116765
905,0.00069752865,2.176207,0.024527805,1.7810252,1.9104041,0.0793051
906,0.052942175,1.7081636,0.3630367,1.6799865,2.2127485,0.007195365
907,0.053593073,1.9615458,0.7631959,1.962976,2.3436918,0.006854657
908,0.06870729,1.7594904,0.05728371,1.5284148,1.7827502,0.08659889
909,0.07679533,1.8742483,0.0022441614,1.6590579,1.6781356,0.014034917
910,0.00345032,1.691439,0.09645965,1.6170135,1.8103102,0.0030538568
911,0.021990007,2.5593784,1.0348792,1.6373543,1.5659,0.091197915
912,0.032587297,1.9856342,0.7537907,1.9271353,1.901546,0.090164006
913,8.412523e-05,1.7065312,0.034278415,1.9695607,1.9402969,0.013346974
914,0.039266534,1.597727,0.20186578,1.6413057,2.1703897,0.0013643763
915,0.00070402335,2.1423414,0.0007356821,1.9028839,2.0630784,0.002231149
916,0.022684518,1.715393,0.74500257,2.1929412,2.1651015,0.013453831
917,0.029164001,1.6671748,1.0820316,2.541513,1.6037971,0.040143933
918,0.006867391,1.6835945,0.004921054,1.5194821,2.2945745,0.0003784996
919,0.09278928,1.6021396,0.0009591311,1.3606944,1.9792342,0.034535963
920,0.039096642,1.907501,0.032176707,2.0225685,1.8360662,0.0053824163
921,0.07672651,2.689195,1.0675732,1.0559688,1.5114707,0.006217017
922,0.027459033,1.8846802,0.081172734,1.0902454,1.9933102,0.0023466044
923,0.008236466,1.8636976,0.020716485,1.9678526,1.736932,0.02086598
924,0.008450185,2.8787127,0.12999432,0.34914777,2.452074,0.006520197
925,0.12967719,2.1715047,0.10860008,2.1066883,1.673509,0.49842638
926,0.07712184,2.1597989,0.013995682,1.1678553,2.217384,0.00077777804
927,0.019971222,1.497866,0.006820495,1.5068976,2.3979762,0.00079147954
928,0.029378382,2.1652708,0.011727652,1.90905,1.6911896,0.0025571636
929,0.00088034064,1.7619445,0.28062105,1.8558897,2.3304825,0.017775169
930,0.0021995914,2.242734,0.16014135,1.8166294,2.1213982,0.0010735459
931,0.0066558435,2.1878655,0.18082473,1.6232314,1.5935377,0.056674194
932,0.008789249,2.0499282,0.0036651094,1.7559904,1.4929079,6.3274994e-05
933,0.025209017,1.5291922,0.014665684,1.8720493,1.7566508,0.017315632
934,0.024346236,1.6912917,0.79897535,2.3146632,1.9199612,0.00069497974
935,0.023586245,1.7617388,0.92672795,2.9310942,2.099065,0.009336366
936,0.00047218107,2.333336,0.019260608,1.4861612,2.030646,0.024051243
937,0.048564065,2.0403,0.01624038,1.804386,2.4280825,0.006622905
938,0.037330218,1.344061,0.013362005,1.4980338,1.9894049,0.0003699223
939,0.0044078636,1.8874341,0.26660275,2.0710008,2.2661932,0.06883467
940,0.03074595,1.8598901,0.007683902,2.1277127,2.0506196,0.0018724765
941,0.004710703,2.2174153,0.01438687,1.0225886,2.4669425,0.010564538
942,0.077401884,1.5835845,0.57456845,2.1734204,2.242743,0.10525521
943,0.031770248,1.658908,0.30049637,2.0844195,1.9645097,0.008235605
944,0.031429775,1.6880705,0.38875872,1.6207908,2.3372965,0.0076042674
945,0.008374234,1.36188,0.0052608075,1.2015144,1.584165,0.026837217
946,0.0630352,2.1725333,0.11249495,1.8965037,1.6567104,0.01647914
947,0.028454699,2.0660453,0.7466882,1.8918082,1.6569651,0.004615919
948,0.020646727,1.4081365,0.09087582,1.9848932,1.5684537,0.004030042
949,0.05220343,1.4696248,0.16057985,1.4452282,2.4328876,0.021466753
950,0.008310187,1.6961293,0.040699568,0.8934646,2.9093454,0.07667244
951,0.0048488225,1.8784114,0.02340442,2.0451257,1.6922848,0.0012390359
952,0.047703072,2.2615108,0.24060571,1.7904928,1.874814,0.0062592053
953,0.10911846,1.5408107,0.9329148,2.570075,1.7510147,0.0006073389
954,0.013521695,1.9465003,0.105023116,1.7406038,1.4735456,0.03497527
955,0.018326772,2.0922158,0.029038453,1.6464082,2.43773,0.077566005
956,0.057721425,1.802161,0.3267308,1.4167062,2.4226239,0.0055818204
957,0.023725178,2.3740404,0.06559008,1.0249869,2.5193667,0.0010516269
958,0.24369608,1.9114507,0.5720867,2.1318197,2.364058,0.013875178
959,0.0016977276,1.816128,0.020279342,2.2056108,2.0207398,0.01992223
960,0.037057523,2.1924922,0.7760901,2.0834813,2.4619005,0.0042195446
961,0.012484029,1.3672514,0.48052394,1.9765308,1.6546698,0.0032108726
962,0.11790599,2.2319694,0.0026417186,0.93610597,2.6625574,0.002133664
963,0.046381418,2.410801,0.027537456,1.6736413,1.6354766,0.026424544
964,0.024806561,2.275963,0.010276348,0.8844298,2.6701114,0.014062248
965,0.006123109,2.517346,0.014887129,1.1041979,2.0277565,0.010509416
966,0.0062767267,2.4037662,0.008042034,1.5981252,1.5968708,0.0017513708
967,0.047930162,2.7147279,0.0059465845,0.8938917,2.3323565,0.009356799
968,0.0029007196,2.4694245,0.069941826,1.5742537,1.9322307,0.011258762
969,0.016747696,2.3746054,0.6341027,2.0301151,2.16528,0.004956263
970,0.033003796,2.4188027,0.22636403,1.6556526,2.161123,0.046568085
971,0.01431292,2.275649,0.01303345,2.2070284,1.8321133,0.00096938346
972,0.0453737,2.4735456,0.032726977,2.114641,2.2254117,0.00033071448
973,0.00276296,2.1678898,0.20098132,1.8844111,2.8622208,0.016179847
974,0.0037792379,2.5808923,0.07021354,1.4990774,1.7247909,0.0038529448
975,0.0014871256,2.5442252,0.6306818,2.4591167,2.4041195,0.00059697457
976,0.05992365,1.592218,0.26892605,2.4716563,2.6747274,0.122849226
977,0.058543313,1.5721551,0.3160664,2.0512564,1.4445242,0.08402319
978,0.006540612,1.9031945,0.531507,2.2597468,2.4368794,0.005289349
979,0.002510866,1.6907498,0.06533485,2.6090298,2.2953641,0.020445956
980,0.011212143,2.4823678,0.5714534,1.9679598,2.1000185,0.020082971
981,0.0009410345,2.1100388,0.07216438,2.087119,2.5968943,0.002389435
982,0.14417581,1.9171114,0.057333305,1.9636453,2.690257,0.04891664
983,0.013877458,2.0526655,0.052578725,2.4578469,1.9189837,0.0034955984
984,0.03026847,2.6946366,0.023187643,1.3407046,1.7599968,0.009648854
985,0.059239216,1.9278423,0.5098469,2.2805536,2.0068238,0.32594216
986,0.0034204584,1.7658967,0.09496039,2.1612177,1.5580543,0.03436026
987,0.012122934,2.5165117,0.6884141,2.5478287,1.4736303,0.010344465
988,0.034431152,2.1223712,0.20281544,2.3019269,1.6064903,0.002979091
989,0.033407424,2.0735083,0.32537153,2.3737905,2.1016052,0.013843505
990,0.035804145,1.8612635,0.63082755,1.6900011,3.0424204,0.075098716
991,0.0063463035,2.887525,0.13931839,1.9313927,1.8712913,0.0058317557
992,0.16585329,2.6719863,0.6706839,2.364058,1.8796647,0.0049281456
993,0.0004833966,2.497852,0.2407081,2.0121558,1.9710528,0.0073937867
994,0.026908817,1.8236871,0.2712231,2.275779,1.70069,0.0046299873
995,0.036235083,1.8175577,0.65422934,2.2378232,1.3168628,0.23365124
996,0.0049921977,3.2327943,0.028314058,1.3024511,2.154527,0.0653385
997,0.014932471,2.295718,0.3112009,2.3512263,1.7553806,0.009614397
998,0.051665857,1.70632,0.35882533,2.7009842,1.7131872,0.044829007
999,0.0069969445,2.1192472,0.44417787,2.646168,1.7191381,0.014112445
