_MEMBER_MyList,_LogP_MyList,GO,_PATTERN_,_RANK_,GiniIndex,Category,CategoryID,Description,PARENT_GO,LogP,Enrichment,Z-score,#TotalGeneInLibrary,#GeneInGO,#GeneInHitList,#GeneInGOAndHitList,%InGO,STDV %InGO,GeneID,Hits,Log(q-value),EvidenceCutoff,GROUP_ID,FirstInGroupByEnrichment,FirstInGroupByLogP,BestLogPInGroup,BestEnrichmentInGroup,URL
1,-10.35823869229606,GO:1903706,M1,1,0,GO Biological Processes,19,regulation of hemopoiesis,19_GO:0002376 immune system process,-10.35823869229606,18.728988764044942,13.10282649048456,20836,445,25,10,40.0,9.797958971132712,12394|15404|15405|17268|20375|20846|21349|56484|239985|269023,Runx1|Hoxa7|Hoxa9|Meis1|Spi1|Stat1|Tal1|Foxo3|Arid1b|Zfp608,-6.0892864899015615,0,1,1,1,-10.35823869229606,151.53454545454545,
1,-9.686188616114633,GO:0045637,M1,1,0,GO Biological Processes,19,regulation of myeloid cell differentiation,19_GO:0002376 immune system process,-9.686188616114633,28.493675213675214,14.659066580963808,20836,234,25,8,32.0,9.32952303175248,12394|15404|15405|17268|20375|20846|21349|56484,Runx1|Hoxa7|Hoxa9|Meis1|Spi1|Stat1|Tal1|Foxo3,-5.718266409384115,0,1,0,0,-10.35823869229606,151.53454545454545,
1,-7.934923386437596,GO:0060216,M1,1,0,GO Biological Processes,19,definitive hemopoiesis,19_GO:0032502 developmental process,-7.934923386437596,151.53454545454545,24.48443140405053,20836,22,25,4,16.0,7.332121111929343,12394|15405|17268|21349,Runx1|Hoxa9|Meis1|Tal1,-4.14309243876276,0,1,0,0,-10.35823869229606,151.53454545454545,
1,-6.879488317441912,GO:0001501,M1,1,0,GO Biological Processes,19,skeletal system development,19_GO:0032502 developmental process,-6.879488317441912,12.462654205607478,9.309441962184168,20836,535,25,8,32.0,9.32952303175248,12394|15404|15405|17268|18027|18109|21349|71375,Runx1|Hoxa7|Hoxa9|Meis1|Nfia|Mycn|Tal1|Foxn3,-3.212596106375376,0,1,0,0,-10.35823869229606,151.53454545454545,
1,-6.66644558352033,mmu05202,M1,1,0,KEGG Pathway,24,Transcriptional misregulation in cancer - Mus musculus (house mouse),,-6.66644558352033,22.32428571428571,11.121380948508795,20836,224,25,6,24.0,8.541662601625049,12394|13876|15405|17268|18109|20375,Runx1|Erg|Hoxa9|Meis1|Mycn|Spi1,-3.0964633854618504,0,1,0,0,-10.35823869229606,151.53454545454545,
1,-5.250433051432072,GO:0045638,M1,1,0,GO Biological Processes,19,negative regulation of myeloid cell differentiation,19_GO:0002376 immune system process,-5.250433051432072,33.674343434343434,11.294624191329108,20836,99,25,4,16.0,7.332121111929343,12394|15404|15405|17268,Runx1|Hoxa7|Hoxa9|Meis1,-2.127608884715811,0,1,0,0,-10.35823869229606,151.53454545454545,
1,-4.501029193298721,GO:0048568,M1,1,0,GO Biological Processes,19,embryonic organ development,19_GO:0032502 developmental process,-4.501029193298721,9.3996992481203,6.802194287331404,20836,532,25,6,24.0,8.541662601625049,12394|15404|15405|16477|18109|21349,Runx1|Hoxa7|Hoxa9|Junb|Mycn|Tal1,-1.5332675498283947,0,1,0,0,-10.35823869229606,151.53454545454545,
1,-6.411534465504599,GO:0045646,M1,1,0,GO Biological Processes,19,regulation of erythrocyte differentiation,19_GO:0042592 homeostatic process,-6.411534465504599,65.36784313725491,15.951418621954623,20836,51,25,4,16.0,7.332121111929343,20375|20846|21349|56484,Spi1|Stat1|Tal1|Foxo3,-2.9207335134937438,0,2,1,1,-6.411534465504599,89.29714285714284,
1,-5.735941575788313,GO:0006351,M1,1,0,GO Biological Processes,19,DNA-templated transcription,19_GO:0008152 metabolic process,-5.735941575788313,11.262702702702704,8.197972027872412,20836,518,25,7,28.0,8.97997772825746,14025|15405|16477|18089|20846|21349|56484,Bcl11a|Hoxa9|Junb|Nkx2-3|Stat1|Tal1|Foxo3,-2.4614256095571805,0,2,0,0,-6.411534465504599,89.29714285714284,
1,-5.730377811951679,GO:0097659,M1,1,0,GO Biological Processes,19,nucleic acid-templated transcription,19_GO:0008152 metabolic process,-5.730377811951679,11.241001926782275,8.18873126082946,20836,519,25,7,28.0,8.97997772825746,14025|15405|16477|18089|20846|21349|56484,Bcl11a|Hoxa9|Junb|Nkx2-3|Stat1|Tal1|Foxo3,-2.4614256095571805,0,2,0,0,-6.411534465504599,89.29714285714284,
1,-5.664491610032401,GO:0032774,M1,1,0,GO Biological Processes,19,RNA biosynthetic process,19_GO:0008152 metabolic process,-5.664491610032401,10.986967984934088,8.079783119109045,20836,531,25,7,28.0,8.97997772825746,14025|15405|16477|18089|20846|21349|56484,Bcl11a|Hoxa9|Junb|Nkx2-3|Stat1|Tal1|Foxo3,-2.4369320927961278,0,2,0,0,-6.411534465504599,89.29714285714284,
1,-5.309758604015118,GO:0045648,M1,1,0,GO Biological Processes,19,positive regulation of erythrocyte differentiation,19_GO:0042592 homeostatic process,-5.309758604015118,89.29714285714284,16.204318806809827,20836,28,25,3,12.0,6.499230723708768,20846|21349|56484,Stat1|Tal1|Foxo3,-2.1547497539274563,0,2,0,0,-6.411534465504599,89.29714285714284,
1,-5.007071829580322,GO:0045639,M1,1,0,GO Biological Processes,19,positive regulation of myeloid cell differentiation,19_GO:0002376 immune system process,-5.007071829580322,29.243508771929825,10.480343628472472,20836,114,25,4,16.0,7.332121111929343,12394|20846|21349|56484,Runx1|Stat1|Tal1|Foxo3,-1.9422396098417476,0,2,0,0,-6.411534465504599,89.29714285714284,
1,-3.2612550557603175,GO:0021700,M1,1,0,GO Biological Processes,19,developmental maturation,19_GO:0032502 developmental process,-3.2612550557603175,10.35329192546584,5.862563120866342,20836,322,25,4,16.0,7.332121111929343,18027|18987|21349|56484,Nfia|Pou2f2|Tal1|Foxo3,-0.572086449982629,0,2,0,0,-6.411534465504599,89.29714285714284,
1,-2.772010250890366,GO:0048469,M1,1,0,GO Biological Processes,19,cell maturation,19_GO:0032502 developmental process,-2.772010250890366,12.564422110552762,5.681296741360444,20836,199,25,3,12.0,6.499230723708768,18987|21349|56484,Pou2f2|Tal1|Foxo3,-0.21906139213066667,0,2,0,0,-6.411534465504599,89.29714285714284,
1,-2.415231736282108,GO:0071695,M1,1,0,GO Biological Processes,19,anatomical structure maturation,19_GO:0032502 developmental process,-2.415231736282108,9.3996992481203,4.778677157054063,20836,266,25,3,12.0,6.499230723708768,18987|21349|56484,Pou2f2|Tal1|Foxo3,0.0,0,2,0,0,-6.411534465504599,89.29714285714284,
1,-5.777176508612924,GO:0045596,M1,1,0,GO Biological Processes,19,negative regulation of cell differentiation,19_GO:0048519 negative regulation of biological process,-5.777176508612924,8.91379679144385,7.639899147019825,20836,748,25,8,32.0,9.32952303175248,12394|14025|15404|15405|17268|18109|56484|269023,Runx1|Bcl11a|Hoxa7|Hoxa9|Meis1|Mycn|Foxo3|Zfp608,-2.4614256095571805,0,3,1,1,-5.777176508612924,17.078688524590163,
1,-5.032739878200367,GO:0045664,M1,1,0,GO Biological Processes,19,regulation of neuron differentiation,19_GO:0032502 developmental process,-5.032739878200367,17.078688524590163,8.756217741769756,20836,244,25,5,20.0,8.0,14025|17268|18109|21413|56484,Bcl11a|Meis1|Mycn|Tcf4|Foxo3,-1.9422396098417476,0,3,0,0,-5.777176508612924,17.078688524590163,
1,-4.479213582069159,GO:0010721,M1,1,0,GO Biological Processes,19,negative regulation of cell development,19_GO:0048519 negative regulation of biological process,-4.479213582069159,13.10440251572327,7.53892957758328,20836,318,25,5,20.0,8.0,12394|14025|15404|18109|269023,Runx1|Bcl11a|Hoxa7|Mycn|Zfp608,-1.5332675498283947,0,3,0,0,-5.777176508612924,17.078688524590163,
1,-5.753162760250428,GO:0030099,M1,1,0,GO Biological Processes,19,myeloid cell differentiation,19_GO:0032502 developmental process,-5.753162760250428,15.578317757009344,9.123142318498022,20836,321,25,6,24.0,8.541662601625049,12394|16477|17268|18089|20375|21349,Runx1|Junb|Meis1|Nkx2-3|Spi1|Tal1,-2.4614256095571805,0,4,1,1,-5.753162760250428,20.20460606060606,
1,-4.653306783042496,GO:0035239,M1,1,0,GO Biological Processes,19,tube morphogenesis,19_GO:0032502 developmental process,-4.653306783042496,7.6966754617414255,6.509594145527578,20836,758,25,7,28.0,8.97997772825746,14013|16477|17268|18089|18109|20375|21349,Mecom|Junb|Meis1|Nkx2-3|Mycn|Spi1|Tal1,-1.6631081816008266,0,4,0,0,-5.753162760250428,20.20460606060606,
1,-4.375448825590009,GO:0002573,M1,1,0,GO Biological Processes,19,myeloid leukocyte differentiation,19_GO:0032502 developmental process,-4.375448825590009,20.20460606060606,8.583944751926442,20836,165,25,4,16.0,7.332121111929343,12394|16477|18089|20375,Runx1|Junb|Nkx2-3|Spi1,-1.4682244592131035,0,4,0,0,-5.753162760250428,20.20460606060606,
1,-3.326240959846141,mmu04380,M1,1,0,KEGG Pathway,24,Osteoclast differentiation - Mus musculus (house mouse),,-3.326240959846141,19.533749999999998,7.289865060535804,20836,128,25,3,12.0,6.499230723708768,16477|20375|20846,Junb|Spi1|Stat1,-0.6135912582189298,0,4,0,0,-5.753162760250428,20.20460606060606,
1,-2.697990355812127,GO:0048514,M1,1,0,GO Biological Processes,19,blood vessel morphogenesis,19_GO:0032502 developmental process,-2.697990355812127,7.294879649890591,4.716006324755497,20836,457,25,4,16.0,7.332121111929343,16477|17268|20375|21349,Junb|Meis1|Spi1|Tal1,-0.19246614698056577,0,4,0,0,-5.753162760250428,20.20460606060606,
1,-2.363551274855348,GO:0001568,M1,1,0,GO Biological Processes,19,blood vessel development,19_GO:0032502 developmental process,-2.363551274855348,5.8900353356890465,4.088025731530086,20836,566,25,4,16.0,7.332121111929343,16477|17268|20375|21349,Junb|Meis1|Spi1|Tal1,0.0,0,4,0,0,-5.753162760250428,20.20460606060606,
1,-2.266253870320133,GO:0001944,M1,1,0,GO Biological Processes,19,vasculature development,19_GO:0032502 developmental process,-2.266253870320133,5.528623548922057,3.9112449732494534,20836,603,25,4,16.0,7.332121111929343,16477|17268|20375|21349,Junb|Meis1|Spi1|Tal1,0.0,0,4,0,0,-5.753162760250428,20.20460606060606,
1,-2.15891624794175,GO:0006366,M1,1,0,GO Biological Processes,19,transcription by RNA polymerase II,19_GO:0008152 metabolic process,-2.15891624794175,7.599756838905774,4.182106614538939,20836,329,25,3,12.0,6.499230723708768,16477|18089|21349,Junb|Nkx2-3|Tal1,0.0,0,4,0,0,-5.753162760250428,20.20460606060606,
1,-5.47247131419289,GO:1902105,M1,1,0,GO Biological Processes,19,regulation of leukocyte differentiation,19_GO:0002376 immune system process,-5.47247131419289,13.929359331476322,8.564684054447728,20836,359,25,6,24.0,8.541662601625049,12394|15404|20375|21349|239985|269023,Runx1|Hoxa7|Spi1|Tal1|Arid1b|Zfp608,-2.282700357846016,0,5,1,1,-5.47247131419289,20.66380165289256,
1,-3.875859364598933,GO:0045619,M1,1,0,GO Biological Processes,19,regulation of lymphocyte differentiation,19_GO:0002376 immune system process,-3.875859364598933,15.016936936936938,7.277274433491422,20836,222,25,4,16.0,7.332121111929343,12394|20375|239985|269023,Runx1|Spi1|Arid1b|Zfp608,-1.0540651935466536,0,5,0,0,-5.47247131419289,20.66380165289256,
1,-3.4728638753979384,GO:0002683,M1,1,0,GO Biological Processes,19,negative regulation of immune system process,19_GO:0002376 immune system process,-3.4728638753979384,7.998464491362763,5.607037928544676,20836,521,25,5,20.0,8.0,12394|14605|15404|20375|269023,Runx1|Tsc22d3|Hoxa7|Spi1|Zfp608,-0.7224256128813273,0,5,0,0,-5.47247131419289,20.66380165289256,
1,-3.3977073999105016,GO:1902106,M1,1,0,GO Biological Processes,19,negative regulation of leukocyte differentiation,19_GO:0002376 immune system process,-3.3977073999105016,20.66380165289256,7.518617363625985,20836,121,25,3,12.0,6.499230723708768,12394|15404|269023,Runx1|Hoxa7|Zfp608,-0.6602341145582582,0,5,0,0,-5.47247131419289,20.66380165289256,
1,-3.356358040855757,GO:1903707,M1,1,0,GO Biological Processes,19,negative regulation of hemopoiesis,19_GO:0002376 immune system process,-3.356358040855757,20.00256,7.3856184339604045,20836,125,25,3,12.0,6.499230723708768,12394|15404|269023,Runx1|Hoxa7|Zfp608,-0.6314738828115342,0,5,0,0,-5.47247131419289,20.66380165289256,
1,-3.2816689551738687,GO:0007162,M1,1,0,GO Biological Processes,19,negative regulation of cell adhesion,19_GO:0048519 negative regulation of biological process,-3.2816689551738687,10.483522012578616,5.906578578118194,20836,318,25,4,16.0,7.332121111929343,12394|15404|20375|269023,Runx1|Hoxa7|Spi1|Zfp608,-0.5809184768463651,0,5,0,0,-5.47247131419289,20.66380165289256,
1,-3.212724140328609,GO:0045621,M1,1,0,GO Biological Processes,19,positive regulation of lymphocyte differentiation,19_GO:0002376 immune system process,-3.212724140328609,17.85942857142857,6.937195645186959,20836,140,25,3,12.0,6.499230723708768,12394|20375|239985,Runx1|Spi1|Arid1b,-0.5371642891164832,0,5,0,0,-5.47247131419289,20.66380165289256,
1,-2.8427087409172658,GO:0045580,M1,1,0,GO Biological Processes,19,regulation of T cell differentiation,19_GO:0002376 immune system process,-2.8427087409172658,13.299574468085105,5.871516656985869,20836,188,25,3,12.0,6.499230723708768,12394|239985|269023,Runx1|Arid1b|Zfp608,-0.28132671462070347,0,5,0,0,-5.47247131419289,20.66380165289256,
1,-2.7291444944222385,GO:0002695,M1,1,0,GO Biological Processes,19,negative regulation of leukocyte activation,19_GO:0002376 immune system process,-2.7291444944222385,12.137475728155339,5.567895156493895,20836,206,25,3,12.0,6.499230723708768,12394|20375|269023,Runx1|Spi1|Zfp608,-0.19246614698056577,0,5,0,0,-5.47247131419289,20.66380165289256,
1,-2.699462522539771,GO:0022408,M1,1,0,GO Biological Processes,19,negative regulation of cell-cell adhesion,19_GO:0048519 negative regulation of biological process,-2.699462522539771,11.849857819905212,5.4902052183622985,20836,211,25,3,12.0,6.499230723708768,12394|20375|269023,Runx1|Spi1|Zfp608,-0.19246614698056577,0,5,0,0,-5.47247131419289,20.66380165289256,
1,-2.699462522539771,GO:1902107,M1,1,0,GO Biological Processes,19,positive regulation of leukocyte differentiation,19_GO:0002376 immune system process,-2.699462522539771,11.849857819905212,5.4902052183622985,20836,211,25,3,12.0,6.499230723708768,12394|20375|239985,Runx1|Spi1|Arid1b,-0.19246614698056577,0,5,0,0,-5.47247131419289,20.66380165289256,
1,-2.699462522539771,GO:1903708,M1,1,0,GO Biological Processes,19,positive regulation of hemopoiesis,19_GO:0002376 immune system process,-2.699462522539771,11.849857819905212,5.4902052183622985,20836,211,25,3,12.0,6.499230723708768,12394|20375|239985,Runx1|Spi1|Arid1b,-0.19246614698056577,0,5,0,0,-5.47247131419289,20.66380165289256,
1,-2.598486423910272,GO:0050866,M1,1,0,GO Biological Processes,19,negative regulation of cell activation,19_GO:0048519 negative regulation of biological process,-2.598486423910272,10.918427947598252,5.230864623459002,20836,229,25,3,12.0,6.499230723708768,12394|20375|269023,Runx1|Spi1|Zfp608,-0.1076854718994171,0,5,0,0,-5.47247131419289,20.66380165289256,
1,-2.5470071770638993,GO:0022407,M1,1,0,GO Biological Processes,19,regulation of cell-cell adhesion,19_GO:0050789 regulation of biological process,-2.5470071770638993,6.627753479125249,4.428316054486723,20836,503,25,4,16.0,7.332121111929343,12394|20375|239985|269023,Runx1|Spi1|Arid1b|Zfp608,-0.06338480968016776,0,5,0,0,-5.47247131419289,20.66380165289256,
1,-2.4653891181202354,GO:0051249,M1,1,0,GO Biological Processes,19,regulation of lymphocyte activation,19_GO:0002376 immune system process,-2.4653891181202354,6.29011320754717,4.275737078763754,20836,530,25,4,16.0,7.332121111929343,12394|20375|239985|269023,Runx1|Spi1|Arid1b|Zfp608,-0.0026168897096240226,0,5,0,0,-5.47247131419289,20.66380165289256,
1,-2.4220366643645366,GO:0010720,M1,1,0,GO Biological Processes,19,positive regulation of cell development,19_GO:0032502 developmental process,-2.4220366643645366,6.116990825688074,4.195477981102571,20836,545,25,4,16.0,7.332121111929343,12394|14025|20375|239985,Runx1|Bcl11a|Spi1|Arid1b,0.0,0,5,0,0,-5.47247131419289,20.66380165289256,
1,-2.1684523705318157,GO:0002694,M1,1,0,GO Biological Processes,19,regulation of leukocyte activation,19_GO:0002376 immune system process,-2.1684523705318157,5.184696734059099,3.7358491885109157,20836,643,25,4,16.0,7.332121111929343,12394|20375|239985|269023,Runx1|Spi1|Arid1b|Zfp608,0.0,0,5,0,0,-5.47247131419289,20.66380165289256,
1,-2.1127220564280647,GO:0051251,M1,1,0,GO Biological Processes,19,positive regulation of lymphocyte activation,19_GO:0002376 immune system process,-2.1127220564280647,7.310877192982455,4.07858669612934,20836,342,25,3,12.0,6.499230723708768,12394|20375|239985,Runx1|Spi1|Arid1b,0.0,0,5,0,0,-5.47247131419289,20.66380165289256,
1,-2.0427214565513836,GO:0050865,M1,1,0,GO Biological Processes,19,regulation of cell activation,19_GO:0032501 multicellular organismal process,-2.0427214565513836,4.769327610872676,3.513381990061837,20836,699,25,4,16.0,7.332121111929343,12394|20375|239985|269023,Runx1|Spi1|Arid1b|Zfp608,0.0,0,5,0,0,-5.47247131419289,20.66380165289256,
1,-4.867987284067539,GO:0002335,M1,1,0,GO Biological Processes,19,mature B cell differentiation,19_GO:0002376 immune system process,-4.867987284067539,64.11076923076922,13.67274497449512,20836,39,25,3,12.0,6.499230723708768,18089|18987|20375,Nkx2-3|Pou2f2|Spi1,-1.829484003051314,0,6,1,1,-4.867987284067539,64.11076923076922,
1,-4.747395785303196,GO:0002521,M1,1,0,GO Biological Processes,19,leukocyte differentiation,19_GO:0032502 developmental process,-4.747395785303196,10.396340956340955,7.226300779299969,20836,481,25,6,24.0,8.541662601625049,12394|14025|16477|18089|18987|20375,Runx1|Bcl11a|Junb|Nkx2-3|Pou2f2|Spi1,-1.7337160880120033,0,6,0,0,-4.867987284067539,64.11076923076922,
1,-4.459797071400687,GO:0030183,M1,1,0,GO Biological Processes,19,B cell differentiation,19_GO:0002376 immune system process,-4.459797071400687,21.234140127388535,8.820436850573014,20836,157,25,4,16.0,7.332121111929343,14025|18089|18987|20375,Bcl11a|Nkx2-3|Pou2f2|Spi1,-1.5332675498283947,0,6,0,0,-4.867987284067539,64.11076923076922,
1,-3.824022307142805,GO:0042113,M1,1,0,GO Biological Processes,19,B cell activation,19_GO:0002376 immune system process,-3.824022307142805,14.557903930131005,7.150282324080522,20836,229,25,4,16.0,7.332121111929343,14025|18089|18987|20375,Bcl11a|Nkx2-3|Pou2f2|Spi1,-1.0174681026472627,0,6,0,0,-4.867987284067539,64.11076923076922,
1,-3.5826093312635923,GO:0001775,M1,1,0,GO Biological Processes,19,cell activation,19_GO:0032501 multicellular organismal process,-3.5826093312635923,6.402868117797695,5.334071496818696,20836,781,25,6,24.0,8.541662601625049,14025|15405|18089|18987|20375|21413,Bcl11a|Hoxa9|Nkx2-3|Pou2f2|Spi1|Tcf4,-0.8050188227033663,0,6,0,0,-4.867987284067539,64.11076923076922,
1,-3.177436742531443,GO:0030098,M1,1,0,GO Biological Processes,19,lymphocyte differentiation,19_GO:0002376 immune system process,-3.177436742531443,9.834100294985252,5.683780611589409,20836,339,25,4,16.0,7.332121111929343,14025|18089|18987|20375,Bcl11a|Nkx2-3|Pou2f2|Spi1,-0.5371642891164832,0,6,0,0,-4.867987284067539,64.11076923076922,
1,-2.950864265433028,GO:1903131,M1,1,0,GO Biological Processes,19,mononuclear cell differentiation,19_GO:0032502 developmental process,-2.950864265433028,8.548102564102564,5.215382917344801,20836,390,25,4,16.0,7.332121111929343,14025|18089|18987|20375,Bcl11a|Nkx2-3|Pou2f2|Spi1,-0.3808820673745483,0,6,0,0,-4.867987284067539,64.11076923076922,
1,-2.72314729177555,GO:0030217,M1,1,0,GO Biological Processes,19,T cell differentiation,19_GO:0002376 immune system process,-2.72314729177555,12.078840579710144,5.552143470479805,20836,207,25,3,12.0,6.499230723708768,14025|18089|20375,Bcl11a|Nkx2-3|Spi1,-0.19246614698056577,0,6,0,0,-4.867987284067539,64.11076923076922,
1,-2.391090270493113,GO:0046649,M1,1,0,GO Biological Processes,19,lymphocyte activation,19_GO:0002376 immune system process,-2.391090270493113,5.995971223021583,4.138506396090404,20836,556,25,4,16.0,7.332121111929343,14025|18089|18987|20375,Bcl11a|Nkx2-3|Pou2f2|Spi1,0.0,0,6,0,0,-4.867987284067539,64.11076923076922,
1,-2.075221879207363,GO:0045321,M1,1,0,GO Biological Processes,19,leukocyte activation,19_GO:0002376 immune system process,-2.075221879207363,4.873918128654971,3.570587611655652,20836,684,25,4,16.0,7.332121111929343,14025|18089|18987|20375,Bcl11a|Nkx2-3|Pou2f2|Spi1,0.0,0,6,0,0,-4.867987284067539,64.11076923076922,
1,-2.0005176282789354,GO:0042110,M1,1,0,GO Biological Processes,19,T cell activation,19_GO:0002376 immune system process,-2.0005176282789354,6.649787234042552,3.8317175035972357,20836,376,25,3,12.0,6.499230723708768,14025|18089|20375,Bcl11a|Nkx2-3|Spi1,0.0,0,6,0,0,-4.867987284067539,64.11076923076922,
1,-4.237630145153156,GO:0035107,M1,1,0,GO Biological Processes,19,appendage morphogenesis,19_GO:0032502 developmental process,-4.237630145153156,18.624357541899442,8.207794370334577,20836,179,25,4,16.0,7.332121111929343,14013|15405|18027|18109,Mecom|Hoxa9|Nfia|Mycn,-1.3666179514306953,0,7,1,1,-4.237630145153156,22.730181818181816,
1,-4.237630145153156,GO:0035108,M1,1,0,GO Biological Processes,19,limb morphogenesis,19_GO:0032502 developmental process,-4.237630145153156,18.624357541899442,8.207794370334577,20836,179,25,4,16.0,7.332121111929343,14013|15405|18027|18109,Mecom|Hoxa9|Nfia|Mycn,-1.3666179514306953,0,7,0,0,-4.237630145153156,22.730181818181816,
1,-3.9768641554899555,GO:0048736,M1,1,0,GO Biological Processes,19,appendage development,19_GO:0032502 developmental process,-3.9768641554899555,15.951004784688996,7.529146911853032,20836,209,25,4,16.0,7.332121111929343,14013|15405|18027|18109,Mecom|Hoxa9|Nfia|Mycn,-1.1392757172544443,0,7,0,0,-4.237630145153156,22.730181818181816,
1,-3.9768641554899555,GO:0060173,M1,1,0,GO Biological Processes,19,limb development,19_GO:0032502 developmental process,-3.9768641554899555,15.951004784688996,7.529146911853032,20836,209,25,4,16.0,7.332121111929343,14013|15405|18027|18109,Mecom|Hoxa9|Nfia|Mycn,-1.1392757172544443,0,7,0,0,-4.237630145153156,22.730181818181816,
1,-3.6193588437914253,GO:0048705,M1,1,0,GO Biological Processes,19,skeletal system morphogenesis,19_GO:0032502 developmental process,-3.6193588437914253,12.871660231660233,6.663318827086911,20836,259,25,4,16.0,7.332121111929343,15404|15405|18109|71375,Hoxa7|Hoxa9|Mycn|Foxn3,-0.8275278961165891,0,7,0,0,-4.237630145153156,22.730181818181816,
1,-3.5191994242617617,GO:0048704,M1,1,0,GO Biological Processes,19,embryonic skeletal system morphogenesis,19_GO:0032502 developmental process,-3.5191994242617617,22.730181818181816,7.919946317767461,20836,110,25,3,12.0,6.499230723708768,15404|15405|18109,Hoxa7|Hoxa9|Mycn,-0.755397200187169,0,7,0,0,-4.237630145153156,22.730181818181816,
1,-3.1771326274163134,GO:0030326,M1,1,0,GO Biological Processes,19,embryonic limb morphogenesis,19_GO:0032502 developmental process,-3.1771326274163134,17.36333333333333,6.829235208365164,20836,144,25,3,12.0,6.499230723708768,14013|15405|18109,Mecom|Hoxa9|Mycn,-0.5371642891164832,0,7,0,0,-4.237630145153156,22.730181818181816,
1,-3.1771326274163134,GO:0035113,M1,1,0,GO Biological Processes,19,embryonic appendage morphogenesis,19_GO:0032502 developmental process,-3.1771326274163134,17.36333333333333,6.829235208365164,20836,144,25,3,12.0,6.499230723708768,14013|15405|18109,Mecom|Hoxa9|Mycn,-0.5371642891164832,0,7,0,0,-4.237630145153156,22.730181818181816,
1,-3.14256094162428,GO:0048706,M1,1,0,GO Biological Processes,19,embryonic skeletal system development,19_GO:0032502 developmental process,-3.14256094162428,16.894054054054052,6.725530890070622,20836,148,25,3,12.0,6.499230723708768,15404|15405|18109,Hoxa7|Hoxa9|Mycn,-0.5170614157159686,0,7,0,0,-4.237630145153156,22.730181818181816,
1,-3.057223339148708,GO:0048598,M1,1,0,GO Biological Processes,19,embryonic morphogenesis,19_GO:0032502 developmental process,-3.057223339148708,6.480870917573872,4.892996666425162,20836,643,25,5,20.0,8.0,14013|15404|15405|18109|21349,Mecom|Hoxa7|Hoxa9|Mycn|Tal1,-0.4695123741297964,0,7,0,0,-4.237630145153156,22.730181818181816,
1,-2.148080224835646,GO:0048562,M1,1,0,GO Biological Processes,19,embryonic organ morphogenesis,19_GO:0032502 developmental process,-2.148080224835646,7.531084337349396,4.157720772911748,20836,332,25,3,12.0,6.499230723708768,15404|15405|18109,Hoxa7|Hoxa9|Mycn,0.0,0,7,0,0,-4.237630145153156,22.730181818181816,
1,-3.1726480359313953,GO:0048872,M1,1,0,GO Biological Processes,19,homeostasis of number of cells,19_GO:0042592 homeostatic process,-3.1726480359313953,9.805176470588236,5.673659244099978,20836,340,25,4,16.0,7.332121111929343,14013|18089|20375|21349,Mecom|Nkx2-3|Spi1|Tal1,-0.5371642891164832,0,8,1,1,-3.1726480359313953,16.449473684210524,
1,-3.1089543066211456,GO:0098727,M1,1,0,GO Biological Processes,19,maintenance of cell number,19_GO:0032502 developmental process,-3.1089543066211456,16.449473684210524,6.625802714712487,20836,152,25,3,12.0,6.499230723708768,14013|20375|56484,Mecom|Spi1|Foxo3,-0.5120999621623644,0,8,0,0,-3.1726480359313953,16.449473684210524,
1,-2.9907064642636967,GO:0002262,M1,1,0,GO Biological Processes,19,myeloid cell homeostasis,19_GO:0042592 homeostatic process,-2.9907064642636967,14.97197604790419,6.283138275698761,20836,167,25,3,12.0,6.499230723708768,14013|20375|21349,Mecom|Spi1|Tal1,-0.41195034189771174,0,8,0,0,-3.1726480359313953,16.449473684210524,
1,-2.148080224835646,GO:0006338,M1,1,0,GO Biological Processes,19,chromatin remodeling,19_GO:0009987 cellular process,-2.148080224835646,7.531084337349396,4.157720772911748,20836,332,25,3,12.0,6.499230723708768,14013|20375|239985,Mecom|Spi1|Arid1b,0.0,0,8,0,0,-3.1726480359313953,16.449473684210524,
1,-2.0995868025504434,GO:0048871,M1,1,0,GO Biological Processes,19,multicellular organismal homeostasis,19_GO:0042592 homeostatic process,-2.0995868025504434,4.953580980683507,3.613606660192252,20836,673,25,4,16.0,7.332121111929343,14013|18089|20375|21349,Mecom|Nkx2-3|Spi1|Tal1,0.0,0,8,0,0,-3.1726480359313953,16.449473684210524,
1,-3.117268321526022,GO:0002244,M1,1,0,GO Biological Processes,19,hematopoietic progenitor cell differentiation,19_GO:0032502 developmental process,-3.117268321526022,16.558410596026487,6.650376329995732,20836,151,25,3,12.0,6.499230723708768,12394|20375|21349,Runx1|Spi1|Tal1,-0.5120999621623644,0,9,1,1,-3.117268321526022,16.558410596026487,
1,-3.1089543066211456,GO:0002761,M1,1,0,GO Biological Processes,19,regulation of myeloid leukocyte differentiation,19_GO:0002376 immune system process,-3.1089543066211456,16.449473684210524,6.625802714712487,20836,152,25,3,12.0,6.499230723708768,12394|15404|21349,Runx1|Hoxa7|Tal1,-0.5120999621623644,0,9,0,0,-3.117268321526022,16.558410596026487,
1,-2.6201758185923203,GO:0010001,M1,1,0,GO Biological Processes,19,glial cell differentiation,19_GO:0032502 developmental process,-2.6201758185923203,11.112533333333332,5.285936914418245,20836,225,25,3,12.0,6.499230723708768,18027|18109|21349,Nfia|Mycn|Tal1,-0.12207562783996588,0,9,0,0,-3.117268321526022,16.558410596026487,
1,-2.361640243765737,GO:0045165,M1,1,0,GO Biological Processes,19,cell fate commitment,19_GO:0032502 developmental process,-2.361640243765737,8.993956834532373,4.650654193303994,20836,278,25,3,12.0,6.499230723708768,12394|18027|21349,Runx1|Nfia|Tal1,0.0,0,9,0,0,-3.117268321526022,16.558410596026487,
1,-2.3188583475148956,GO:0042063,M1,1,0,GO Biological Processes,19,gliogenesis,19_GO:0032502 developmental process,-2.3188583475148956,8.681666666666665,4.549746559098391,20836,288,25,3,12.0,6.499230723708768,18027|18109|21349,Nfia|Mycn|Tal1,0.0,0,9,0,0,-3.117268321526022,16.558410596026487,
1,-2.5256430073319898,GO:0060348,M1,1,0,GO Biological Processes,19,bone development,19_GO:0032502 developmental process,-2.5256430073319898,10.289382716049381,5.048361720921278,20836,243,25,3,12.0,6.499230723708768,17268|21349|71375,Meis1|Tal1|Foxn3,-0.04908249443574501,0,10,1,1,-2.5256430073319898,10.289382716049381,
1,-2.495063574449993,GO:0001819,M1,1,0,GO Biological Processes,19,positive regulation of cytokine production,19_GO:0048518 positive regulation of biological process,-2.495063574449993,6.411076923076924,4.330983804452908,20836,520,25,4,16.0,7.332121111929343,12394|18987|20846|56490,Runx1|Pou2f2|Stat1|Zbtb20,-0.02545192150907604,0,11,1,1,-2.495063574449993,8.197770491803277,
1,-2.4277389065247825,mmu05200,M1,1,0,KEGG Pathway,24,Pathways in cancer - Mus musculus (house mouse),,-2.4277389065247825,6.139521178637201,4.206004463637872,20836,543,25,4,16.0,7.332121111929343,12394|14013|20375|20846,Runx1|Mecom|Spi1|Stat1,0.0,0,11,0,0,-2.495063574449993,8.197770491803277,
1,-2.2497034729906304,GO:0045765,M1,1,0,GO Biological Processes,19,regulation of angiogenesis,19_GO:0032502 developmental process,-2.2497034729906304,8.197770491803277,4.388975382475372,20836,305,25,3,12.0,6.499230723708768,12394|20846|21413,Runx1|Stat1|Tcf4,0.0,0,11,0,0,-2.495063574449993,8.197770491803277,
1,-2.2340412613878957,GO:1901342,M1,1,0,GO Biological Processes,19,regulation of vasculature development,19_GO:0032502 developmental process,-2.2340412613878957,8.091650485436892,4.35295426074453,20836,309,25,3,12.0,6.499230723708768,12394|20846|21413,Runx1|Stat1|Tcf4,0.0,0,11,0,0,-2.495063574449993,8.197770491803277,
1,-2.1373511725660457,GO:0072001,M1,1,0,GO Biological Processes,19,renal system development,19_GO:0032502 developmental process,-2.1373511725660457,7.463641791044775,4.133638019948742,20836,335,25,3,12.0,6.499230723708768,14013|18027|20846,Mecom|Nfia|Stat1,0.0,0,11,0,0,-2.495063574449993,8.197770491803277,
