_MEMBER_MyList,_LogP_MyList,GO,Description,_PATTERN_,_RANK_,CHILD_GO_MyList
1,-10.35823869229606,GO:0002376,immune system process,M1,1,GO:1903706 regulation of hemopoiesis
1,-7.934923386437596,GO:0032502,developmental process,M1,1,GO:0060216 definitive hemopoiesis
1,-6.411534465504599,GO:0042592,homeostatic process,M1,1,GO:0045646 regulation of erythrocyte differentiation
1,-5.777176508612924,GO:0048519,negative regulation of biological process,M1,1,GO:0045596 negative regulation of cell differentiation
1,-5.735941575788313,GO:0008152,metabolic process,M1,1,GO:0006351 DNA-templated transcription
1,-3.5826093312635923,GO:0032501,multicellular organismal process,M1,1,GO:0001775 cell activation
1,-2.5470071770638993,GO:0050789,regulation of biological process,M1,1,GO:0022407 regulation of cell-cell adhesion
1,-2.495063574449993,GO:0048518,positive regulation of biological process,M1,1,GO:0001819 positive regulation of cytokine production
1,-2.148080224835646,GO:0009987,cellular process,M1,1,GO:0006338 chromatin remodeling
