Category,CategoryID,GO,Description,PARENT_GO,LogP,Enrichment,Z-score,#TotalGeneInLibrary,#GeneInGO,#GeneInHitList,#GeneInGOAndHitList,%InGO,STDV %InGO,GeneID,Hits,Log(q-value),GeneList
TRRUST,34,TRR01341,Regulated by: Sox4,,-7.3,3.6e+02,33,20836,7,25,3,12,6.5,14013|20375|21413,Mecom|Spi1|Tcf4,-4.3,MyList
TRRUST,34,TRR01470,Regulated by: Tfap2a,,-6.7,2.5e+02,27,20836,10,25,3,12,6.5,15404|15405|17268,Hoxa7|Hoxa9|Meis1,-4.1,MyList
PaGenBase,36,PGB:00210,Cell-specific: mast cells,,-3.7,13,6.8,20836,253,25,4,16,7.3,13876|16477|17268|21349,Erg|Junb|Meis1|Tal1,-1.2,MyList
TRRUST,34,TRR01494,Regulated by: Trp53,,-3,15,6.2,20836,172,25,3,12,6.5,12394|21413|56484,Runx1|Tcf4|Foxo3,-0.58,MyList
