,0,1,2,3,4,5,6,7
0,0.895351,0.08917842,0.01,0.011090272,0.017908521,0.01,3.9979597e-05,0.2119321
1,1.0905364,0.104493886,0.023729697,0.010425049,0.0002198453,0.02865557,0.01,0.19587281
2,1.1002231,0.10526891,0.01,0.01497155,0.01,0.0165683,0.01,0.20636714
3,1.2426105,0.41219825,0.027794922,0.017173015,0.023681002,0.018880092,0.004299834,0.6854378
4,1.2518699,0.3329753,0.010863588,0.032955226,0.051949404,0.0221627,0.002550034,0.9302575
5,1.5318859,0.4721856,0.013296004,0.024931068,0.006429617,0.01139135,0.019379482,0.96007305
6,1.6644446,0.14837563,0.0105025,0.0029120569,0.0020629838,0.00012960067,0.009704555,1.2042017
7,1.4117473,0.34686273,0.00087998883,0.009104194,0.013456282,0.041751035,0.010701887,1.3277142
8,1.7867466,0.27782294,0.0015326729,0.004798992,0.027579708,0.013747676,0.009456518,1.1856424
9,1.2942352,0.6917665,0.11083395,0.022983689,0.0018888151,0.00197611,0.0013810503,1.1914945
10,1.2856634,0.49361616,0.02488142,0.0010882489,0.0031896194,0.0008879363,0.0009882202,1.415054
11,1.3971153,0.5108096,0.00096974155,0.007659911,7.952059e-05,0.0014397356,0.010635165,1.4150608
12,1.7001246,0.67112345,0.008626809,0.023620723,0.03790358,0.020056728,0.065959714,1.2491494
13,1.4100276,0.6846198,0.030226758,0.007933075,0.02755251,0.018763809,0.003844541,1.4551703
14,2.1007636,0.45457986,0.08547693,0.0045712013,0.059694096,0.016429586,0.0038064276,1.2355114
15,2.0230281,0.48379472,0.0045197257,0.008699363,0.0005164472,0.0035846506,0.016829593,1.4567906
16,1.6821895,0.50054294,1.4943031e-05,0.023441507,0.0068900315,0.023463847,0.00013842735,1.6846278
17,1.8249569,0.6337434,0.023541793,0.00411949,6.601795e-05,0.00087072526,0.0046534203,1.5483906
18,2.1173105,0.59756064,0.010175476,0.0023966625,0.010673418,0.02558729,0.0014700928,1.4944656
19,1.8034605,0.8350104,0.04221896,0.009044315,0.0055997605,0.0077604987,0.0032158021,1.5556113
20,1.9142593,0.5131652,0.012712381,0.004363645,0.028917706,0.00020965785,0.008300955,1.9801371
21,2.2791662,0.65489507,0.029384974,0.00129671,0.0025088792,0.00044496983,0.008739002,1.7308158
22,1.7834846,0.91587,0.0031293985,0.11539621,0.046731666,0.005071883,0.031663124,1.7156633
23,2.4338715,0.6347772,0.004068078,0.023982206,0.036484115,0.017604303,0.005356038,1.7742265
24,1.7457788,1.0308652,0.0008502342,0.051211666,0.026970144,0.004450449,0.02144864,1.6158102
25,1.5868539,1.3724737,0.07524389,0.00505409,0.005621895,0.013117382,0.006960882,1.0422496
26,1.8986564,1.0407089,0.016472664,0.011063737,0.0016585424,0.0044962806,0.0047932216,1.544717
27,2.3460383,0.36239898,0.008892889,0.048355024,0.03279721,0.015329627,0.00650476,2.2228472
28,1.9322971,0.71023303,0.008123916,0.013179563,0.005939133,0.014115145,0.0041148197,2.0846252
29,1.8053789,0.93644637,0.01755587,0.003636051,0.0072383424,0.0192119,0.0023866878,1.9283587
30,1.4677216,1.13038,0.05781566,0.006598535,0.0010742978,0.029664889,0.013170987,1.6643201
31,1.4812969,1.1086186,0.053777695,0.0053057345,2.8048094e-05,0.011225696,0.0040949974,1.7153169
32,2.3516824,0.92359376,0.038373113,0.009210609,0.027959753,0.0032221414,0.008681914,1.8720948
33,2.2641463,0.86395866,0.0007895347,0.049958233,0.057606112,0.006152556,0.002622369,2.0006812
34,1.8460948,1.1968719,0.023271807,0.0026782183,0.014953294,0.0005607319,0.0011446308,1.4622258
35,1.9873486,1.1277294,0.0020905875,0.025595935,0.008708445,0.014073362,0.0028905855,1.5724984
36,1.6790844,0.8370305,0.021033468,0.008947529,0.015652498,0.042758387,0.00987573,2.2041411
37,1.989764,1.1923077,0.053213887,0.010297133,0.0026862486,0.055048607,0.05930444,1.3378776
38,1.3940195,1.0178697,0.023855338,0.00271275,0.013721335,0.01664697,0.022545153,2.1093369
39,1.8988826,1.1230565,0.0022956082,0.007823509,0.006347588,0.04375044,0.05216821,1.8251005
40,1.879277,1.0942067,0.005252111,0.02076977,0.031922184,0.010873554,0.0062620975,1.9481962
41,2.2483857,1.107137,0.0011799469,0.00012513387,0.06528347,0.00071932934,0.0024435075,1.8678865
42,1.8547667,1.1477004,0.01799254,0.03712794,0.03293492,0.01217265,0.062122606,1.9982691
43,2.1825602,1.2019484,0.03949904,0.0036157707,0.012222857,0.060452327,0.0010042132,1.5782436
44,2.0845246,1.2041126,0.023964964,0.05867949,0.0047658924,0.00048684684,0.0031984216,1.8670707
45,1.7184755,1.2525824,0.051171128,0.0037083486,0.009480806,0.11416003,0.02117244,1.7939498
46,1.6710821,1.1960343,0.026555395,0.035479948,0.06749099,0.0055510527,0.020635398,1.9698176
47,1.682307,1.0967761,0.006327953,0.03147887,0.038356673,0.006265556,0.007205888,2.2876055
48,1.7156446,1.3431494,0.0033360797,0.00031851963,0.01582012,5.7492416e-05,0.0010387249,1.8699707
49,1.850389,1.2601202,0.013315007,0.0003519235,0.0003131988,0.014129219,0.011077122,2.1099534
50,2.089891,1.2425373,0.022246083,0.00080843316,6.153151e-05,0.03326573,0.008789357,2.1641016
51,1.5472921,1.3171889,0.0088774925,0.063279405,0.006937495,0.003391217,0.007027067,1.9467375
52,1.784795,1.3535252,0.0076833083,0.03916184,0.039974865,0.0071339225,0.02523364,2.0965254
53,2.1291351,1.4582793,0.01962899,0.022623407,0.008128388,0.01585625,0.004307955,1.4110875
54,2.3507826,1.1817777,0.0025057564,0.0034838677,0.0026156113,0.0046828776,0.004587902,2.589869
55,2.150595,1.4605442,0.016785549,0.0013507217,0.10427032,0.032518674,0.018629452,1.5946414
56,1.7949661,1.6220744,0.00072825234,0.032794308,0.0075527923,0.007437474,0.021420129,1.6303939
57,2.2303596,1.6699058,0.0052924473,0.06844645,0.007930882,0.007487156,0.0019228534,1.3541998
58,2.1119983,1.7634761,0.03989068,0.0022303609,0.0075828596,0.00380343,0.00245387,1.2694261
59,2.5460396,1.4402808,0.047624912,0.0078054406,0.09897491,0.011779105,0.0152868405,2.128771
60,2.0399218,1.6679399,0.08590052,0.03987974,0.008805131,0.0014193535,0.0049533225,1.46395
61,1.992677,1.6525202,0.05109116,0.021313319,0.018944249,0.0061761024,0.001296946,1.5540324
62,2.0182815,1.5278851,0.0011830102,0.00088334136,0.013641638,0.0008944844,0.016064094,2.1991093
63,1.7633234,1.5579056,0.059043527,0.011620819,0.027846407,2.9412322e-05,0.01276529,2.3689857
64,2.0056207,1.582922,0.0016096593,0.019847296,0.0035073517,0.00457089,0.002440783,2.0138261
65,1.6732348,1.5831789,0.08516596,0.003349828,0.049440388,0.05099407,9.713186e-05,2.3154693
66,1.8132302,1.456482,0.018416965,0.012834536,0.010366208,0.0049435054,0.080841474,2.7801127
67,2.349007,1.5023017,0.09683829,0.0019798854,0.013759253,0.009510764,0.0069386554,2.252694
68,1.2953273,1.9126263,0.021653809,0.011900344,0.016940895,0.003706182,0.009786284,1.5188583
69,2.328484,1.6387233,0.009571997,0.002154115,0.0004667464,0.008646255,0.007935681,1.7654291
70,2.295942,1.5131314,0.04519697,0.00022746799,0.006581093,0.018625109,0.00789575,2.4128215
71,1.1437514,2.0868404,0.008037374,0.03917545,0.010785613,0.006569974,0.00067282934,1.214656
72,1.8153027,1.7038097,0.0037002685,0.0056892214,0.024721079,0.015007582,0.024285328,1.7352649
73,2.155251,1.5853584,0.0031558753,0.0029960698,5.2838077e-05,0.02518566,0.007546727,2.231378
74,2.2758026,1.7739449,0.0077865515,0.02164204,0.0033624554,0.109452344,0.0058523268,1.5964969
75,1.8974729,1.6607215,0.032380078,0.014377104,0.036725324,0.03724621,0.012141523,2.152915
76,1.7554356,1.6035088,0.32458335,0.01272632,0.0035643375,0.004541053,0.010504868,1.6746044
77,2.3214414,1.8557369,0.25797808,0.006251046,0.019438943,0.008817959,0.056860864,1.1937822
78,2.0944471,1.6233612,0.12076117,0.0071957824,0.013226807,0.0050483616,0.0071409354,1.8487358
79,2.5217445,1.69413,0.024952855,0.038762648,0.03429503,0.010221475,0.00010303014,1.845683
80,1.9223968,1.6617849,0.12243887,0.0004945406,0.085857406,0.009521931,0.0074629127,2.2402594
81,2.34374,1.7492983,0.011613982,0.020779418,0.017945044,0.00073123164,0.064758584,1.852341
82,2.505669,1.9921701,0.012561781,0.00421428,0.0031967037,0.000799257,0.048668727,1.5922972
83,2.120052,1.823385,0.0072132437,0.011158784,0.004247508,0.018058961,0.0030639013,2.6077507
84,2.698794,1.7107371,0.031438038,0.01838643,0.0010296538,0.029126847,0.047442023,2.133185
85,1.795907,1.6775553,0.08129024,0.008733917,0.0034680609,0.02736672,0.020058282,2.0967653
86,2.4077654,1.7863187,0.008358499,0.0011024266,0.008184386,0.004471141,0.0242855,1.8758814
87,2.0134492,1.9076456,0.023301316,0.001385608,0.003995227,3.0325917e-05,0.030367948,2.5066016
88,2.419327,1.7163544,0.04192823,0.022752149,0.02831274,0.0015212358,0.007249241,1.973242
89,1.632455,1.7871854,2.6043833e-06,0.008486382,0.0072224545,0.06099232,0.029539874,2.2293866
90,2.3531485,1.6791699,0.12271175,0.029583486,0.0006330063,0.035996262,0.009471121,1.9131169
91,2.7936573,1.8608843,0.020901555,0.03485861,0.00012265041,0.020729562,0.0036671765,1.9740195
92,1.772114,1.8894739,0.024832943,0.035900578,0.013440098,0.00084614084,0.042762194,2.2732291
93,2.1318393,1.8372688,0.026907261,0.010261841,0.005009151,0.0025138068,0.016723976,2.0032458
94,2.321194,2.0907772,0.008138066,0.044824395,0.022198766,0.013797738,0.015680226,2.6463532
95,1.9731127,1.8903905,0.14475672,0.039360862,0.035355747,0.004652628,0.010442316,1.7443589
96,1.9092381,2.0492904,0.043697152,0.037119955,0.03316411,0.031689994,0.02763232,2.3738165
97,1.8556287,2.2839406,0.12417534,0.045565486,0.005273717,0.013849462,0.034319323,1.5460992
98,1.5777173,1.9596463,0.06352779,0.03513182,0.0125336675,0.008508529,0.014876675,2.2758715
99,1.6418756,2.038236,0.039741095,7.678115e-05,0.03735433,0.008765685,0.003900033,2.23918
100,2.3078165,2.2469506,0.0053059747,0.074075565,0.0061052614,0.00044775565,0.017223457,2.9231355
101,1.5865136,1.9946607,0.07331476,0.0010159342,0.0029324724,0.020265168,0.015808476,1.7768726
102,2.4097664,2.1405604,0.011658761,0.006757701,0.003463646,0.022100572,0.068031795,2.4547966
103,2.0660112,1.9792901,0.06436021,0.0011520764,0.010800245,0.021744106,0.0028955187,2.0080857
104,2.0519063,2.325607,0.012706734,0.026424691,0.00029708073,0.01931799,0.009452195,2.3803048
105,1.3795438,1.9038523,0.24841295,0.019550499,0.002354909,0.008119541,0.0004629112,1.7080805
106,2.41378,2.160608,0.020020036,0.03227659,0.02046647,0.040395997,0.015831875,2.173242
107,1.8043132,2.4863727,0.031656746,0.07368613,0.009362744,0.035520203,2.5092755e-05,2.002333
108,1.6376475,2.3512232,0.014706994,0.0034725324,0.001883662,0.0028221803,0.0070781205,2.0004668
109,1.4916801,1.9631398,0.23003009,0.007999565,0.037288874,0.0024535935,0.0038016604,2.035801
110,2.020197,2.1251574,0.11431993,0.0721731,0.05565584,0.011279519,0.0054895184,2.0217805
111,1.2625661,2.5022852,0.011582368,0.05826031,0.0053932383,0.01344862,0.005531665,1.7906189
112,2.0078044,1.7628139,0.37725413,3.722102e-05,0.014784527,0.008995281,0.011721105,2.3930116
113,1.6178328,2.0026731,0.1905544,0.03702306,0.00054063636,0.0017894916,0.0149753615,1.9985027
114,1.3935915,2.274885,0.18298133,0.0020827334,0.03132596,0.040368095,0.013501556,1.8105875
115,1.9189651,2.4131165,0.11847004,0.0029219305,0.031775374,0.009038308,0.0034759126,2.071769
116,1.6302123,1.3527664,0.6418147,0.009599611,0.004423224,0.021545932,0.10326882,1.9285659
117,3.157503,1.9126502,0.47329888,0.007002013,0.01790464,0.037953153,0.009618006,1.7014208
118,2.1097279,2.0782247,0.3356869,0.010890187,0.018421352,0.026254041,0.0065434505,1.8168284
119,2.0396643,1.584243,0.4263144,0.0023970813,0.00920849,0.0015001248,0.015330617,1.8426195
120,1.9001739,1.7649978,0.3897804,0.025447888,0.0072412235,0.005593016,0.005525895,2.0580554
121,2.143913,2.219813,0.5044868,0.0034394064,0.0041873422,0.06653903,0.0094584795,1.8118247
122,2.2499206,1.7198721,0.67240185,0.017481236,0.00015740382,0.0013713181,0.0013278038,1.738472
123,2.3150785,2.1203394,0.5633579,0.045044363,0.006689253,0.000500551,0.0037625134,2.2125874
124,2.0095768,1.7509298,0.6342016,0.05667224,0.05576109,0.005831532,0.0074409656,1.8105543
125,1.9547164,1.7621367,0.6503522,0.0022942284,0.0003599143,0.027559668,0.0012370228,1.804652
126,2.4376833,2.2013705,0.60455793,0.002414329,0.0039939606,0.03760257,0.033590984,2.0873165
127,1.7059276,2.193163,0.7889508,0.005568927,0.00036746706,0.027566884,0.003859185,1.6973519
128,1.9943347,1.7280267,0.7011333,0.12747052,0.0120029505,0.016024362,0.0034803727,1.8970613
129,1.4266754,2.193666,0.7321679,0.010903929,0.0006274104,0.0061606825,0.010679095,2.1036403
130,2.0451891,1.9000038,0.87546813,0.009322993,0.0022138942,0.01052989,0.001582793,1.9090385
131,1.2751952,2.0714881,1.0043646,0.07087944,0.015053073,0.023607694,0.052732553,1.8210106
132,2.048012,2.0086935,0.93996865,0.08563205,0.00013366166,0.038212884,0.037929833,2.3560538
133,1.6783456,2.5013983,0.9160569,0.020904526,0.0024716032,0.006921009,0.01694989,2.2444608
134,1.4809433,1.8633437,1.0591233,0.03379587,0.011627238,0.026253227,0.009905143,1.9508198
135,1.8204504,2.2187283,0.9924877,0.06652479,0.05058219,0.13686311,0.22260734,1.965278
136,1.6296835,1.3318659,1.161598,0.018528523,0.08545459,0.01157207,0.007766376,1.7731097
137,2.112179,1.5177493,1.1922071,0.012874369,0.013287775,0.0036433253,0.13383654,1.4072745
138,1.4072932,1.943596,1.2204899,0.0032390624,0.0042204815,0.024118599,0.0010521166,2.0895824
139,3.047858,2.292777,1.1668125,0.03482033,0.05188281,0.0017557231,0.009423983,1.8267285
140,2.4314923,2.4645736,1.0530448,0.013147803,0.0012388075,0.003685873,0.010465551,2.2525141
141,2.411951,2.9419048,1.0699354,0.0053055547,0.0029131484,0.017445927,0.00025162005,1.7305254
142,1.9843506,1.6614869,1.2024474,0.005535263,0.0048565175,0.0159422,0.079906106,2.1319306
143,1.5754081,1.6999004,1.3007667,0.05654931,0.026607014,0.0016181445,0.0031906622,2.1667457
144,2.2558324,2.4093723,1.1901585,0.011734394,0.0111471135,0.00682219,0.004334699,2.346779
145,1.6255027,2.2825866,1.3264563,0.0050934805,0.0018425924,0.015289689,0.0037617865,1.8946666
146,2.2994494,1.4785992,1.1875767,0.018493991,0.07763807,0.047704194,0.026342709,2.697717
147,1.555284,2.192556,1.4504943,0.006115085,0.0022453421,0.006866861,0.0007851535,2.117136
148,2.403271,2.2242198,1.3324583,0.025003104,0.00431676,0.00049898133,0.027482834,2.315543
149,2.0308952,1.533418,1.4547738,0.09190036,0.017310947,0.13544416,0.06008694,1.9350538
150,1.7386818,1.2769635,1.5412633,0.01637262,0.026769256,0.060551796,0.0042028097,2.3916066
151,2.374063,1.8036722,1.3406887,0.00036186,0.06704342,0.04431656,0.08091924,1.4710189
152,2.011001,1.7532952,1.4641327,0.0011151248,0.016031725,0.009627063,0.0034984618,2.049538
153,2.3672264,2.5435991,1.3706588,0.011553601,0.00032948988,0.0014380615,0.0052884263,2.0142014
154,2.096049,2.2661028,1.4178678,0.00038485523,0.053150464,0.0008139133,0.06961212,1.8296645
155,1.4342189,1.7206907,1.6477401,0.002124693,0.016079392,0.0045967097,0.07357173,1.8064498
156,1.5908084,1.337937,1.6506193,0.10563386,0.22291939,0.066368505,0.0048915492,1.9337806
157,2.2439277,1.9773992,1.5697477,0.052766524,0.0071516843,0.019083459,0.028724864,2.8104267
158,2.396717,1.5954213,1.2737919,0.24423638,0.4859287,0.20549573,0.014329287,1.7288811
159,2.3886602,2.5657892,1.5974668,0.0038930457,0.04592237,0.019889457,0.0006130084,2.3269722
160,1.7833655,2.2100694,1.5367262,0.015841994,0.015610258,0.0053985463,0.020412568,1.9620084
161,2.1683831,2.1265893,1.4505435,0.026668647,0.019677754,0.02553448,0.03741382,1.8008698
162,1.756485,1.1582977,1.8508021,0.022322958,0.0079650525,0.021913493,0.027376682,1.7886313
163,2.2232738,1.91912,1.5863523,0.0070282463,0.025885897,0.001808043,0.0041491934,2.73029
164,1.747271,2.1408982,1.6642516,0.00094048376,0.002189047,0.044893377,0.042344425,2.1823444
165,2.8542633,2.4079237,1.8103139,0.011811767,0.004022141,0.0027765096,0.0022911872,2.082468
166,2.7593095,2.7462914,1.8726541,0.06840716,0.007592919,3.6042702e-06,0.040215883,2.3853962
167,1.7346728,1.9245791,1.6741022,0.07033112,0.0405451,0.028099816,0.01493896,1.8780228
168,2.3107576,1.9341071,1.6395915,0.028341692,0.0019672061,0.016705211,0.05736287,2.0301673
169,2.7646632,1.9100206,1.707221,0.0041448185,0.029558696,0.051860496,0.012319867,2.3104014
170,1.8682362,2.3204277,1.5649474,0.000999126,0.024173558,0.027296623,0.029965008,1.628314
171,2.1647654,2.9934335,1.6933091,0.0567625,0.026350873,0.13238916,0.027156899,1.7760122
172,2.2453444,1.854939,1.7069205,0.010549428,0.12976529,0.03953321,0.029658101,2.6737397
173,2.0012405,2.1189163,1.5992454,0.058592513,0.067230135,0.016516175,0.013780769,1.9012434
174,2.116394,1.9174973,1.6645107,0.09318611,0.02567279,0.07940203,0.005708114,2.157576
175,2.3457546,2.549714,1.8827945,0.085329235,0.030110836,0.057841167,6.8774156e-05,2.024862
176,2.0920706,2.1308558,1.5538087,0.16188419,0.086549334,0.27365118,0.039832573,2.1481967
177,1.7530277,1.7199302,1.8211329,0.024439696,0.11905889,0.06214853,0.028642751,1.6542304
178,2.0123875,1.8944744,1.7360431,0.00059733656,0.0059105246,0.016016748,0.0006424527,1.8661774
179,2.4125788,2.7661068,1.9945219,0.040133152,0.037209634,0.04018596,0.043069944,1.7209258
180,1.8851125,1.9721699,1.7860543,0.08702821,0.017785206,0.032624763,0.0014820885,2.208316
181,1.8207823,2.0349205,1.7986302,0.005841102,0.059310637,0.0101486435,0.070727564,1.7804264
182,2.420648,1.6872528,1.9588696,0.008777671,0.03272243,0.04239717,0.0064128153,1.6958805
183,2.3641064,2.3983357,2.026959,0.043883376,0.01380007,0.025907626,0.011654067,1.8799422
184,1.5633438,1.7026348,1.9718573,0.16835909,0.013833464,0.0027666802,0.039468892,1.6422641
185,2.228351,2.14221,1.8436491,0.056249313,0.005091538,0.025521215,0.010397686,1.8233172
186,2.2565236,2.049978,1.8582323,0.03480206,0.0003621747,0.033335645,0.01744915,1.5204666
187,1.6196212,1.6189158,2.2688997,0.0009110287,0.013389306,0.028071702,0.056551322,1.9646044
188,1.4561888,2.3558648,1.9238942,0.03909119,0.09647513,0.049184684,0.043348487,1.9081951
189,1.6397101,2.1439762,1.9024245,0.067396946,0.026311783,0.0021759511,0.07561039,2.0390406
190,2.1785555,2.089962,1.8789388,0.034242228,0.0027187774,0.008153602,0.057586756,2.0181336
191,1.7470177,2.252461,1.8784534,0.0036325126,0.027138285,0.009622473,0.0021643776,1.968109
192,1.6205505,1.95916,1.9663495,0.009561323,0.0738266,0.0031432991,0.105820484,1.7330546
193,2.2181752,2.1329587,1.7361144,0.0785876,0.037630852,0.22293091,0.0008651436,1.7678989
194,2.133436,1.8389398,2.0417678,0.035546705,0.039089423,0.049582414,0.009556256,1.974093
195,2.2210908,2.0238895,1.96481,0.0004017802,0.010324056,0.027406,0.046579193,1.550305
196,1.6624472,1.687289,2.3903813,0.06075747,0.058324173,0.1630432,0.014683343,1.9243795
197,1.5640694,1.3521224,2.0398695,0.25625676,0.4759401,0.35886437,0.031641506,1.8909497
198,2.827023,1.8275645,1.613718,0.5468095,0.13619648,0.13561581,0.18041998,2.0571606
199,2.2370615,2.241623,1.7469769,0.14630106,0.17092825,0.14375292,0.014706674,1.774647
200,2.5629218,1.9164616,2.1985614,0.013200134,0.00681941,0.002423299,0.0008098529,2.0281355
201,1.5607461,2.1112947,2.1949735,0.029978164,0.088090815,0.024161749,0.06589202,2.104638
202,2.0794914,1.6189154,2.521439,0.016063347,0.012928469,0.005900185,0.054894336,1.5660558
203,2.7394338,1.8615043,2.1800807,0.0022499282,0.0031875675,0.025463227,0.002950418,1.8496071
204,1.8105291,1.716848,1.7241167,0.12772055,0.39653838,0.22091345,0.037060656,1.8779801
205,1.7409939,2.0570314,1.8721344,0.02752849,0.07465737,0.0022251091,0.01061937,1.3666351
206,1.4421142,1.8146677,2.6712446,0.016664874,0.0772881,0.0017206914,0.0008455566,2.1649103
207,1.8819696,1.8153664,2.5459502,0.16113822,0.09641443,0.06860713,0.04919589,1.9083589
208,2.3300488,1.9865501,1.9401567,0.114040434,0.16021745,0.22616315,0.0061867116,1.2336754
209,2.4086714,1.5412502,2.6670825,0.0037356094,0.030235548,0.023524705,0.0004536468,2.1347506
210,1.9673709,2.0017388,2.6589181,0.07454994,0.07828312,0.08525263,0.036049087,2.0500515
211,2.5042312,1.8432821,2.1375816,0.20085575,0.10628857,0.30723047,0.02157549,2.2884667
212,1.9253366,2.0239856,2.0264995,0.17198661,0.14635363,0.07775345,0.0066202036,1.7937399
213,1.864899,2.4183815,2.54986,0.014773744,0.0835238,0.015068616,0.0030726441,2.331013
214,1.7036844,2.1897218,2.2612336,0.39015245,0.26628867,0.20891199,0.025009127,1.478761
215,2.1253126,2.4580297,1.9164752,0.2119722,0.35878155,0.13233265,0.0058313464,1.313497
216,1.6724474,2.1905155,2.056175,0.16617802,0.15431562,0.121252485,0.0016275849,2.4021153
217,1.8771361,2.2707894,1.5846664,0.37392434,0.22950156,0.13516498,0.049127586,1.7701093
218,0.00741544,0.013485754,0.074195705,1.1118534,0.068365574,0.001405398,0.017126968,0.008754154
219,2.0697558,2.0953286,2.2556095,0.22860348,0.18993042,0.28120077,0.0360279,2.4605744
220,2.3487623,1.7844944,2.5880919,0.47629708,0.5159649,0.24023764,0.0010721129,1.7361761
221,0.07854509,0.0050904923,0.0025645744,1.2029436,0.005437754,0.009051513,0.020852005,0.012288669
222,2.3933,1.8392166,1.971708,0.46111473,0.31979838,0.30925316,0.0047227736,2.1266248
223,2.2969701,2.0573938,1.5921738,0.46736357,0.38832894,0.62320197,0.034069933,2.8492882
224,1.8913847,1.819442,1.5889336,0.3552497,0.25515065,0.5626291,0.006461595,1.8998474
225,2.4801588,1.7535391,1.8285834,0.44180125,0.546209,0.348581,0.030891554,1.7367567
226,0.31163052,0.042582244,0.006748214,1.40986,0.014377893,0.0018873852,0.0031056632,0.4224487
227,1.7899941,2.298432,1.4871787,0.5721034,0.5647259,0.23034506,0.0032686328,1.5553762
228,2.143519,2.3752375,2.0796425,0.36646056,0.49455398,0.3879362,0.0062913,2.1768563
229,0.00054820674,0.061582442,0.0004708702,1.3043963,0.01145378,0.014102037,4.65719e-05,0.060848203
230,1.6350507,1.9095491,1.3683807,0.69332975,0.5937518,0.37741092,0.001205979,2.381888
231,2.1159537,1.9948192,1.6905788,0.7390865,0.38350582,0.26109755,0.0335521,2.1713161
232,0.0029294116,0.0005767764,0.0024637296,1.3348589,0.020478167,0.0132281035,0.008629272,0.014085577
233,2.454762,1.9382333,1.7829117,0.7549548,0.54707265,0.42361733,0.024386814,1.5628355
234,0.039865334,0.02828837,0.007210967,1.3935547,0.00223814,0.0024708174,0.06286558,0.019528225
235,1.660728,2.3743575,1.6914473,0.36349717,0.53235936,0.5190344,0.0109173665,1.9638896
236,0.04141387,0.009486149,0.020714384,1.4173075,0.044243187,0.0074841543,0.0118931765,0.0053246412
237,0.037995774,0.0005807932,0.060543485,1.3840641,0.047685124,0.0050358614,0.002894416,0.086223416
238,0.008894739,0.013782059,0.0157045,1.4117756,0.0030075822,0.021677207,0.0012810737,0.071610756
239,1.8367352,2.1364877,1.5661272,0.38710552,0.8682877,0.259085,0.0011219496,1.7399266
240,2.3221128,2.0954187,1.6793486,0.71383166,0.36367857,0.61512077,0.003877926,1.9878297
241,0.0052731484,0.0018104847,0.039373174,1.4196647,0.0017399936,0.008379507,0.0322872,0.017242825
242,0.020032244,0.019080782,0.0042101173,1.4514049,0.028790817,0.00075665105,0.02154227,0.028043777
243,0.011673817,0.0059701796,0.056987256,1.4264958,0.027914941,0.0029693139,0.0075179716,0.037574504
244,1.8661034,2.2528403,2.129267,0.5323578,0.49501577,0.6923483,0.0030086082,1.9999262
245,1.7068381,2.474242,1.7454765,0.6723882,0.69125515,0.60062104,0.034604117,2.4554935
246,0.11728628,0.010931706,0.009837234,1.5114439,0.021945141,0.00542838,0.0012638199,0.014276898
247,2.000245,2.4292903,2.347355,0.780994,0.7313555,0.45704785,0.06884399,2.4518938
248,2.3764513,2.9096751,2.1779637,0.50276846,0.78001106,0.72151655,0.024709696,1.8412088
249,0.08907829,0.00054462487,0.018309055,1.5318767,0.0537299,0.0052901558,0.030926658,0.028241219
250,0.015369171,0.07128334,0.039700203,1.4819455,0.0044343863,0.0044658342,0.033233363,0.011748366
251,0.019694466,0.0041391533,0.049885374,1.4807433,0.0048000114,0.006578309,0.009647208,0.028535122
252,2.0798626,2.41363,2.0058806,0.4968099,0.46774343,1.10724,0.0003385736,2.9193983
253,0.016657548,0.0060331626,0.08896051,1.5523441,0.0040545515,0.0016267543,0.008839533,0.025771806
254,0.0073204916,0.003636655,0.0014769521,1.6479656,0.004727552,0.002949906,0.009294721,0.02347291
255,0.05818069,0.019986162,0.0105741015,1.6213323,0.0009801144,0.001155066,0.038894054,0.003851946
256,0.0065447195,0.012499271,0.0031572848,1.6347013,0.03580013,0.0013403194,0.008975894,0.00877774
257,1.9498489,2.129848,2.0409834,0.5353985,0.90584356,0.5478435,0.0056590135,2.1502368
258,0.08617317,0.0043384368,0.009221457,1.6450108,0.0042850375,0.0109084,0.01787477,0.032385543
259,0.14550017,0.007390443,0.052254997,1.5482948,0.0070500257,0.025552815,0.015474027,0.1670698
260,0.00544597,0.0019314272,0.38660398,1.4483744,0.010935216,0.0026866447,0.015043343,0.046730682
261,0.028182259,0.0073170653,0.0013710436,1.669661,0.1549644,0.015667414,0.003031209,0.0083175525
262,0.0035563696,0.009595332,0.016339619,1.6806597,0.015123683,0.027453855,0.0032291326,0.0018262692
263,0.013383468,0.013527059,0.04762848,1.6726482,0.13103625,0.005046938,0.015619532,0.0019965013
264,0.016598936,0.04498053,0.009315947,1.6632994,0.009689759,0.12815674,0.0017431368,0.005385334
265,0.062231194,0.053292777,0.04231355,1.4580452,0.24444495,0.23924275,0.14624321,0.34083512
266,0.010013393,0.008204995,0.008988267,1.7058305,0.05653923,0.021114802,0.05770086,0.005173198
267,2.1252062,1.8564069,1.831565,0.5700689,0.7453678,0.8104035,0.014235831,1.829923
268,0.0009897087,0.007297083,0.008940423,1.7318114,0.021062108,0.0039546154,0.017966697,0.0060505294
269,0.123423114,0.055199448,0.011592398,1.7040038,0.00020064018,0.057508368,0.00047368088,0.0064298473
270,0.032265227,0.008165411,0.012876068,1.7299283,0.0030185974,0.016746366,0.03616573,0.031742346
271,0.011875712,0.008482503,0.07620023,1.7230941,0.05382148,0.053098705,0.0060267136,0.019250426
272,0.025199063,0.0044481303,0.043660607,1.7378101,0.0414545,0.030275265,0.072141245,0.013204347
273,0.006152658,0.013184226,0.0040341155,1.7621366,0.03889029,0.00050142565,0.0039266096,0.02970199
274,0.006094502,0.024219425,0.007382289,1.7396002,0.009791706,0.045291908,0.034786727,0.05663714
275,0.003907425,0.0190727,0.011244788,1.7672995,0.012165874,0.0010777689,0.0030217846,0.012652389
276,2.13726,1.6568853,1.6026776,0.849849,0.7409209,0.7380373,0.015780646,1.7703413
277,0.05436274,0.02966448,0.39763427,1.6472523,0.034190368,0.0042292387,0.006219338,0.0004049112
278,2.6331403,2.6086257,1.7652502,0.90190655,1.1158342,0.739463,0.018722547,2.4668906
279,0.05015056,0.0027138924,0.022787306,1.7543321,0.034987982,0.017953096,0.0014190851,0.014279362
280,0.017143479,0.20999506,0.5762222,1.6183302,0.0070235385,0.033931065,0.12967607,0.0070526656
281,0.005249621,0.021469079,0.02560626,1.7747219,0.017042575,0.0065230452,0.0038614215,0.0019702963
282,2.5413177,2.019526,1.554185,0.8293987,0.85192174,0.7244788,0.13392884,1.7008548
283,0.053287912,0.120614,0.35126984,1.6490113,0.04478211,0.009947883,0.008650136,0.0094797965
284,1.6334699,1.8102883,2.1125848,0.7981094,0.65020645,0.93705314,0.0120570185,2.1790411
285,2.28592,2.7648067,2.0104654,1.0037357,0.71607476,1.0001872,0.0021519405,2.2042413
286,2.2724433,1.8610225,2.2654328,0.8618111,0.7643983,0.8101925,0.031227706,2.116152
287,0.036422797,0.0040177917,0.014420802,1.7948837,0.014121121,0.00045101735,0.0076978835,0.0014267308
288,0.06567423,0.019098585,0.5956978,1.6649969,0.005837689,0.027124034,0.029285979,0.017807705
289,0.03221986,0.006117863,0.007370011,1.7627561,0.0054439986,0.05792496,0.011890275,0.03618384
290,0.030045435,0.0050992616,0.004208064,1.7987775,0.012960594,0.0050592334,0.00067417056,0.0015399327
291,0.026286962,0.008898274,0.033687785,1.7925799,0.01665927,0.0035055878,0.014049641,0.034175053
292,0.002326486,0.008314035,0.57304066,1.6888058,0.019306866,0.025346652,0.017908307,0.0025054945
293,0.00592353,0.0018422868,0.006168677,1.7764847,0.101173155,0.14484037,0.0019490506,0.01995895
294,0.014170869,0.0014419951,0.011816757,1.8107074,0.002552377,0.008232401,0.0031346793,0.0150374845
295,2.1207597,2.3678901,1.6314203,1.0221589,0.88689864,0.67400604,0.029615348,1.5079985
296,0.05243989,0.048918407,0.021821752,1.8123319,0.017565744,0.007001873,0.008335735,0.05380976
297,1.7501172,2.4014683,1.7006161,0.9011594,0.89654493,0.8445839,0.084759966,1.9915217
298,0.03319103,0.016900618,0.05717171,1.7842013,0.0110003585,0.032382514,0.012471024,0.1419966
299,0.015516238,0.052419435,0.008279853,1.8265045,3.2885666e-05,0.005307279,0.022024488,0.029453658
300,0.00016028974,0.016828652,0.0029869855,1.8318075,0.007019977,0.02708973,0.010269317,0.018098587
301,0.020372672,0.0094289975,0.06814639,1.8238527,0.0171532,0.027193075,0.012679525,0.02798195
302,0.028152516,0.002986552,0.008921546,1.8434383,0.032881282,0.009830298,0.017471755,0.004423939
303,0.014153296,0.8587597,1.053717,1.6276082,0.028874865,0.046434987,0.012629662,0.0136662265
304,0.0042011803,0.0068934523,0.9874654,1.999937,0.010294638,0.027965512,0.0034366124,0.02811741
305,0.09333942,0.0018438533,0.010954489,1.8344203,0.017013041,0.0042145285,0.009969064,0.049489845
306,0.06231938,0.00624013,0.042079844,1.7949002,0.013909031,0.0018333122,0.0011674461,0.21734975
307,0.033826053,0.025276488,0.00685723,1.8632572,0.006650954,0.0016684481,0.021088244,0.0002591306
308,0.0045398655,0.004796788,0.020103708,1.8536185,0.009597404,0.037513115,0.032066252,0.018932318
309,0.040532306,0.30813166,1.2773703,1.6127998,0.06373536,0.3519721,0.0097393785,0.050175164
310,0.007701576,0.010043689,1.3201687,1.8793052,0.007847128,0.04926407,0.0003317678,0.0030490232
311,0.037306327,0.0003442712,0.017259182,1.8449644,0.005626678,0.10880939,0.00451345,0.0080970675
312,0.0017025528,0.048314065,0.0043053343,1.8642402,0.0074458905,0.054803304,0.014147965,0.014438681
313,0.03374907,0.05486002,1.3868885,1.7959318,0.017818954,0.006887338,0.019866738,0.0067296554
314,0.010720803,0.024859397,0.011758606,1.8711432,0.0388663,0.04760468,0.013130319,0.023791958
315,0.0124293165,0.5824179,1.3506807,1.6528325,0.11960459,0.0022072957,0.012919724,0.0690171
316,1.6140773,2.2976897,1.7259064,0.68932754,1.1167992,1.0911156,0.1466207,2.3713605
317,0.016824737,0.12833309,1.5531566,2.4605665,0.03811548,0.10748469,0.09143455,0.17451613
318,0.10798608,0.023458797,1.6756784,2.5762186,0.041291963,0.08172723,0.014180908,0.07388299
319,0.013985058,0.0066841654,0.014468683,1.8976854,0.0074204276,0.004427695,0.01120059,0.00910772
320,0.0011765172,0.005016106,0.0016667225,1.8974192,0.004680064,0.037007324,0.0015488771,0.02386381
321,0.108488,0.040385995,0.04344391,1.8506018,0.029002571,0.0036212266,0.016717197,0.042786133
322,0.33770514,0.35748997,1.5706762,2.3272128,0.06903688,0.13224453,0.10022103,0.11407259
323,0.11016268,0.4738652,1.4889013,1.9592345,0.27150536,0.12822062,0.015463509,0.058700904
324,0.025880784,0.10056342,1.6597252,2.0629475,0.005773772,0.0161849,0.014234774,0.005558294
325,0.06942124,0.09892979,1.7748647,2.4255571,0.012623947,0.007927058,0.00923966,0.0028957638
326,8.068172e-05,0.03597539,1.6672655,1.9579633,0.003758791,0.0058003217,0.010103507,0.022222642
327,0.029769387,0.042294152,0.032539662,1.8705207,0.00046300926,0.023014396,0.021601418,0.1254444
328,2.692038,1.9499031,1.7727503,1.0956081,1.0159708,1.1548243,0.025452822,2.7131503
329,1.7895453,1.9544206,1.6358217,0.75090146,0.9845997,0.95631313,0.012387246,1.5940167
330,2.5067322,1.9449563,1.9306251,1.3877313,0.9196612,0.85326403,0.024765959,1.7887589
331,0.004548937,0.014704216,0.007055065,1.91118,0.024958279,0.0005328206,0.01408441,0.007969719
332,0.0078011104,0.107528426,1.8491194,2.0566468,0.017370764,0.019113252,0.020048063,0.049526423
333,1.696738,2.2750542,1.5467446,0.8303582,0.9786233,1.0065807,0.00139823,1.5899131
334,0.100506105,0.0118312705,1.8778203,1.9448227,0.0033463207,0.00046692812,0.00052804017,0.0025139127
335,0.013045703,0.022523245,1.8230119,1.5968403,0.061485607,0.013339659,0.0020806855,0.024557093
336,0.018468942,0.0014516822,0.0076749143,1.9112657,0.00884609,0.006161829,0.00996393,0.006807337
337,0.80459124,0.01607466,1.8675504,2.1286623,0.6715268,0.65807295,0.0060185664,0.83783746
338,0.5097204,0.09196582,1.6481218,1.4978487,0.25385115,0.50348765,0.16731201,0.28160813
339,0.38129625,0.1350712,2.1016407,2.363706,0.62591535,0.32326043,0.0042759767,0.37638468
340,0.0033184316,0.0019946622,0.022975884,1.9231361,0.021739328,0.005861964,0.02278517,0.017663771
341,0.0009941234,0.0027810447,2.487184,2.027022,0.0087186275,0.010801466,0.012468472,0.040966492
342,0.044466197,0.25544226,1.8602371,1.476993,0.07049972,0.008818278,6.145814e-05,0.048461754
343,0.027158689,0.004731046,2.6988993,1.7695857,0.03275319,0.0142514985,0.0010939584,0.01105837
344,0.020730786,0.00040415753,0.0037507762,1.9199594,0.0056441757,0.0018882173,0.005839649,0.0019693382
345,0.5989448,0.42659506,1.4310191,1.6057873,0.4037197,0.38280293,0.31820375,0.80341953
346,0.06841164,0.4219005,1.8395511,1.6731143,0.02870553,0.0035409934,0.034677085,0.008183497
347,0.12787575,0.47883344,0.69682276,2.1892476,0.12468247,0.14557728,0.007952372,0.060080767
348,0.016905943,0.5548535,0.7624308,2.302273,0.24542911,0.017364433,0.0061057946,0.021623347
349,0.0013459743,0.27851233,2.4573734,1.9119642,0.0497472,0.00977,0.00075071835,0.036026936
350,0.008597143,0.15463473,0.83001876,2.3578677,0.026720978,0.01874838,0.0056430376,0.003027862
351,0.016080046,0.6100852,2.055157,1.8348455,0.035663165,0.108867094,0.02249672,0.021150189
352,0.23296522,0.6850504,1.779898,2.0789924,0.08594324,0.2113801,0.033929847,0.20633377
353,0.14306514,0.41630214,2.4108648,1.6823555,0.18974054,0.113853276,0.04195799,0.017700927
354,0.3057388,0.011685532,0.026834382,1.7274,0.08714081,0.31012997,0.015334939,0.16284901
355,2.2610154,2.2572808,2.1162517,1.3799866,1.12862,0.9656899,0.033632446,2.0890372
356,2.1969604,2.4655426,1.8929111,1.1345543,1.2163445,1.0575196,0.016450591,1.6137431
357,0.047518972,0.0075615086,0.2605502,1.9802047,0.01590256,0.024274016,0.010255417,0.03025546
358,0.041920375,0.0015415124,0.0035663052,1.9266769,0.0051963283,0.009851344,0.02603899,0.06884331
359,0.060876008,0.007342239,0.026941316,1.911627,0.0059870845,0.16682746,0.025914138,0.011180717
360,2.5715337,1.5457953,1.6262772,1.2758131,0.8183938,1.3282379,0.037252765,1.6807029
361,1.918067,2.5079753,1.4196562,0.93938535,1.1435915,1.123851,0.0010320793,1.5571452
362,0.008393244,0.9144118,2.267822,2.0289698,0.04361974,0.0067008454,0.099655084,0.005796141
363,0.008336033,0.0014408883,0.03495385,1.9653735,0.008249958,0.006093543,0.01411903,0.0011625092
364,2.0954335,1.5539395,2.0958004,0.9551585,1.1901911,0.9316116,0.0024605612,1.871175
365,2.211457,1.8832132,2.240403,1.3059214,0.8719822,1.0837739,0.038695537,1.3463681
366,1.7154061,2.1487608,2.0106497,0.7860413,1.159966,0.90982443,0.015814057,1.6400189
367,0.06812356,1.0318816,1.6765534,1.6889594,0.025646651,0.028268136,0.018272568,0.013087213
368,0.005093918,0.014927933,0.9598834,2.702052,0.009710162,0.02932456,0.028820416,0.018722083
369,0.017178738,0.06174718,0.004080675,1.9405811,0.05701482,0.09895823,0.008478608,0.0025817745
370,0.012356886,1.0992756,1.5712042,1.6563262,0.022364955,0.061040755,0.019593945,0.042178046
371,0.10139207,0.010738523,0.0010908245,1.9384537,7.767296e-06,0.08869577,0.0066889343,0.03740288
372,0.0058181356,0.017090883,0.1581696,2.0224357,0.001981726,0.020796841,0.01886628,0.06952249
373,0.032559562,0.009775384,0.07771568,1.97864,0.009198739,0.008858177,0.012091213,0.032097004
374,0.009384202,0.04981141,0.00045519814,1.9523673,0.03989025,0.036288485,0.015113298,0.083063796
375,1.9963633,2.0586596,1.791859,1.2884452,1.0881063,1.1443738,0.010515934,1.6847706
376,0.014813993,0.0039208094,0.0004196724,2.0241232,0.0056921286,0.02386575,0.00012949064,0.0057631494
377,0.005138968,1.7943983e-05,0.033657625,2.0107048,0.00610665,0.011439594,0.009710608,0.011859294
378,2.8744614,2.104165,2.1966708,1.5621371,1.2402639,0.9531539,0.04418725,1.6031977
379,1.7173024,2.6086793,2.1449392,1.36626,1.3224636,0.6666198,0.003784213,1.6055659
380,0.015289586,0.02853049,0.0056846244,2.0112853,0.048892755,0.00023746441,0.003064483,0.030000636
381,0.0021109725,0.17235738,0.027214115,2.0339625,0.0013913672,0.02045622,0.016594267,0.002068287
382,0.06735954,0.020585284,0.03823003,2.0204513,0.018905945,0.023162907,0.11118449,0.00047409048
383,0.0052386927,0.0012133603,0.0109025035,2.041454,0.04511187,0.008958908,0.009876665,0.016200561
384,0.0061362386,0.0032588588,0.006740253,2.0409207,0.022341937,0.016106524,0.0027523404,0.010255399
385,1.5940146,1.6040324,1.4377226,0.87464494,1.0960344,0.9833582,0.02203957,1.911874
386,0.049850434,0.00945659,0.6610674,2.3495476,0.049279425,0.12760709,0.108404554,0.04323089
387,3.1639218,2.0321486,2.3689613,1.5237356,1.471634,1.0177803,0.014445711,2.062237
388,0.2621942,1.3864566,2.9126608,1.9262378,0.08480627,0.053340636,0.48071927,0.016564779
389,0.013967347,0.013015951,0.0016518185,2.0660481,0.008733919,0.0040546353,0.007848201,0.02093741
390,0.2307148,1.1216973,1.4596062,1.6683857,0.5126585,0.569645,0.08760994,0.7141152
391,1.506063,2.3235533,1.5858384,0.44486815,1.5022528,1.0726237,0.12815957,1.8106222
392,0.086619765,0.10317824,0.008068567,2.028778,0.0029591739,0.031493407,0.004868939,0.0028175446
393,0.025467707,0.035987977,0.07304208,2.173814,0.0069199926,0.009637164,0.18484375,0.01366362
394,0.008665621,0.001361683,0.012952006,2.0752559,0.0005033594,0.0011775354,0.009420576,0.11877843
395,0.21484561,1.6553466,2.4984868,2.5033274,0.17978768,0.07853697,0.013829366,0.08245601
396,1.9850013,1.1172049,2.1220558,0.73910725,1.1560737,1.2207407,0.2491013,1.9743729
397,1.9979308,1.748311,2.1334815,1.2972282,1.2928807,1.0885233,0.013752346,1.9228309
398,1.5528209,2.0639415,1.8167825,1.0899501,1.187824,1.3683006,0.0022671793,2.6778762
399,2.2847288,1.819419,2.1054945,1.5362257,1.4512969,1.1004585,0.007348424,1.6835995
400,0.02188761,0.013834668,0.007069612,2.0628865,0.10585988,0.03991798,0.03586861,0.017606294
401,0.012609086,0.008883891,0.00072824676,2.155693,0.0809155,0.010594682,0.006504852,0.008069956
402,0.001516161,0.008045395,0.0031713669,2.1259816,0.029848512,0.01366266,0.0076575987,0.008884835
403,1.6030266,1.7888356,1.3947754,0.8940755,1.3012316,1.3125204,0.029518535,1.83532
404,0.01215923,0.055977385,0.0010923889,2.1085868,0.01972295,0.026662061,0.00030848224,0.023730885
405,0.00086944865,0.04608785,0.034290772,2.1320934,0.068440594,0.00854743,0.007741701,0.01327267
406,0.00684932,0.08231164,0.010758728,2.117848,0.09102412,0.013040407,0.0113553535,0.0003275076
407,0.05831749,0.007991004,0.004142947,2.1136684,0.09234689,0.0030013202,0.008790849,0.023619995
408,0.017211923,0.023210922,0.004948582,2.1691513,0.041387264,0.014565648,0.0010742367,0.0039772796
409,0.00876031,0.049779363,0.24530776,2.3253682,0.022475729,0.0056314324,0.004174254,0.12342823
410,2.7959352,2.0138524,1.884854,1.2111471,1.6055479,1.5567137,0.0026479543,1.376279
411,0.019000575,0.031274438,0.015259528,2.1342826,0.088369645,0.035134222,0.0052684746,0.021840189
412,0.026252866,0.001447528,0.007461231,2.2191308,0.0037360748,0.032034256,0.013091661,0.0064024227
413,0.055381052,0.002927547,0.008385499,2.0989823,0.007050327,0.1090752,0.00027998578,0.08573344
414,0.25989938,1.3358206,1.92888,1.3899317,0.16677168,0.102747895,0.2300962,0.10155319
415,2.202247,1.7696301,1.7576494,1.1631279,1.3938631,1.5827056,0.0012073377,1.8862684
416,1.9526818,2.186441,2.133905,1.1449505,1.594307,1.2420405,0.026142946,2.6635265
417,0.008882464,0.013726072,0.0012340767,2.2514913,0.10190261,0.09441329,0.00249191,0.00862884
418,2.0557673,1.9195573,1.5207839,1.4944849,1.1804817,1.5102468,0.012555862,2.0679638
419,1.9032555,1.9744296,1.7810544,0.9776831,0.9846092,1.7875273,0.004478169,2.0364432
420,0.0017858869,1.7925415,1.9525222,1.5409482,0.039851606,0.001923097,0.011735309,0.0064452337
421,0.00783664,0.02599687,0.0031105045,2.2337332,0.0019514427,0.0013629897,0.01815075,0.04514228
422,0.10212755,0.008828434,0.13902873,2.0125163,0.07615736,0.09815402,0.018064642,0.18036425
423,0.076568834,0.00606609,0.31283748,2.2476258,0.07728073,0.14056686,0.0082065975,0.001451511
424,0.10539319,0.027869517,0.0026165978,2.1499245,0.029886378,0.020181952,0.015965478,0.0032083387
425,0.02056397,0.031341042,0.03351516,2.1736925,0.030908663,0.0059608705,0.0032318141,0.0771185
426,0.0072452584,0.0038095263,0.38239413,2.4141533,0.007504586,0.011845946,0.054766636,0.0026468304
427,2.4173436,1.9832053,2.803921,1.5969579,1.0692159,1.5799407,0.39907762,2.2409089
428,0.027562736,0.0036271093,0.001060368,2.2577178,0.0016472572,0.04069698,0.015411034,0.009233145
429,1.7774423,2.020817,2.1113636,1.4628127,1.3633832,1.1646538,0.055499744,1.1652974
430,0.24255887,1.7536618,2.2361088,2.3068593,0.444152,0.3779975,0.04200345,0.2778987
431,0.2378802,2.1757555,1.8318547,2.0555265,0.020910202,0.083766304,0.10178426,0.039090425
432,1.7711906,1.5637459,1.4781737,1.3837073,1.2019486,1.3733526,0.01288612,2.7328348
433,0.27582616,0.0009581956,0.07646552,2.2615802,0.00528307,0.0014471809,0.0015239232,0.035431527
434,0.009478242,0.02915627,0.01784031,2.2976847,0.00014092427,0.009749686,0.006515427,0.002190004
435,2.3835819,1.9886042,1.8025527,1.2625443,1.8268322,1.4810199,0.008724473,1.8246758
436,1.6529033,1.8232518,2.2664049,0.71408784,1.311382,1.1863227,0.76118225,2.1650205
437,2.2894802,2.1985946,1.6963416,1.3022741,1.7059475,1.6801685,0.004102434,2.1244082
438,0.11199367,2.0663128,2.3027303,2.0104134,0.14854927,0.18859842,0.26509184,0.25126895
439,0.007877994,0.0011248983,0.0050158096,2.319136,0.03917842,0.002629052,0.0014465109,0.013438414
440,0.021199087,0.09252907,0.09585159,2.2845538,0.07388128,0.111169726,0.0058749295,0.04739778
441,2.6627312,2.1167076,1.4912521,1.9342599,1.7799984,1.3520615,0.031222874,2.1275563
442,0.019983176,0.025725417,0.063383825,2.3134382,0.016836662,0.029081415,0.013102692,0.007476281
443,2.0157223,1.9079578,1.6667434,1.6487274,1.5271739,1.4971949,0.018464673,2.16386
444,1.7688868,2.1212182,2.2331076,1.0468581,1.0605469,1.7679862,0.5362101,1.231937
445,0.005918734,6.559142e-05,0.034311153,2.3429015,0.018906087,0.020009484,0.008620547,0.01877231
446,0.009126107,0.021058375,0.043763027,2.3208265,0.064179264,0.045485366,0.010140334,0.030956142
447,2.0847335,1.9441886,1.7207583,1.3774753,1.4171029,1.8497009,0.0033624195,2.3597639
448,0.014336895,0.00049518724,0.0074161594,2.3236299,0.034798898,0.033065792,0.012790564,0.052880377
449,0.0013820853,0.018095741,0.0013475863,2.3478441,0.004365014,0.021897465,0.016054688,0.05223773
450,1.9628328,1.892583,1.7210656,1.5185624,1.9420235,1.2387998,0.24407102,1.5578655
451,2.3176284,1.9877218,1.8973463,1.9961225,1.8102108,1.4146065,0.0014691772,1.5198761
452,2.0184412,1.8976899,2.5693717,1.5692657,1.2257621,1.6886678,0.01238689,2.239676
453,1.9028236,2.2597425,1.9733741,1.2901671,1.3971556,1.9219041,0.019153427,1.7495033
454,2.3194678,1.6567706,2.619793,1.2513639,1.9468472,1.5709765,0.0024330097,2.3314593
455,1.5101333,2.1171932,1.7609735,1.7343551,1.1849765,1.2589089,0.00034992563,2.0372624
456,1.6536357,1.8358568,2.0525029,1.3882929,1.2909108,1.6298525,0.006244619,2.1077814
457,2.8322809,2.1031275,2.4035754,1.7263802,1.6317446,2.3073373,0.046598624,2.02833
458,2.0277708,1.1598369,2.1168766,1.4061283,1.803893,1.7232645,0.012976909,1.8739709
459,0.0052910643,0.00016874894,0.00012451956,2.3668952,0.013931814,0.015818045,0.0044976417,0.041336067
460,2.155093,1.854966,1.8064423,1.4081117,1.8122609,1.7253994,0.04755952,2.1333637
461,0.07997574,0.008456898,0.0021815477,2.3517158,0.006580151,0.00151564,0.0017067813,0.03137398
462,0.018390073,0.094593614,0.020487996,2.362527,0.00038878186,0.015612789,0.0026239043,0.019742282
463,1.8923538,1.8966658,1.9270624,1.1565971,2.000723,1.6055602,0.0022015958,2.3014667
464,1.7362057,2.5583098,1.92551,1.9289589,1.2564207,1.638891,0.05418889,1.8579565
465,1.9984231,2.2373073,2.0452938,1.2460138,1.490149,1.9805162,0.4446397,1.5441674
466,1.7352278,2.0628493,2.1434247,1.4559686,1.669705,1.5328566,0.0046908874,2.2220736
467,2.3318336,1.9408903,2.3011403,1.9948833,1.4592853,1.7147369,0.02881916,2.605285
468,1.357124,2.186655,1.4340441,1.5672033,1.0593888,1.6525787,0.25731677,1.6979374
469,2.1893628,2.0670507,1.7264711,1.6525215,1.5446093,2.0229204,0.044101063,1.8511782
470,1.7405435,1.3287399,1.5274473,1.2488561,1.863481,1.4107894,0.0498635,2.3201945
471,2.0329213,1.8743391,1.7940326,1.9223126,1.5860767,1.559583,0.011639286,2.091836
472,0.19098313,0.19795528,0.0022683842,2.033446,0.24806769,0.25744477,0.0152174365,0.31981087
473,0.024895443,0.020087743,0.08054652,2.3776789,0.0018104684,0.083090074,0.046855293,0.01561878
474,1.9926324,1.8699892,2.0830762,1.4352531,1.7696757,1.9664111,0.08475449,2.4248657
475,1.877674,1.6716156,2.4784968,1.5990149,1.5322667,1.8678436,0.025400259,2.4857183
476,1.6896834,1.7682775,1.7858523,1.547128,1.5122497,1.5316219,0.0055243857,2.540901
477,1.8098937,1.4684032,2.4161315,1.9370073,1.6601136,2.0195103,0.1633585,1.3532656
478,2.1343606,1.6495738,2.1684186,1.6292696,1.657171,1.9287273,0.1059103,1.727494
479,1.7964101,1.5147145,1.9029579,1.6219158,1.3594277,1.9939262,0.040052008,1.9245532
480,2.3849852,1.6324507,2.3554802,1.9905914,1.8560511,1.7472016,0.028849004,2.0289345
481,0.0049781664,0.0036948647,0.018939294,2.416864,0.016793907,0.010046591,0.0079453755,0.012713151
482,1.7478316,1.7398547,2.29187,1.3346944,1.6691417,1.8773764,0.015755886,2.0740323
483,1.4443252,2.0521185,1.6410928,1.5072502,1.3773934,2.0844269,0.1220115,2.1762419
484,1.7140789,2.0757992,1.2705702,1.5802597,1.7512046,1.6321404,0.016515587,1.8317817
485,1.7820337,1.5239868,1.9016292,1.9026555,1.9098635,1.6955055,0.007946268,2.8714092
486,0.28148395,1.8908536,2.0418012,1.7089343,0.5219242,0.22282158,0.0039886907,0.48651198
487,0.10882874,1.7160108,1.4521816,1.200975,0.1932836,0.77113456,0.03552639,0.16849266
488,1.9268638,1.7377954,1.8030281,1.6272267,1.7161483,2.0588977,0.016136656,1.7988456
489,1.1010679,1.774175,1.4500309,2.400262,1.1640002,1.3689529,0.027206203,1.49941
490,1.8996147,1.9301013,2.4554105,2.0282907,1.628205,1.946467,0.06588167,2.5007045
491,1.8924083,1.7365208,1.2753127,2.0378952,1.6835316,1.9320722,0.006984687,2.093261
492,2.0335727,1.7532835,2.0935733,1.7901545,1.8718057,1.7209526,0.009823333,1.8653393
493,0.26305884,0.02764537,0.0101472605,2.3519342,0.16869341,0.19723357,0.017814854,0.24572799
494,1.825229,2.1045017,2.3785613,1.436141,1.7517788,1.8889097,0.008919166,1.6380297
495,2.1277869,2.318629,1.3433274,1.7080115,2.1608095,2.5684927,0.053955317,1.7458256
496,1.6598475,2.3278284,2.5527172,1.4254938,1.960898,1.3696829,0.006293266,1.9027725
497,1.9192992,1.9520963,1.727914,1.6487986,1.9634134,1.4969847,0.10159407,2.1335034
498,1.9527041,2.5657325,2.3663957,1.4328665,2.1267078,1.7101179,0.10823483,1.5337006
499,2.1413891,2.036327,2.4598207,2.1229777,1.7156922,1.7375737,0.036019746,2.0185366
500,1.9297086,2.5906632,2.0156133,2.074913,1.6211373,1.7751588,0.018456886,1.5948524
501,1.9991502,1.7272775,1.533143,1.974103,1.992297,1.837472,0.012186602,2.1055841
502,1.6009165,1.5611428,1.7395768,1.7364162,1.3949115,2.144867,0.22840784,2.0465174
503,1.7497303,2.0194626,1.9502227,1.8455725,1.8220965,1.4923146,0.0026262316,2.108839
504,0.010940752,0.03214426,0.08526049,2.4073465,0.005457727,0.017427158,0.0885804,0.11889414
505,1.6281506,1.8595494,2.0993435,2.0188215,1.5847878,1.5619252,0.08422973,1.6864394
506,1.4144304,2.24085,2.2584732,1.5211818,1.9467148,1.4199888,0.06941821,2.0629923
507,1.5884279,1.6430764,1.9742243,2.5144134,1.9050406,1.7309045,0.0013511997,2.662545
508,2.0110106,1.708336,1.7374587,2.0022144,2.013415,1.9081492,0.098295085,1.9812639
509,1.7448651,2.3177927,1.4751676,1.9816917,2.0487363,1.786499,0.0056364425,2.0577664
510,1.7076983,1.6622877,2.3229623,2.217356,1.867262,1.7812093,0.015182606,1.9929941
511,1.5845648,1.7451762,2.160506,1.3871914,1.8333293,1.7460179,0.0750554,1.7655147
512,1.9556961,2.0452235,1.7863233,2.2294133,1.9075629,1.9829395,0.018531034,2.2811751
513,1.3353742,1.6402999,1.4599855,1.0611074,1.5600948,1.9367898,0.04101663,1.8887255
514,1.6516548,1.9037464,2.2970521,1.8446012,2.0173652,1.7271895,0.020227924,1.4422194
515,1.831098,1.8576865,2.245143,1.870319,2.237042,2.014162,0.029838374,1.9546056
516,1.4509791,1.6088969,1.5168962,1.7269934,2.4659162,1.9506135,0.0069380305,1.6675223
517,1.516918,2.333645,2.1841574,1.5037299,1.7960255,1.9534292,0.0037137985,2.109731
518,1.2679187,2.7244601,1.8882656,1.65451,1.8201692,1.7995684,0.038176544,1.760546
519,1.3765674,1.9219481,1.9377685,1.361877,1.7041324,1.554783,0.0057127676,1.9212483
520,0.36441955,0.93038315,1.5915481,0.68839085,0.33395362,0.45112222,0.65622556,0.3392572
521,0.30895063,2.1747718,2.0502398,1.6298157,0.33201963,0.23037332,0.3848473,0.40700966
522,0.9458865,2.0479321,1.4334042,1.8956385,1.1359292,1.1470687,0.014952452,1.0671217
523,0.9811144,1.9676934,1.9581087,2.2917109,2.1322293,1.4229202,0.11666772,1.7635348
524,1.4504255,2.1770227,1.8127958,1.3809392,1.1653738,2.095012,0.33130375,1.5437284
525,0.043799616,0.0020919768,0.0048234416,2.4647214,0.010044636,0.0080438545,0.003760124,0.011730623
526,0.16162941,1.7942976,1.6733236,0.775576,0.1806577,0.056459546,0.2698542,0.23481303
527,1.3184334,1.9384806,1.7290721,1.2612914,1.1887184,1.3418801,0.36676982,1.6023706
528,0.012249507,0.010257084,0.018312199,2.5071435,0.022011599,0.002185897,0.0072826454,0.0077646645
529,1.2079581,2.0785353,1.9553033,1.0248134,2.1425405,1.499755,0.0718329,1.925778
530,0.6102043,2.6213071,2.1374624,1.5966324,0.4847502,0.4481949,0.38966778,0.6710246
531,0.078929015,0.0006410977,0.34977758,2.6145084,0.042561643,0.0014991853,4.7278172e-05,0.015258369
532,0.5435493,2.3443532,2.4455967,1.8097394,0.50444037,0.8235977,0.35238814,0.8802005
533,1.3097144,1.6628757,2.1575341,1.049115,1.3606745,1.2846134,0.13836332,1.7300811
534,0.58176845,2.6827722,2.086623,1.5655605,0.32733586,0.42749837,0.2940935,0.6507538
535,1.2924664,2.0799208,2.4335215,1.3671019,2.2796276,0.9099665,0.018792558,1.4455985
536,0.8708081,2.0764952,2.0861287,1.8493143,1.0653752,0.56554747,0.03106789,1.230948
537,0.006958655,0.0047689225,0.011888429,2.5082107,0.032107245,0.06064851,0.034983214,0.005139724
538,0.27207515,2.0096698,1.949412,1.5476403,0.1911653,0.9722534,0.303985,0.511129
539,0.009284899,0.0076503055,0.027088622,2.5641844,0.0041326773,0.08912237,0.0038610643,0.001917413
540,0.20539777,2.4662054,2.2376726,1.5427326,0.5879935,1.1511908,0.20555964,0.22074945
541,0.023975527,0.009289842,0.0021986861,2.5592287,0.035421122,0.00067445706,0.04311392,0.0026070357
542,0.024087548,0.009096563,0.0067180833,2.589794,0.03897835,0.0142073985,0.04680587,0.009497174
543,1.1406854,1.4409093,1.8255492,1.0530028,1.3002073,1.4935993,0.2747133,2.4013996
544,0.03963368,7.5161406e-05,0.00012226096,2.6074798,2.3393883e-05,0.017791277,0.09419942,0.015237762
545,0.00025656717,0.0014583594,0.006161302,2.6127188,0.0026055789,0.015685843,0.015365828,0.011065897
546,0.88208115,2.3240018,2.3453028,1.6461658,1.1510053,0.75617594,0.26294225,1.3181446
547,0.9757078,2.1959636,2.2256987,1.2270337,0.98700255,1.6209749,0.53929996,2.4738297
548,0.899499,1.8533515,1.8265982,1.1068759,2.280642,1.1521604,0.13389556,2.3482692
549,0.01879875,0.02011979,0.0007168156,2.9596229,0.018508965,0.0036904374,0.008539901,0.0037634398
550,1.5908964,1.4055942,2.0759444,1.1680652,1.2318186,1.4969864,0.5428638,1.9541262
551,0.007521734,0.027168063,0.00020939107,2.6824174,0.010891976,0.024748242,0.009978948,0.113932885
552,0.46920893,2.0904038,2.062435,0.92755616,0.48078215,0.058242247,0.0021069455,0.53517693
553,0.052258298,0.0038693214,0.0060379347,2.769826,0.016952004,0.006488922,0.0012233708,0.0053057806
554,0.20613922,1.5369737,2.3900557,1.4340397,0.3004319,0.5542123,0.6244111,0.9323945
555,0.5205743,2.177839,1.9124181,1.2915103,0.7239763,0.18140431,0.51804525,0.7077682
556,1.341878,2.2979794,1.8837025,0.7738935,0.8583346,1.140636,0.75062114,1.2574245
557,0.24658039,1.7978456,1.3856922,0.6124736,0.54177934,0.074010044,0.010961975,0.26695856
558,1.0014905,1.5622348,2.2557144,1.648557,1.3894304,0.48477355,0.7280115,1.4331785
559,0.8680761,1.8433661,2.3250597,1.2959398,0.9154725,1.2545451,0.3190651,1.5081913
560,0.5738094,2.0352597,1.8892747,1.2054765,0.80791306,0.5392293,0.9278057,0.8061683
561,0.69781506,2.565364,1.845216,0.7500811,1.3448719,1.126629,0.38649482,1.691949
562,0.30968753,2.1332831,1.3739395,1.224389,0.30157724,0.7982841,0.9790247,0.6464061
563,0.6583435,1.7665352,1.1652335,1.1279591,1.3304402,0.4852235,0.00024030083,1.1004485
564,0.85147506,2.0879135,1.9161694,0.67126054,1.2564583,1.6456642,0.6941554,1.6697431
565,0.86008507,1.7582481,1.6175208,0.61088973,1.2801232,0.83169174,0.37929997,1.1766762
566,0.841482,2.2080088,1.945887,0.5995183,2.1165323,0.86612755,0.09064483,1.5776306
567,0.8158648,2.0769,1.888071,0.73114985,1.2238411,1.3061649,0.74684453,1.5938728
568,0.6334008,2.2209554,1.7830656,0.75054705,1.0148008,0.3233535,0.12373659,1.6192377
569,0.54731363,1.4816666,1.5776845,0.57510054,0.9140168,1.1476375,0.2780764,1.3718389
570,0.43033326,2.2955039,1.7071102,0.6973137,0.39771667,1.3314304,0.99181044,1.12104
571,0.4794217,1.3242892,1.9239218,0.866164,0.5072692,1.3346418,0.81075495,1.0170532
572,0.8521206,1.7062775,1.7318894,0.96395403,0.84767604,1.8783715,0.9614633,1.5916575
573,0.49547315,2.1134582,1.6165373,0.2015712,0.99994975,0.13320483,0.3740077,1.1798859
574,0.1918818,1.5003623,2.582256,0.8434642,1.2052861,0.060521577,0.029250018,0.99007905
575,0.3398207,2.3027492,1.9173884,0.537223,1.2385631,0.5135941,0.35384014,1.5103549
576,0.95485026,1.6423327,1.8094146,0.64407283,0.99511516,1.4040368,1.2978489,1.2254056
577,0.77774173,1.9752455,2.575778,1.0203651,0.3771063,1.2886962,1.2102172,1.9781904
578,0.19360407,1.6702685,1.3075365,0.5341696,0.043398164,0.32852858,1.7609396,0.09158166
579,0.36761606,2.1911216,1.4584119,0.29242453,1.322795,0.34351692,0.70618474,1.5496129
580,0.4339118,1.7642816,2.2466018,0.36464292,0.26613837,0.70859426,1.534156,0.86763
581,0.8648178,1.0264273,2.114289,0.60358584,0.9484499,1.9541763,0.9752638,1.8578448
582,0.43932062,0.918634,2.2525074,0.9388086,0.79458714,1.3861063,0.8871021,1.5112088
583,0.59752953,2.0472085,1.9556535,0.6531567,0.30292064,0.9121386,1.4164468,1.4189225
584,0.49900195,1.4499315,1.8071908,0.45300913,0.8184537,0.84168494,1.0484698,1.6710689
585,0.6201635,2.0368989,2.1455863,0.6660524,0.5784915,1.3332855,1.3919879,1.383273
586,0.4910878,2.2681115,1.9839383,0.733886,0.39042455,1.2163441,1.1921188,1.7855464
587,0.39918137,1.7450428,1.6873189,0.31613174,1.4384567,0.2584282,0.086654484,1.4891521
588,0.28381604,1.5618103,1.4613707,0.5095243,1.3858185,0.22286893,0.17741805,1.5393659
589,0.21652882,2.2859077,2.2230418,0.30161965,1.5653058,0.30890557,0.12415414,1.7854826
590,0.10105169,2.18276,1.9778643,0.16957508,1.3546695,0.32727998,0.018899426,2.0087583
591,0.66451097,1.5355694,2.069199,0.64801043,1.8454591,0.45430338,0.08439582,1.8846942
592,0.20111793,2.1723008,2.0317726,0.028861042,1.0950736,0.2488704,0.3765318,2.118092
593,0.49884582,1.6074246,1.6347581,0.5327735,0.45128602,1.0685314,1.2270038,1.6065136
594,0.11169248,2.0504658,2.0903318,0.2650941,1.6190565,0.30737457,0.01362504,2.0576704
595,0.31732503,1.996839,2.8073766,0.41410774,2.0121837,0.21183008,0.01535134,1.7814593
596,0.014772973,1.958551,1.5800791,0.14957486,1.3938229,0.08434778,0.16211152,2.6608832
597,0.0050711315,1.7278825,1.784787,0.18243966,1.5464479,0.0765519,0.11760839,1.6409177
598,0.2051654,1.6740541,2.1238494,0.2089963,1.5535262,0.16632944,0.018788649,1.3185635
599,0.08405971,1.8178542,2.2891958,0.21289945,1.8714496,0.08933778,0.013371835,1.6479322
600,0.17319992,1.8683933,1.9521787,0.07274242,1.7990733,0.059214305,0.00048168772,1.9887979
601,0.0965527,1.9817462,1.7951398,0.035068583,1.8799144,0.013032607,0.121535234,2.1391966
602,0.037568197,2.1015248,2.1288977,0.04905337,2.1610186,0.025016092,0.014451303,2.134681
603,0.8391731,1.051429,1.4798462,0.6572264,1.5547159,0.3408592,0.030823825,1.4218903
604,0.039422005,1.7213844,1.9892321,0.027696908,1.3809497,0.003972979,0.0022836518,2.1932623
605,0.76570606,1.407516,1.7621785,0.3669526,1.7673087,0.42791304,0.009805845,2.1177077
606,0.068673536,1.6022506,1.6600245,0.15611227,1.533125,0.25511023,0.011767637,2.0887902
607,0.3084258,2.0973878,1.87671,0.24637847,0.45590714,1.2417085,1.3752558,1.1914252
608,0.4492695,0.6796346,2.0632896,0.76564384,1.2543715,1.0980215,0.9615936,1.8500694
609,0.49807453,2.3981197,2.0065873,0.5353582,0.57333755,2.0309112,1.325093,1.780247
610,0.16512112,1.2855147,2.4000623,0.32712263,0.9393579,0.29219565,0.218956,1.6030437
611,0.27189022,1.629547,2.0314682,0.05442637,1.9549716,0.1322609,0.049270604,1.8251587
612,0.008975151,1.9477165,2.6632884,0.02086861,2.2500095,0.097901314,0.0074161,2.4115937
613,0.19605641,2.1118236,2.2680075,0.5049659,0.3847011,1.4186684,1.1793962,1.8918598
614,0.17488971,1.8030291,1.5405498,0.24905163,0.64722955,1.6323054,1.1451523,1.8905046
615,0.09766134,1.5628495,2.1181676,0.0070251124,1.767966,0.028518455,0.019369947,1.8438195
616,0.5346596,1.9710052,1.489959,0.2636269,0.525855,0.79999655,1.7391316,1.9291353
617,0.61521935,1.64276,2.0322478,0.7814695,0.70240015,1.906739,1.5746325,2.0858564
618,0.21173403,1.4888368,2.3738978,0.19561428,1.7794447,0.12481052,0.18274622,2.0207539
619,0.29528132,0.78400475,1.6477338,0.14225183,0.9214124,0.2630431,0.002536268,1.0311273
620,0.8016864,0.5116602,2.0141802,1.0323945,1.5437003,0.7500947,0.1261889,2.0530097
621,0.31618434,1.5530696,2.0772767,0.09917828,0.5048255,1.5606308,1.2644784,2.104989
622,0.22361217,2.4716306,1.6730903,0.12345383,0.45806152,1.3728957,1.7116994,1.9061574
623,0.6774251,2.206876,1.714312,0.29703254,0.2941218,2.1601496,1.787218,2.0990317
624,0.17112479,1.2434182,2.1023512,0.12819134,1.847485,0.05988401,0.41735962,2.1956074
625,0.27386397,1.4598154,1.6039747,0.34876105,0.18227518,1.8226801,1.3372446,1.9517558
626,0.1713121,1.2437598,1.4948095,0.031855896,0.6010571,0.9750584,1.6469887,2.2588394
627,0.07264397,1.9707165,1.7982115,0.24509485,0.11401136,2.0346096,1.6217313,2.1324294
628,0.0521442,1.6441231,1.3929676,0.1301966,0.15384461,1.2077881,1.9472504,1.6578393
629,0.030135507,2.1246364,1.9025356,0.023724338,0.005534975,2.0950742,1.8219864,1.7473903
630,0.023644434,2.0108645,2.47935,0.0015440347,0.013423698,2.2283523,1.7982583,2.0754204
631,0.2495791,1.2897506,2.0807316,0.08108376,0.044680264,2.1577396,1.2651472,1.579005
632,0.082054205,1.7110723,2.216979,0.011751293,0.055315226,1.4858903,1.9451425,2.153751
633,0.027481616,1.5422759,2.2260869,0.04205613,0.020700704,1.8670598,1.5747468,1.8631783
634,0.049886875,1.7393632,1.7638303,0.12474718,0.039104633,2.1097493,2.067046,2.1339097
635,0.3137204,0.6784471,2.2759445,0.5546694,1.6086692,0.3225113,0.30193028,1.7499821
636,0.022386191,1.7253386,1.9140639,0.013954335,0.0839465,1.7144794,2.4178286,1.5162411
637,0.25633892,1.7694364,1.6579355,0.199956,0.07692896,1.6239384,2.8370626,1.719079
638,0.11000526,1.7338971,1.7371858,0.07684775,0.016330222,1.9247321,2.4447193,2.0412967
639,0.39348173,0.9150149,1.4963732,0.02893027,1.7986358,0.12477301,0.06435429,1.4474806
640,0.46361768,0.64861417,2.355655,0.5138832,1.9293373,0.31570125,0.0029267836,2.2496872
641,0.0027601663,0.8165427,2.2956467,0.0008716475,1.6194512,0.024380893,0.015875356,2.0624251
642,0.011242164,1.4889792,1.8344953,8.6278196e-05,0.010876793,1.9231535,2.2023888,1.9165949
643,0.3931026,0.7571721,1.6183525,0.063934185,0.1553466,1.3626271,1.4596809,1.5340433
644,0.1931826,0.71657175,1.6426207,0.37166193,1.7273992,0.26070023,0.06972261,1.5682342
645,0.3584962,0.53382164,2.4903426,0.34229776,2.0324872,0.26587865,0.45815977,1.8187189
646,0.13987379,0.34290448,2.0033472,0.26003215,1.1935683,0.45860362,0.83503073,2.3440716
647,0.004323353,0.69166845,2.1569521,0.0062477,2.017744,0.0057606827,0.03513359,2.423108
648,0.6705159,0.06548042,1.9364991,0.5472089,0.6562591,1.832552,0.95169675,1.7009983
649,0.16409437,0.42913917,2.0516782,0.13877125,1.8461962,0.05126654,0.38036838,1.5228446
650,0.24268831,0.041184567,1.8521242,0.23790564,1.0941094,0.29112098,0.5339591,2.184264
651,0.028284542,1.0062525,2.196886,0.12406746,0.08527469,1.7252152,2.6887136,1.5216818
652,0.027614286,0.13952483,2.2678895,0.0020009917,1.918282,0.004630288,0.08892326,1.8394997
653,0.0039715096,0.44772953,1.9309899,0.008833832,2.2520442,0.04385217,0.0044425004,2.0980127
654,0.29411075,0.55959076,2.155885,0.5129315,0.16747615,1.5676819,1.9804325,2.1325476
655,0.042573668,1.0534271,1.4331992,0.010148001,0.0041074213,2.1607437,2.4156036,2.1095674
656,0.12922841,0.6281415,1.559147,0.4667742,0.03879572,1.6502702,1.9200181,1.8768303
657,0.011649544,0.065006144,1.6871892,0.016349874,1.7865107,0.008926344,0.024741378,1.573768
658,0.20331168,0.0010108189,1.72192,0.009660045,1.8256499,0.19727673,0.0022749335,1.9807765
659,0.022517879,0.002705194,1.9577044,0.0068735653,2.2057831,0.011968495,0.002302997,1.8094156
660,0.03766906,0.048155174,1.9884317,0.06454323,2.6315546,0.13228574,0.018169723,1.9461316
661,0.029054794,0.2809132,1.6230625,0.11371206,2.0726187,0.09156514,0.008646445,2.044942
662,0.027477266,0.47278842,1.673924,0.02695945,2.2721703,0.0019831278,0.0044863597,2.3141174
663,0.039278522,0.5534199,1.8652955,0.06390211,0.07538254,1.9820933,1.8530864,1.8290653
664,0.052280333,0.49182573,1.6885829,0.24613608,0.16112147,1.8088075,1.8367562,1.7228967
665,0.022898402,0.00158744,1.5047513,0.03592068,1.6235276,0.040892385,0.009064522,1.8725488
666,0.12422485,0.5993304,1.7337687,0.0032583047,0.00042071758,2.0496886,2.1197429,1.6144183
667,0.0032431353,0.16677684,1.4612255,0.0180563,1.9536078,0.022684306,0.0006271901,1.8256779
668,0.09647692,0.08729742,2.355464,0.094481826,0.059907284,1.7125515,1.7592628,2.0512824
669,0.030867992,0.22358847,2.3064966,0.04016141,0.029530887,1.9026579,2.149338,1.8192899
670,0.08633491,0.09779359,2.3664098,0.030397024,0.0034304496,1.8720605,2.3665197,1.6334205
671,0.21077117,0.0035032502,1.3744154,0.40039498,2.1291406,0.28801006,0.0018364821,1.5828243
672,0.010839259,0.006016363,2.0574477,0.06786244,0.11445692,1.8128567,1.7883544,1.9388552
673,0.03955119,0.123357534,2.26531,0.0003528592,0.030625895,1.9119532,1.8062516,2.1502264
674,0.031528205,0.021502493,2.2802672,0.017375866,0.00049850316,1.9797744,1.9378636,2.007408
675,0.017210934,0.1507575,2.0149188,0.010412747,0.003196921,1.9675777,1.7865584,2.194029
676,0.049676448,0.043608516,1.3585457,0.0059001674,2.0620267,0.034794737,0.042793993,1.5147159
677,0.12297166,0.06984032,1.8478968,0.018757828,0.07121615,1.7384555,2.214674,1.7745814
678,0.1678833,0.20004135,1.455259,0.37315172,0.22118948,1.5203911,1.9464161,1.9799232
679,0.018962169,0.0006248016,2.008338,0.03150717,0.0058238963,2.0082593,2.1856768,1.4322182
680,0.023295416,0.06021957,2.0141873,0.021156818,0.015357468,2.297981,1.8552196,2.1966603
681,0.017706264,0.012987511,1.3101271,0.005536538,1.6108536,0.00791718,0.0715096,1.7981085
682,0.023124078,0.030566076,1.8095263,0.019463724,2.346864e-05,1.9372412,1.87637,1.5013798
683,0.013263044,0.0006904965,1.8408384,0.0041382182,0.17549306,2.2106488,2.3748415,1.788908
684,0.0057681934,0.072563395,2.2480264,0.012844048,0.039583925,2.4646435,2.326562,1.8564918
685,0.23735473,0.045059912,1.8694346,0.025924483,0.13014257,2.6995747,2.6445665,2.567959
686,0.017142933,0.019296868,1.6203351,0.003871871,0.0039463933,2.4029615,1.4548136,1.9987346
687,0.004771458,0.0054445458,1.673225,0.058160108,0.037674524,2.5055256,1.5162405,2.6202407
688,0.0030610843,0.021272542,1.7267145,0.0060294485,0.06392549,2.1055706,2.697764,1.8730564
689,0.02255902,0.011709289,1.4452183,0.0043613813,0.010175235,1.74565,2.566079,1.4530622
690,0.04872194,0.015057587,1.5947005,0.14341213,0.070259936,3.0735376,1.8254778,1.9506787
691,0.043563925,0.12732266,1.2444562,0.047260456,0.015662959,1.8256214,2.3723617,1.4765165
692,0.009251331,0.010352148,1.3666513,0.027857013,0.033614285,2.492536,1.9662154,2.3179357
693,0.053020958,0.010740019,1.2333943,0.035824202,1.8647586,0.0035568627,0.03711275,2.1224046
694,0.077885896,0.0999934,1.1539673,0.004026791,4.001702e-05,2.0470974,1.9995295,2.1417859
695,0.014038441,0.00044127402,1.092017,0.013336737,2.0792236,0.0033887557,0.013869271,2.2473373
696,0.051094014,0.003278239,1.1431627,0.036541596,2.6867216,0.018354656,0.032030128,2.135869
697,0.034316182,0.08208985,1.0845171,0.024887208,0.009736874,2.1021318,2.4359572,1.697734
698,0.036728,0.014810511,1.0632008,0.15834588,1.739417,0.17850453,0.14045912,2.3966842
699,0.041821364,0.0009854165,1.0184503,0.0044300063,0.001736468,1.7561034,2.0369427,1.6328104
700,0.07552792,0.0032147223,0.9663918,0.011162159,0.16096875,2.2613556,1.8040293,1.6698312
701,0.024863072,0.020133944,0.6367637,0.010351322,1.8675481,0.011991564,0.023478363,2.2939222
702,0.038036324,0.028410878,0.85080796,0.0734794,0.021868024,1.9440289,1.8494279,2.3241944
703,0.023246977,0.012012703,0.84488785,0.038900495,0.15617792,2.0278137,2.4073012,1.5533609
704,0.028134387,0.006293035,0.509648,0.00012348709,1.6746166,0.019022124,0.029745923,2.0124438
705,0.23081577,0.0058424976,0.5295115,0.44366357,2.0752954,0.28057978,0.043642916,1.7828852
706,0.043227933,0.013660746,0.28615907,0.058751468,2.021674,0.04897263,0.014411669,1.8586185
707,0.032711957,0.057392295,0.15039177,0.012402203,0.004965945,1.8867162,2.0101686,1.9489186
708,0.006988471,0.049070697,0.0013856459,0.0009596108,1.8958528,0.00076333067,0.018919686,2.0824635
709,0.0017245701,0.024103923,0.060790185,0.0020295754,1.9395665,0.00029091776,0.034811568,2.0881357
710,0.009400724,0.0008018944,0.00826929,0.032043356,0.0059324144,1.926361,1.970633,2.0205572
711,0.0025000977,0.06552712,0.02950459,0.025106298,1.9565258,0.0011147966,0.016383642,2.1477585
712,0.004171342,0.02543036,0.018978158,0.009198652,0.026576774,1.9362782,2.0591602,1.8383696
713,0.019294966,0.0031700768,0.14624098,0.0009928765,1.9483556,0.00066156796,0.006914029,1.9946592
714,0.0065836213,0.044584855,0.006638535,0.0013310823,2.0735898,0.0015342645,1.2496039e-05,1.9429812
715,0.012643041,0.037082527,0.1569155,0.0039137215,1.9668179,0.03518196,0.0042448454,2.1239228
716,0.00289123,0.0043441867,0.00075571996,0.0038956772,1.9945416,0.018463053,0.27252123,2.2130234
717,0.004985477,0.032624267,0.0048255753,0.0059799626,1.9278078,0.0036516408,0.054285266,2.1933947
718,0.0049421894,0.007694228,0.04056149,0.014785684,1.7739255,0.0031632194,0.0030120327,2.1640155
719,0.04052697,0.0124175595,0.11974973,0.011615772,1.9426763,8.228689e-05,0.06628698,2.0354002
720,0.06989622,0.010009897,0.0009804511,0.055866815,1.7573855,0.018432306,0.0052221445,2.0551605
721,0.028765967,0.019623682,0.053515952,0.023867298,1.9893861,0.036167733,0.0010707816,2.025694
722,0.00033505948,0.0044435826,0.0040636593,0.051980853,1.9310154,0.0021727798,0.00070221507,1.8970243
723,0.03084356,0.0056284294,0.013128481,0.03239143,1.7424626,0.013008583,0.014978258,2.0479028
724,0.042921785,0.019666336,0.08338736,0.040712852,1.9850047,0.0080342805,0.06056447,2.062832
725,0.011717451,0.015482947,0.00036492402,0.02420948,1.990794,0.0026604694,0.021713326,1.9098475
726,0.039215047,0.010678232,0.09701202,0.0454204,1.9902346,0.0061286897,0.010280426,1.923429
727,0.022907943,0.0018367474,0.027668796,0.043594427,1.7428764,0.003544458,0.04731402,2.0512319
728,0.06275328,0.0019495749,0.011040341,0.012977465,1.980962,0.0038203325,0.026739623,1.9018534
729,0.00409317,0.029925982,0.062025003,0.004116501,1.777853,0.0018233747,0.01093929,1.9552315
730,0.079183735,0.04323755,0.009061435,0.015242002,1.9470704,0.1813493,0.00045421242,2.1531663
731,0.0011792389,0.007900056,0.031667836,0.0049343267,0.003974271,1.9298276,2.0753877,2.0866065
732,0.14454415,0.019569656,0.26354572,0.019046212,2.0474331,0.04123828,0.017115792,1.8116987
733,0.029506676,0.0012128275,0.03021577,0.004183721,1.9879826,0.024792187,0.07975764,1.917041
734,0.004871551,0.006338539,0.073139116,0.009170585,2.1462097,0.0024194526,0.0032972458,1.9677722
735,0.0074137696,0.0014056095,0.3043812,0.044356696,2.2468317,0.0007079703,0.026736626,2.2806816
736,0.0087136235,0.039982717,0.0019433732,0.0044356138,1.7309321,0.022026423,0.007902155,2.1144912
737,0.0015332586,0.0014959341,0.013915074,0.00065891875,2.0981944,0.005750422,0.0023605106,1.9164516
738,0.0041952846,0.0016533915,0.0012462822,0.011058543,1.9992796,0.008481062,0.02738395,1.8575261
739,0.04051843,0.0032841626,0.12853536,0.11125477,1.9793339,0.18168606,0.010582229,1.9772509
740,0.0377693,0.018494748,0.0044731908,0.0068393066,2.00819,0.01153481,0.01849501,1.8784462
741,0.018827872,0.11354002,0.006826059,0.004429281,2.0565605,0.0029860744,0.0035747858,2.1568851
742,0.011315177,0.0048918338,0.030117538,0.02026613,0.003979789,2.0425947,1.8319998,1.8871588
743,0.0031601603,0.03281102,0.007932202,0.00029697505,2.1368918,0.012666037,0.0040861913,2.1321795
744,0.019767169,0.0075892108,0.0002723277,0.018118981,2.1811955,0.08041621,0.029824182,1.9629048
745,0.07535616,0.061316513,0.014509151,0.01961284,2.4686966e-05,2.2047217,1.964739,1.8629844
746,0.19001737,0.0065133916,0.01766247,0.040250007,1.9530188,0.019083465,0.063553646,2.2036147
747,0.032499306,0.0024179956,0.033376284,0.016894238,0.011599282,1.863062,2.1198678,1.991395
748,0.043674234,0.095616564,0.09101299,0.016761359,1.7118131,0.0031727147,0.098269895,2.1498988
749,0.06646843,0.0009374645,0.0065811006,0.08165184,0.02643544,2.0810094,2.174885,1.9185416
750,0.0044758553,0.13584766,0.002935154,0.031173015,0.012447362,1.9417682,1.8625295,1.9215356
751,0.063916355,0.044125162,0.045925226,0.0018906011,0.027362082,2.0027032,1.8472974,1.9482641
752,0.002637651,0.0065860334,0.0042178635,0.00061136764,0.007970903,2.024896,2.1555161,1.7867255
753,0.038643874,0.012473149,0.030428639,0.01169021,0.0015842868,2.0119405,1.9106572,2.0864146
754,0.32036227,0.07102977,0.009502031,0.024903968,1.7268066,0.12030069,0.0022379197,2.0947263
755,0.0062970687,0.012684142,0.03105338,0.0046384917,0.0619041,1.8776358,1.9964708,1.7845514
756,0.044403084,0.0012448322,0.103081174,0.06469875,1.7525795,0.0032627617,0.0018708709,2.2417758
757,0.020083465,0.0009412255,0.0009184767,0.012374946,1.7051625,0.0071547125,0.016791789,2.080165
758,0.0012907672,0.026197711,0.0031749166,0.0014112596,2.2160811,0.009554629,0.0021518252,2.139974
759,0.028111925,0.012275347,0.00074534887,0.017547328,2.1109784,0.0372789,0.016154915,2.171528
760,0.016070379,0.0037371414,0.08708959,0.01280062,2.1938052,0.0071927956,0.006968277,1.9429381
761,0.008408864,0.053533282,0.0069987327,0.01841147,2.085805,0.0076666507,0.016519817,2.198421
762,0.0022618328,0.019566946,0.040973384,0.020385534,0.02153478,2.0171702,1.8536227,1.81316
763,0.02972665,0.020255966,0.04254788,0.013819614,1.838786,0.0085803745,0.010913329,2.2498877
764,0.048808865,0.015719596,0.04142173,0.025178552,0.02044778,2.189752,2.1000323,1.962633
765,0.017591326,0.03619706,0.0738531,0.0027632113,2.2056947,0.012967363,0.039945234,2.1600318
766,0.0073071653,0.0107360175,0.075864725,0.042568106,0.09401138,1.9515283,2.206807,2.0990436
767,0.042730752,0.0110777635,0.020063547,0.019736508,1.8146867,0.037382383,0.006545607,2.264034
768,0.0016299684,0.0030598422,0.19338007,0.09868724,0.015513384,2.1422083,2.2740853,1.9355478
769,0.047546882,0.015036238,0.24182609,0.03302002,2.2548428,0.065575354,0.0026899036,2.2024817
770,0.03801717,0.01731756,0.00014100647,0.026094345,0.07603609,2.0055215,1.7980818,2.0091593
771,0.0156235825,0.0045201243,0.25783575,0.09137396,0.008601526,2.0684164,2.3760328,1.8070604
772,0.017520525,0.039593335,0.013067565,0.0033047926,0.010145463,2.0941021,1.7783004,1.8019955
773,0.015912408,0.008240802,0.10898998,0.0049077002,1.9286195,0.0061387606,0.00912365,1.8311362
774,0.0010470436,0.013082571,0.05045962,0.010905797,1.958282,0.009315456,0.020380057,1.8007199
775,0.002437247,0.0024278332,0.010967046,0.0725933,2.0972424,0.02326202,0.01475207,1.8267101
776,0.034477588,0.026551766,0.0001838624,0.0030543653,1.7800583,0.019512096,0.016401056,2.2878768
777,0.0028230532,0.0075723575,0.008242765,0.0013101258,2.1633434,0.014815613,0.0015568227,1.8149648
778,0.0055667087,0.021801462,0.14042182,0.00030423087,0.01735588,1.878693,2.0399444,1.6804253
779,0.028345952,0.0036812087,0.015431879,0.051390376,2.2629828,0.005800896,0.064733505,1.9489989
780,0.011025062,0.024534365,0.08776247,0.015129786,0.014304276,1.7487904,2.130665,2.0419207
781,0.081977956,0.009419411,0.011696335,0.028148498,0.026691182,2.2847624,1.9698609,1.6870703
782,0.04079804,0.0059557804,0.04888464,0.0345738,0.0035249814,1.7526853,2.1040144,2.026077
783,0.0425521,0.0013372186,0.12499922,0.036201015,0.022185476,2.2081983,1.830909,2.043221
784,0.00965788,0.0027945866,0.030600935,0.007507415,0.06241526,2.110504,1.8514539,2.0678647
785,0.0032058312,0.007557619,0.015296216,0.0013430245,1.8916975,0.025078693,0.061348792,1.8032477
786,0.008033957,0.026888182,0.01910247,0.03112445,0.013819368,2.2064948,1.9549968,1.6538107
787,0.006448961,0.0018839177,0.0007348006,0.019039445,2.2268884,0.007236991,0.000677078,1.8094105
788,0.040626217,0.023187416,0.017893681,0.032500174,0.04187023,1.8206097,1.9264394,1.8311002
789,0.022449272,0.011350028,0.015548021,0.01510564,1.6572601,0.0911235,0.0006130787,2.0189874
790,0.2188078,0.0109857805,0.045021985,0.032034695,0.05510225,1.902648,2.2540658,2.1151001
791,0.028575944,0.0073751886,3.7156526e-05,0.00091328885,0.013299554,1.8760427,2.0996137,1.6895144
792,0.14347036,0.0070967022,0.06396506,0.02704347,0.06009793,2.1196492,2.3313627,1.8536154
793,0.01704172,0.06420904,0.037406653,0.02288335,1.7505807,0.11250624,0.015900351,2.3101943
794,0.008232392,0.0050658523,0.025506942,0.035981026,2.2898614,0.0016508136,0.042177014,2.058122
795,0.030074537,0.016220845,0.024789995,0.028075242,5.3241678e-05,2.1004329,2.0830843,2.120243
796,0.114375785,0.26399657,0.43467832,0.019234603,0.13993351,2.2042122,2.4906535,2.2824264
797,0.015892094,0.15022358,0.61741084,0.00410673,1.8903553,0.051345233,0.00023064796,2.7484472
798,0.03936959,0.00036698297,0.04157336,0.013155536,0.0041632373,2.2336242,1.7953291,1.8264334
799,0.0064673894,6.2905776e-05,0.005766656,0.016018568,2.2858849,0.060280465,0.0041194414,1.8918718
800,0.020373203,0.009827674,0.08089898,0.012377391,0.013402646,2.2948453,2.0117998,1.7467575
801,0.070955366,0.005918239,0.020790592,0.0033886964,0.043155238,2.1056387,2.3426242,1.7940419
802,0.0087667685,0.022167992,0.0411169,0.0027651966,1.6276698,0.0016959151,0.04446267,2.0510848
803,0.12846617,0.0066505815,0.15746433,0.04587301,1.6651802,0.0070856693,0.0032896756,2.2413368
804,0.0010591941,0.0022737803,0.013494574,0.003875709,0.00957652,2.2937367,1.8463293,1.9080564
805,0.002271623,0.014255471,0.0051784855,0.008661056,0.00627362,1.8814859,2.061112,2.1920836
806,0.007692463,0.046330143,0.0032478834,0.0022519438,0.0055822143,2.2427447,2.081866,1.4899578
807,0.010125751,0.0051090247,0.003876555,0.016326915,1.90934,0.009550804,0.00040790375,1.783102
808,0.0065570697,0.016387131,0.019908663,0.0048405267,1.6601663,0.017370835,0.0098233465,2.0038252
809,0.02650877,0.0016430557,0.010013683,0.053532917,1.5963371,0.07077921,0.019613022,2.1894488
810,0.054034896,0.0058482,4.2304197e-05,0.11149672,1.6667675,0.004217904,0.00063161005,2.2705755
811,0.025510067,0.004092832,0.0410483,0.0073205256,0.029003311,2.2224877,1.771051,1.9977319
812,0.004978048,0.040821847,0.010738831,0.077203505,1.9746767,0.0452516,0.008991514,2.3692555
813,0.08710492,0.094991945,0.005755931,0.0023084334,0.007402288,2.1246312,1.6801351,1.93155
814,0.0061253216,0.0010985516,0.015479999,0.038472313,0.005302431,2.1479573,2.2801752,1.865508
815,0.044932127,0.0012993583,0.00034347895,0.043930978,0.027442412,2.2194204,2.293295,1.5449948
816,0.0036572085,0.011388314,0.012934989,0.0069211056,0.0065091094,2.1573203,2.342481,1.7981284
817,0.09234985,0.00397956,0.011960638,0.018965289,0.024762664,1.8197222,2.1491618,2.2121747
818,0.023307344,0.012838864,0.030205918,0.07083296,2.3320189,0.00021766059,0.015027662,2.1980572
819,0.046634063,0.049272135,0.038438972,0.00028280236,2.2890108,0.0027191846,0.0201566,1.8138137
820,0.0449138,0.0021146862,0.04040863,0.0009542538,0.05182371,1.8484609,2.1146348,1.6720005
821,0.07639652,0.019325642,0.009752357,0.00019012683,0.012671794,2.3217452,2.0743854,1.7067492
822,0.01255349,0.0062537063,0.00951765,0.008582892,1.8795675,0.014344877,0.00012686983,1.7825772
823,0.092249945,0.0026379684,0.029268479,0.0019772407,0.0011940198,1.9376752,2.375278,1.9467833
824,0.16376199,0.0094725825,0.14008069,0.053759336,1.8696572,0.19334151,0.05365383,2.425174
825,0.038880426,0.0058492967,0.01610561,0.030798646,2.3447373,0.06920957,0.00602437,2.0601761
826,0.00018632143,0.008538569,0.33500755,0.0016738455,0.037503347,2.3598766,1.713038,1.9181902
827,0.0032694351,0.008776078,0.106273666,0.019781608,0.00046431983,1.9963471,1.7184278,1.7161734
828,0.02706143,0.00026485175,0.0014865906,0.017283881,0.012859199,1.8988193,2.2767181,2.1729276
829,0.005620968,0.0007162864,0.010311385,0.046772476,2.0000138,0.008387952,0.026497709,1.7383355
830,0.05234981,0.0059011164,0.05840069,0.052963607,2.329818,0.012767902,0.021410074,1.9761019
831,0.012325573,0.0069188094,0.008096219,0.0066027045,2.3690617,0.008867542,0.00669438,2.0965405
832,0.05142257,0.09369449,0.018414255,0.032363817,2.3313966,0.017264431,0.0015879581,1.9359229
833,0.0015032835,0.054170597,0.024825852,0.012571847,0.012619251,2.3136418,1.7360743,1.8679811
834,0.042028632,0.0034890245,0.25670037,0.012603637,1.6346768,0.016990764,0.00649318,1.7934114
835,0.002181195,0.018405398,0.0008247276,0.027082985,0.00021963567,2.1135204,2.1556442,2.1793263
836,0.023336159,0.065458134,0.0032108352,0.13841721,1.5518243,0.13383195,0.041709002,2.1127648
837,0.0027036902,0.07545528,0.010537843,0.0066167,0.023835182,1.9680778,1.6656592,1.8476037
838,0.09837384,0.05011785,0.026038887,0.0021817225,1.9586122,0.016554533,0.021051345,1.7302926
839,0.0041134898,0.04281752,0.018599527,0.0045274845,1.556764,0.001052181,0.010256781,2.0073295
840,0.0007244517,0.009695652,0.0019490365,0.012889709,2.1107984,0.00031687663,0.0028676183,2.4103987
841,0.072888315,0.015060263,0.008101076,0.016268387,0.039569754,2.310081,1.8155783,1.9744766
842,0.10310662,0.0065316646,0.0029444688,0.039940458,0.0018013205,1.8401662,2.3698807,2.0731926
843,0.03335698,0.013040243,0.0041128453,0.003409125,1.623048,0.0027077857,0.00474828,2.381239
844,0.16598953,0.017100252,0.0110687595,0.27173904,2.0168943,0.11603398,0.0027623624,1.7008907
845,0.03163194,0.064346544,0.053915836,0.0003395926,2.2402203,0.0008709526,0.07111668,1.7602644
846,0.00024279051,0.019487035,0.041998047,0.04751271,1.6358961,0.029689046,0.004201971,1.8820213
847,0.02311257,0.011913388,0.0021026346,0.0031601777,1.526442,0.059966717,0.0005699621,2.1333692
848,0.041904237,0.007540249,0.0022164949,0.0023343829,0.032699935,2.2458065,1.8406138,1.6304513
849,0.009389634,0.0040206104,0.015122878,0.023208456,0.052511897,1.868394,2.1091347,2.3236394
850,0.0032721225,0.008423207,0.01848821,0.014962769,0.029535398,2.2640715,2.3554127,2.079647
851,0.009406184,0.0032509186,0.04374802,0.17871201,1.4511681,0.06292705,4.6705365e-05,2.2301176
852,0.009189879,0.00067276316,0.038855802,5.1214534e-05,0.06441871,1.6969937,2.2177114,2.1403193
853,0.01578785,0.031807184,0.011451228,0.10148266,2.0919604,0.055807974,0.012090874,2.419151
854,0.01796302,0.012266051,0.053060416,0.0032252797,2.364368,0.00061316614,0.0664418,2.293563
855,0.017798165,0.021087835,9.9092016e-05,0.00042916866,2.4178998,0.01736954,0.0105469115,2.1558123
856,0.004440581,0.0002130496,0.005166916,0.004816994,0.05766735,1.828435,1.7599809,1.834762
857,0.026554935,0.016669108,0.013250538,0.045738183,0.011457229,2.3001416,2.3333025,2.0075803
858,0.0019912669,0.0052750236,0.005834955,0.05757932,2.3763983,0.008017509,0.0021632256,1.9037495
859,0.024878135,0.064728275,0.35183793,0.11957011,0.049414225,1.5492206,1.7379289,2.168585
860,0.02457152,0.0001203794,0.00846567,0.00899012,0.0027615593,1.6552035,2.0250316,1.6435078
861,0.0006458683,0.00552981,0.00040080328,0.0036709618,0.004202299,1.871422,1.6741958,1.8824537
862,0.0111748325,0.0030039127,0.002025022,0.0029558365,3.195585e-05,1.6048058,1.947992,1.9829003
863,0.0497195,0.014952359,0.048155606,0.030784154,0.018790253,1.7481381,2.1304684,1.5536689
864,0.034725264,0.04211499,0.025132863,0.020808747,1.4660097,0.024977753,0.021927716,2.247619
865,0.0113042835,0.019615188,0.0327038,0.0028641312,2.352314,0.0113909105,0.0056448625,2.3634079
866,0.016814245,0.006618295,0.019156516,0.019999098,2.0498939,0.0024291188,0.0709495,1.6654568
867,0.024003442,0.0039887857,0.0030242158,0.007063276,2.3779075,0.008826551,0.0033002961,1.8717654
868,0.0020528382,0.008080491,0.00071966636,0.0054154624,0.023255406,1.9527465,2.103252,2.3631015
869,0.015116568,0.008240968,0.0029959092,0.0063214544,0.03409917,1.7646623,1.7511976,1.697517
870,0.021928694,0.017995203,2.755342e-05,0.015344249,0.045671877,1.6833289,2.165241,2.232652
871,0.008804158,0.013943004,0.018970434,0.0062031643,0.07028304,1.7483479,1.8963794,2.2669303
872,0.022173975,0.035755936,0.018291458,0.029352093,0.02840438,1.7859868,2.3241267,2.2728999
873,0.026352791,2.306283e-05,0.045140047,0.0031534957,0.0904131,2.1042943,1.6062367,2.0787637
874,0.0005008748,0.027952181,0.012120017,0.0012141046,0.0019872207,2.3525784,1.6896151,2.0197842
875,0.014338824,0.017713182,0.004286009,0.0015941588,0.0029004195,1.7194446,1.6683038,1.998483
876,0.012461026,0.063920856,0.004912281,0.0011194531,0.045281194,2.014219,2.2963219,2.249267
877,0.0023467464,0.009871139,0.047009982,0.0042763823,1.6083133,0.060871165,0.035915356,2.4231868
878,0.0279533,0.002746124,0.08706444,0.011841197,0.049221233,2.408027,1.8100775,1.6795082
879,0.042419177,0.012643769,0.045470722,0.0014618888,0.007302409,1.5861424,1.9529477,2.0975301
880,0.013883526,0.012730315,0.13064432,0.0034139114,0.0060851723,2.1239367,2.207479,1.207726
881,0.036396056,0.0016140583,0.0089808665,0.019312782,1.557535,0.014956728,0.018674437,2.4295137
882,0.104014665,0.0029960154,0.0007107033,0.02300277,1.6924839,0.011191839,0.007549871,1.8409803
883,0.034273297,0.00066431984,0.010505886,0.0033819156,0.0011824212,2.409148,1.9712857,2.0598378
884,0.017178666,0.01629451,0.008672572,0.005450386,0.007577473,1.6362257,2.2688892,1.8803685
885,0.00959517,0.00020260442,0.0017559767,0.069728546,0.012763262,1.5654632,2.2277665,2.1334152
886,0.0047179395,0.02024495,0.0061028358,0.013156057,2.4609435,0.055431392,0.014182737,2.0529466
887,0.0014385218,0.031001274,0.038810246,0.0011836749,1.4896525,0.06729083,0.00688816,1.9775271
888,0.003499841,0.0038213087,0.023253756,0.011587041,0.0009806275,1.6992053,1.7442621,1.6927106
889,0.005484118,0.11046487,0.014221323,0.03567911,0.0017530229,1.876205,2.2638884,2.4162922
890,0.007456396,0.0010658036,0.022202296,0.0257473,2.072489,0.011060825,0.028028548,1.6357201
891,0.008421689,0.02654891,0.020697203,0.010351448,1.8073525,0.0064760623,0.004244086,2.5718753
892,0.008447874,0.015914831,0.092360795,0.0008346458,0.0020548052,2.5021994,1.981082,1.6820207
893,0.0325678,5.9117065e-05,0.004776879,0.010443925,0.030578837,1.9839458,2.0150516,1.2557547
894,0.17500745,0.048654452,0.12391052,0.031972215,2.4562535,0.070429236,0.005623371,1.9169227
895,0.0038992083,0.010784402,0.02155286,0.0022710091,0.05107076,1.8846393,1.5142083,2.1651475
896,0.0152891865,0.0030617153,0.025751514,0.0077469377,0.077346936,2.1455204,2.918579,1.9100771
897,0.012788787,0.010293112,0.11627238,0.0048351143,0.0048235115,2.0921578,1.4470829,1.9874476
898,0.037879895,0.0316241,0.0020161686,0.015378964,2.455573,0.0077080755,0.0044194837,2.4566212
899,0.00035200763,0.0005104455,0.0030479445,0.039055984,0.019577235,2.4491644,1.8403014,2.0365758
900,0.013907286,0.06891349,0.013311965,0.0023083957,1.7758816,0.0038014506,0.008251174,2.5833058
901,0.008801443,0.025901448,0.02773181,0.014563224,0.0035275756,1.4818413,1.9013519,2.1030407
902,0.025885062,0.011330332,0.12548265,0.041923326,2.305616,0.0064491793,0.0016504378,1.5674602
903,0.018251738,0.0019978634,0.00845942,0.004218686,0.040736552,1.5333512,2.1651592,2.054174
904,0.15753601,0.008416982,0.0077815945,0.0012646394,2.3622997,0.014765543,0.011572469,1.6304828
905,0.013696151,0.014932343,0.0013176524,0.0015285528,0.0002698674,2.426452,2.0696485,2.1148324
906,0.005645577,0.011786794,0.025886409,0.0006886706,2.0404732,0.00072000467,0.0249633,2.5796797
907,0.03518183,0.01779481,0.01948287,0.0045061824,0.042308994,1.9075234,2.5763974,1.9533963
908,0.12961046,0.0063248,0.0016534146,0.02634094,1.466038,0.018706897,0.008076609,2.009989
909,0.010878026,0.0063074864,0.045791294,0.0054015596,1.793557,0.0013813252,0.009717802,1.6797472
910,0.005098212,0.06618056,0.004241614,0.0063231825,0.0033994424,1.7249362,1.8229145,1.5714327
911,8.561601e-05,0.01961792,0.020101126,0.0041086106,0.018540606,1.7380058,1.6900992,1.8820529
912,0.0066171368,0.0017768479,0.00634647,0.0011605106,1.4619824,0.012729549,0.0032511908,2.4772508
913,0.022865798,0.021842847,0.0016679628,0.0036156573,0.0336729,2.3441164,2.4604535,2.1811955
914,0.010421191,0.02751946,0.014363876,0.004888815,0.001663265,1.5678533,2.3112133,2.2255723
915,0.008631514,0.0075976704,0.00026018257,0.019462079,2.0581672,0.0039886916,0.06261509,2.6362936
916,0.11441043,0.001307243,0.008452567,0.006167073,1.2862979,0.040594287,0.0019542065,2.136289
917,0.023939902,0.0011296106,0.06629842,0.026754308,0.027030662,1.7810322,2.5098355,2.2759023
918,0.04398068,0.010547178,0.008053808,0.01815381,2.0537987,0.002589726,0.0040456466,2.6845253
919,0.04495497,0.008949629,0.0018828444,0.010393599,1.5515374,0.017535456,0.028548876,2.629706
920,0.01898918,0.0059969397,0.0018679396,0.011258315,0.0006675776,1.7259748,1.6488012,2.3353283
921,0.011975963,0.010174663,0.00041025388,0.023370137,1.4598515,0.007069389,0.10345413,1.9025542
922,0.032679833,0.1788638,0.018933991,0.024885489,0.005156451,1.7703812,1.9432769,1.4401493
923,0.07691947,0.00050661666,0.003184797,0.038067225,0.046735365,2.171626,2.4231732,2.239422
924,0.11014219,0.063009456,0.02041549,0.004457416,0.014045624,2.4005582,1.5944034,2.0329702
925,0.44258025,0.000109011,0.026493754,0.007923462,1.2643201,0.07055217,0.018289855,2.1437464
926,0.017258355,0.0027439853,0.00980179,0.003140299,0.006625333,1.5246115,1.8460768,2.213406
927,0.032126922,0.119579375,0.007839142,0.062169448,1.987602,0.013635744,0.026771203,1.5447879
928,0.0060074385,0.033020936,0.07461461,0.0022368117,2.6485486,0.008081489,0.01149407,2.203716
929,0.0010130672,0.0016427775,0.0065869456,0.007176241,2.6672642,0.024248851,0.0047029913,2.1958876
930,0.04902132,0.0061405003,0.006306335,0.102858186,0.059232805,1.496568,2.2347333,2.0268106
931,0.006160595,0.012925151,0.017482413,0.0027497618,1.5288332,0.09256279,0.18792406,2.7098796
932,0.010998602,0.0038235085,0.06251748,0.0012348723,1.6571238,0.0005298931,0.018027063,1.7165155
933,0.0070494977,0.0045509436,0.022128807,0.015284272,1.8944836,0.0062459083,0.015295472,2.7651253
934,0.14432108,0.01689978,0.0002743531,0.02182142,0.08310979,1.3067051,2.1619494,2.2308886
935,0.0034582722,0.015764264,0.015732251,0.050428804,0.003854687,1.563244,2.1855211,1.638702
936,0.0022758273,0.01260343,0.010393065,0.010936939,0.011717348,1.7347398,1.5226799,1.8520262
937,0.00049155747,0.0067761876,0.016127242,0.008953608,2.5378382,0.029097633,0.115673296,1.8573946
938,0.004990411,0.018050095,2.546258e-06,0.009919809,1.7524738,0.01313232,0.012460077,1.6476091
939,0.012123956,0.05439158,0.006766037,0.014818639,1.8396969,0.08846171,0.036146607,3.0386212
940,0.12024062,0.023909912,0.00019788452,0.014909809,0.0071677333,1.5533557,1.7872366,1.7967749
941,0.014552291,0.02358166,0.021282086,0.015706107,2.4353025,0.013336884,0.060182083,1.6754645
942,0.02277538,0.0007584745,0.031994063,0.0072488217,0.042456903,1.6551812,2.6286383,2.146771
943,0.010237697,0.0030776635,0.010091954,0.0054923473,3.4110572,0.024477003,0.054000214,2.3047795
944,0.0037661025,0.06877978,0.015022266,0.0012212005,0.00021550081,2.4265335,1.8582281,2.298932
945,0.002965472,0.035826635,0.0056176665,0.065308094,1.751099,0.013670249,0.0039003636,1.6614956
946,0.02672568,0.012060076,0.022754205,0.0065707113,2.5738857,0.06350635,0.023464344,1.7190012
947,0.024073604,0.0568854,0.0025185868,0.03355639,1.6237303,0.0285475,0.044609446,2.8934495
948,0.008843817,0.023583893,0.0046846373,0.044106793,0.0026211038,2.6796393,1.9307824,1.7675617
949,0.007359893,0.00022712834,0.0113959275,0.020608848,0.023973353,1.4995289,2.3006017,1.5776577
950,0.08397663,0.021338258,0.010760374,0.20476817,0.009919321,2.5093768,2.069319,2.2526896
951,0.014942815,0.011249772,0.030105833,0.038217038,0.03166236,2.57888,1.6772507,1.7085035
952,0.018280152,0.00099939,0.0015221972,0.001863955,0.0014830551,2.7387028,2.3076203,2.0449774
953,0.06555796,0.02787706,0.010931612,0.0193812,0.010041562,1.4197417,2.5613265,1.9574192
954,0.013110101,0.0032914467,0.021261603,0.0030896396,2.6178718,0.011440923,0.029628126,1.8584735
955,0.07176026,0.12094956,0.017586015,0.0006724836,0.00021634044,1.6781482,2.8014011,1.7797322
956,0.014770683,0.031854983,0.02703529,0.030030921,0.0048514963,1.4104015,2.4798465,1.9207278
957,0.0013794582,0.005961509,0.027254822,0.017395012,2.6501393,0.018834556,0.024377635,1.8402257
958,0.003441715,0.004339093,0.015169589,0.05568505,2.7557237,0.0012338805,0.0036128724,2.0585306
959,0.0030095952,0.0042886217,0.004478658,0.04762201,2.7578008,0.0012313089,0.002233551,2.0717957
960,0.0023602475,0.023167983,0.054909207,0.025493395,1.7781248,0.04076849,0.012886537,1.5463926
961,0.011476327,0.0019905479,0.035394695,0.005024556,0.04032451,1.3467511,2.0656607,1.5155811
962,0.150776,0.0062733185,0.1821635,0.39173415,0.19091855,0.69830906,1.534241,0.5272992
963,0.022873146,0.04046058,0.0033156285,0.10043059,0.004103424,1.2708108,1.8977637,1.7766694
964,0.0029487843,0.002605166,0.004455769,0.0045982157,0.033593826,2.7823265,1.9047723,1.7692652
965,0.012242243,0.017056081,0.05093524,0.030035846,0.0019352221,1.1098431,2.2206702,2.050014
966,0.0024258038,0.029348182,0.009378973,0.054689497,0.0966834,2.6310298,1.6631243,2.247043
967,0.012808384,0.00084287697,0.0073298393,0.080372564,1.8980576,0.025932565,0.018814588,1.4641896
968,0.00025015636,0.026425606,0.036638938,0.013085237,1.5252002,0.000104966995,0.00016657589,1.6311746
969,0.002164551,0.05624979,0.00052511867,0.0009554835,1.7741959,0.0063235504,0.0034247576,1.5077474
970,0.14745602,0.027557248,0.008683121,0.029269299,1.3478105,0.015584339,0.007622421,1.7957702
971,0.02328543,0.0068450747,0.0030829334,0.09743567,1.8964272,0.09159446,0.00012894523,1.4438206
972,0.036600657,0.044165734,0.00050913036,0.0027608331,1.6177984,0.0040601813,0.004290311,1.6404126
973,0.013963146,0.004899446,0.01019086,0.011717179,0.026421014,2.8693285,1.4966512,1.9287175
974,0.01821545,0.0110939825,0.00012746922,0.024744764,1.420568,0.0029352775,0.05575704,1.6219454
975,0.0108184,0.010745274,0.007215677,0.0027049107,1.713638,0.0026049486,0.006125284,1.5514029
976,0.00056600454,0.00567556,0.10725348,0.006931434,0.020250862,2.7187436,1.5707815,1.8212156
977,0.001757981,0.0037695414,0.037032157,0.054445777,0.025671758,2.8899364,2.0276692,1.8204281
978,0.006512276,0.013577444,0.08686808,0.036121987,0.015922775,2.3329833,1.9134734,2.516331
979,0.03785503,0.00039886124,0.07156011,0.0029290714,0.018284665,2.8811738,1.7550372,2.0887954
980,0.005168329,0.009620915,0.014061599,0.009186069,0.016829882,2.4754972,1.1848832,1.5515927
981,0.06537231,0.002466255,0.0012580268,0.00064463186,1.6133741,0.02223988,0.015500724,1.5699248
982,0.01670068,0.012186671,0.0036741842,0.017514942,2.062084,0.0006480502,0.0075810174,1.1019312
983,0.008315856,0.008225853,0.028995156,0.0014262046,0.019444449,1.8406079,1.9455184,2.6753142
984,0.01725337,0.029050898,0.018761747,0.037835784,1.4076731,0.002598753,0.00182045,1.5435498
985,0.011982242,0.025733823,0.0016072108,0.02431215,1.6782612,0.015231981,0.07381813,1.4248726
986,0.0065436405,0.004604294,0.0126899285,0.065821774,0.021185786,2.6360714,2.380531,2.4135199
987,0.040265013,0.00416358,0.050648108,0.0009871254,0.0804668,2.0086188,1.2914209,1.3952234
988,0.04665853,0.0050226846,0.0072476026,0.0053502456,1.6675522,0.005838094,0.00057812146,1.2933453
989,0.015747007,0.0029486304,0.0042421287,0.0025668757,0.0058387634,2.0850792,2.1128426,2.7063131
990,0.0019791739,0.014261674,0.0027115226,0.008390033,0.011722166,1.9992691,1.8132594,2.6774032
991,0.86812526,0.11582155,0.004755505,1.0137014,0.8534707,1.9793632,1.459728,1.9566256
992,0.006466597,0.03454129,0.003992963,0.0055134012,0.043141343,1.7532494,2.1987557,3.1449306
993,0.015966898,0.03185482,0.01159952,0.004845597,0.022269234,2.472845,1.7908514,2.697158
994,0.010347325,0.014404463,0.06535893,0.0060581253,0.03236878,2.3377075,2.005557,2.7343366
995,0.27938896,0.22171333,0.15859307,0.08794018,0.2760979,1.7893347,1.8464509,1.2174265
996,0.2514178,0.08585351,0.083403364,0.003366551,0.17012718,2.2025185,1.1844503,1.3615509
997,0.61247504,0.011280045,0.016261308,0.020988902,0.038356528,1.2881298,1.5880574,1.4674442
998,0.36747196,0.09196053,0.3319953,0.6425094,0.5448653,1.5940515,1.899008,1.62168
999,0.003893763,0.08452951,0.026431402,0.007956139,0.050578997,2.4943411,2.4431553,2.8963401
