1.1504352,0.11599377,0.01,0.011750878,0.023401301,0.016512822,0.020142583
1.1968226,0.13153633,0.022168463,0.012091669,0.021480704,0.00093321473,0.0031461224
1.3292754,0.27761534,0.058192026,0.021305816,0.005578554,0.03926042,0.0010959113
1.1905204,0.32327098,0.006266173,0.012399972,0.0014849878,0.0023479539,2.8622328e-05
1.2475637,0.26841918,0.023721345,0.00697287,0.0011350124,0.0035691836,0.019264437
1.261969,0.24224591,0.006197741,0.036640223,0.010816008,0.04208904,0.0015410415
1.1781253,0.31138784,0.010906,0.0055994866,0.008698479,0.020501575,0.0011698523
1.2255024,0.38913232,0.017800359,0.012511355,0.0062301923,0.026090972,0.00231265
1.3673724,0.38046426,0.02062226,0.017151989,0.03685236,0.0035876425,0.0014158922
1.3028275,0.48228073,0.0017067349,0.0016556995,0.033185907,0.0076700677,0.039261952
1.5238973,0.28052774,0.008941252,0.005791315,0.0024812976,0.0040502558,0.0032852506
1.4483602,0.3825558,0.0023280468,0.010212836,0.00054453494,0.010546966,0.002293221
1.4120548,0.4452337,0.036749665,0.010190632,0.00015995732,0.027390614,0.011200245
1.231348,0.6145368,0.006511151,0.008807153,0.040272836,0.004842615,0.00016845518
1.3962688,0.56601715,0.013318895,0.007374917,0.008382083,0.012364859,0.029088076
1.5723242,0.45025253,0.009547431,0.041398413,0.03307936,0.007951085,0.057763882
1.3846027,0.63860214,0.0019304623,0.018346995,0.01109725,0.00075934245,0.0069351923
1.75967,0.23878734,0.011322652,0.008771704,0.0015464118,0.025691807,0.005229554
1.6998484,0.35799634,0.010095151,0.01935538,0.040015962,0.046432216,0.016236402
1.6065067,0.6125499,0.004008519,0.002293596,0.030112013,0.04442423,0.003693745
1.5326934,0.68791384,0.043516107,0.005239251,0.00017819543,0.032674845,0.025703423
1.4516877,0.8039152,0.0054972875,0.0011218432,0.0046485406,0.042361163,0.006110868
1.4011933,0.84451073,0.0033267585,0.0015680217,0.005626075,0.0010234148,9.173744e-06
1.7510844,0.5483166,0.020279504,0.0082181515,0.012295759,0.026551584,0.00096561166
1.468231,0.81858253,0.006317213,0.02243164,0.0021330246,0.013426551,0.08605781
1.4205576,0.84960437,0.011302889,0.024890656,0.003150097,0.007937106,0.07118692
1.9601583,0.34839174,0.0033704003,0.03032825,0.0022590305,0.008857126,0.0015360205
2.1098053,0.26473498,0.012927171,0.029236773,0.00025226362,0.010461908,0.0016946624
2.1347156,0.50749946,0.014918988,0.0076132626,0.020680293,0.0018253954,0.03132736
1.9737724,0.5702131,0.0071125487,0.016114213,0.015739737,0.030829728,0.015853282
2.6532276,0.34205112,0.011469799,0.01117982,0.007963007,0.004756258,0.014164447
2.0213413,0.5812737,0.0032787651,0.054915555,0.0024412617,0.04294419,0.012789799
2.476904,0.537828,0.007194035,0.024793414,0.0009982396,0.0035956756,0.00992786
2.1729205,0.6175146,0.009720957,0.035115644,0.008206309,0.02251681,0.025749851
2.0450418,0.6288334,0.11240644,0.021512832,0.015433134,0.007335612,0.0019060906
1.7423183,0.77906775,0.015795413,0.005050025,0.0003913241,0.0060076965,0.023219366
1.4199377,1.0211198,0.0023416958,0.016853312,0.01655976,0.00842592,0.057332136
1.6492112,0.85289246,0.06449925,0.0009351191,0.0011784892,0.0005354832,0.00083524757
2.2607734,0.7308435,0.0024483756,0.09006374,0.04982973,0.0042310786,0.018398454
1.4470075,1.0303239,0.010211034,0.002285552,0.006407468,0.0072016725,0.0032630812
2.3975585,0.7759783,0.046741355,0.017575176,0.00928285,0.011882425,0.0052826004
1.7805308,0.7934174,0.0930236,0.0041143154,0.010347643,0.015423835,0.002436214
2.0127478,0.7144469,0.0053369896,0.0028870543,0.00031783798,0.011122475,0.021058533
2.088822,0.77408904,0.009330866,0.0029983239,0.00632247,0.009208068,0.013239054
2.0024846,0.7557068,0.0106028225,0.011343839,0.033844154,0.015043092,0.055485472
2.0861683,0.8027224,0.040432483,0.008300557,0.014409222,0.008960745,0.004978595
1.6449386,0.9447525,0.04301151,0.17886569,0.02489199,0.01112124,0.008278745
2.090171,0.83983254,0.030855734,0.08217933,0.04553668,0.0008375951,0.015213973
1.7921907,0.8468424,0.019825846,0.010612723,0.00069751247,0.03102471,0.030600695
1.9240198,0.83767706,0.0054541253,0.016325654,0.0048164455,0.120981395,0.08829298
1.8591835,0.8664579,0.0050590243,0.0006566682,0.016620042,0.00847932,0.0024742
1.6304932,1.0720268,0.017996268,0.054645948,0.00056676485,0.027616784,0.03228671
2.03956,0.90308005,0.018268567,0.009229886,0.003802449,0.0007149095,0.0006963735
1.7905734,1.0009197,0.0023243045,0.024532182,0.015954258,0.018804047,0.011716534
2.6443398,0.8611874,0.029656302,0.03333975,0.11209153,0.030273786,0.006000974
1.7140642,1.1036236,0.042940028,0.00045132334,0.0023396888,0.0045428737,0.01236625
1.9642634,0.9719267,0.028677171,0.08811021,0.012681344,0.06250605,9.370002e-05
1.8530008,0.9791568,0.028034616,0.016498288,0.0011829332,0.0011510447,0.0016307447
1.8866444,0.968145,0.053563964,0.016061665,0.010110769,0.048395522,0.0027049412
2.1501942,1.0181074,0.014299605,0.009047781,0.005314965,0.0019745333,0.02085697
1.9201247,1.004538,0.0038818864,0.030034512,0.004711001,9.291109e-05,0.0005194577
1.8853778,0.98252445,2.816944e-05,0.1136909,0.03857663,0.04898935,0.0007724426
1.8173188,1.1614618,0.03235661,0.0014929338,0.0047204485,0.05956984,0.006098054
1.99302,1.0925967,0.01848981,0.0023514382,0.04151309,0.0019805783,0.038830865
1.5190105,1.223757,0.017667467,0.011024662,0.0061641047,0.021431133,0.015767647
2.443614,1.0669963,0.01749452,0.0020249179,0.008577971,0.063258216,0.02306939
1.9896185,1.136771,0.000690819,0.031257253,0.034802116,0.005569464,0.0154438345
1.8344165,1.2137249,0.0022152544,0.004949144,0.028214904,0.0003309622,0.053479802
2.034226,1.1808345,0.057921685,0.02097502,0.0042616255,0.026310256,0.005838344
1.768396,1.2479334,0.11928843,0.0005674749,0.005614252,0.01549377,0.02630381
1.448585,1.3081223,0.10324906,0.028106729,0.041913066,0.027250543,0.023168847
2.3694808,1.2196177,0.006992082,0.010556203,0.055466253,0.08369811,0.011176422
2.0659647,1.2538422,0.030052438,0.016479185,0.005517033,0.01552459,0.024286376
1.5701662,1.339106,0.27003437,0.0017760472,0.0053379866,0.0050396854,0.0058652144
1.5467523,1.4036907,0.06206021,0.005897654,0.004447291,0.08546005,0.010575407
2.120883,1.2780489,0.007130276,0.008401536,0.0017828394,0.010659106,0.0066741807
2.403794,1.3225018,0.02414518,0.0011578832,0.00019240171,0.012100624,0.0013985754
2.3074777,1.3385365,0.0017947207,0.027770136,0.00802995,0.0034755166,0.0007210065
1.4047645,1.4926496,0.0055717328,0.0073605455,0.01621606,0.062342808,0.006448135
2.7030122,1.4238997,0.01167449,0.00017365736,0.048602123,0.02178424,0.0034803175
1.5175644,1.5514275,0.004448512,0.115720294,0.013183857,0.01936545,0.0067805233
1.6513752,1.4977423,0.005420538,0.02651633,0.0042346017,0.013301577,0.025375092
2.6242259,1.4588692,0.03408156,0.056628045,0.0065529943,0.008677475,0.04183665
1.6489197,1.547683,0.17413916,0.024826571,0.03743963,0.001584115,0.011622816
1.7516737,1.4607509,0.0046017333,0.00044860318,0.038073685,0.006329687,0.036206022
1.5215902,1.6122012,0.050332766,0.0034516403,0.0030976625,0.015600217,0.00768237
1.8992867,1.3469214,0.3687812,0.0068974253,0.05777317,0.002550518,0.00029330363
1.3127973,1.6763664,0.0035965636,0.0067971665,0.040821426,0.0038837725,0.0074918866
2.703482,1.458008,0.1779068,0.0075388947,0.0051613343,0.015163741,0.010553488
2.1923928,1.3918844,0.12175908,0.011191112,0.03141244,0.009981952,0.048551664
1.7558048,1.5088843,0.011431932,0.081377074,0.019230122,0.0055633024,0.024097187
1.3247331,1.7500368,0.00045892707,0.00063908537,0.004402104,0.045565315,0.0042235088
2.5019286,1.4529188,0.2423121,0.039721105,0.0058410247,0.011392139,0.01640938
1.6995063,1.5636497,0.004285009,0.005002997,0.0014715478,0.027722502,0.0031096966
1.6897539,1.5844438,0.0118013695,0.0103872465,0.012593915,0.061160665,0.051199768
2.2132237,1.4595569,0.0005538172,0.009906408,0.059993654,0.0023425727,0.00840738
1.6975983,1.596994,0.06774474,0.13990662,0.008964975,0.021977542,0.06724941
2.1714013,1.4569162,0.012980029,0.067176156,0.0013982313,0.0076337005,0.03082212
1.6402884,1.6587993,0.02591894,0.036480132,0.021407591,0.005300119,0.010422014
2.0775576,1.4566404,0.019534977,0.0924737,0.004069005,0.00084864895,0.0070393304
1.5106307,1.7826579,0.0006191811,0.0021370098,0.00020052867,0.0024067643,0.0030957037
1.8549165,1.5308746,0.036187667,0.0023569725,0.014349847,0.028403088,0.004926865
1.871486,1.5209119,0.08448893,0.029228088,0.024648782,0.0007542201,0.008515307
1.8277787,1.5421257,0.00015831992,0.0013325517,0.044346213,0.001045461,0.006961101
2.2298183,1.5120889,0.030922266,0.008410075,0.009407276,0.0076672886,0.097373344
1.7970911,1.5664771,0.00024685153,0.0035604974,0.027610622,0.008631308,0.043285247
1.9602532,1.5044141,0.005460392,0.007022749,0.008383396,0.0037615362,0.06856735
2.1973164,1.5148067,0.009890625,0.00038487042,0.062062558,0.011180056,0.019700952
1.9936543,1.5110952,0.1328067,0.009264228,0.0022110483,0.07580117,0.003380073
2.2194211,1.5155696,0.09329935,0.0008143232,0.024489095,0.0038829092,0.006541323
1.8279126,1.5813478,0.010463472,0.009937231,0.01396244,0.06929971,0.010295378
1.9211559,1.497022,0.26580173,0.0793665,0.006686124,0.0010134559,0.0074574873
1.7983589,1.6628817,0.03215121,0.028162543,0.007974037,0.003423387,0.018167077
1.8727545,1.6065235,0.02856011,0.03661355,0.007356619,0.010945767,0.018634211
1.4060553,1.9732207,0.0004300189,0.0010739999,0.0037836845,0.062376253,0.006454747
2.708624,1.9532354,0.060271014,0.017247666,0.012143936,0.0021764755,0.009537156
1.8901862,1.6408271,0.0026816754,0.022910755,0.008732117,0.028192045,0.040675223
2.2215328,1.644036,0.008215741,0.0021147286,0.009684051,0.008235127,0.030467605
2.1407833,1.6137102,0.0052174907,0.0047214325,0.051185645,0.01849025,0.029904326
2.0108948,1.600908,0.05797039,0.004039855,0.016459376,0.0403545,0.0051725353
2.0028658,1.6016113,0.0057073203,0.06340002,0.009572488,0.049768277,0.0017823402
2.042717,1.6062399,0.007221424,0.035786178,0.016441997,0.0834435,0.03315416
1.6598537,1.8632877,0.0077123917,0.013665683,0.0028335918,1.2128823e-05,0.016263558
2.197755,1.6345079,0.20086871,0.038180076,0.00328962,0.023971507,0.031062478
2.210098,1.6785811,0.0026462532,0.06768286,0.052884024,0.0035664935,0.001268265
2.1132865,1.5628612,0.27368942,0.00011235542,0.02362795,0.01046711,0.0052226237
2.2555413,1.6962935,0.0043918206,0.007131883,0.02129695,0.08494276,0.09437009
2.8934805,2.2327435,0.024780361,0.1164096,0.035258915,0.010598053,0.106308565
2.1706057,1.6697657,0.0024386111,0.044901017,0.03741369,0.026413241,0.01403725
1.871171,1.6954411,0.048583623,0.049270656,0.014556074,0.002171719,0.0040582134
1.7248565,1.829567,0.0013437751,0.0024424149,0.0018296783,0.02264136,0.08858607
1.9359509,1.6729038,0.0034008496,0.10386382,0.005132762,0.034805935,0.0035562983
1.8580765,1.7091517,0.060616724,0.0040749726,0.13050295,0.007542372,0.017398661
1.5288037,1.9527711,0.15052785,0.01121227,0.013706324,0.0022531098,0.00048541612
1.5524367,2.0892653,0.011886407,0.004475599,0.01297199,0.017234946,0.0016636179
2.122712,1.5979233,0.29643178,0.0061475346,0.0089565115,0.032396756,0.01239249
1.8106803,1.7947289,0.06428282,0.002757773,0.00031132525,0.0021550257,0.032697156
1.8962647,1.7307378,0.026921459,0.0025712047,0.055308655,0.021572504,0.008603242
1.6270586,2.0274851,0.0030719012,0.0027913805,0.01915452,0.0031376597,0.004433064
2.2117102,1.7503484,0.015066825,0.0030888852,0.008099118,0.049344677,0.0031460035
1.5948807,2.1032703,0.005776871,0.0013306211,0.025504937,0.0074668303,0.04574026
2.2972462,1.676151,0.37270892,0.0025121074,0.045004606,0.07994601,0.006721361
2.1840467,1.7505667,0.0025664466,0.008449787,0.0025245943,0.0059923027,0.024372332
2.46335,2.1072383,0.014101988,0.02040531,0.013991306,0.009152794,0.0038788626
2.429169,2.0323453,0.02140045,0.072958976,2.5391053e-05,0.0010563936,0.0026383582
1.4066747,2.6504207,0.006148764,0.002811962,0.005446641,0.007510117,0.0013127081
1.3572521,2.5269432,0.057242602,0.0014063296,0.0022181766,0.050005563,0.011586914
1.8993607,1.4370383,0.49447247,0.0010130598,0.025354981,0.0005583236,0.0028466668
2.2369158,1.8006908,0.16452901,0.014278216,0.0057731024,0.039380897,0.0019922738
1.9513252,1.7509543,0.108548455,0.040621392,0.0064870366,0.010834704,0.0015564943
2.2287624,1.8003837,0.02011992,0.0042562773,0.009501676,0.0020294948,0.00069570955
2.246172,1.808883,0.17763667,0.025278183,0.0025610714,0.004197343,0.077265084
1.8685964,1.8007542,0.012931119,0.009544494,0.0004678055,0.054895278,0.005769351
2.022205,1.7481657,0.033021934,0.058633026,0.0032587843,0.0049024713,0.008206019
1.8361524,1.8434097,0.0046988926,0.11169488,0.0009089702,0.0026318594,0.0055011045
2.161239,2.5082624,0.0044141705,0.00013484551,0.02889164,0.0061039794,0.006530414
2.181439,1.7868612,0.019274602,0.0036154836,0.0004612951,0.018905535,0.035852514
1.732713,2.265841,0.01398435,0.019626547,0.0010604323,0.0011367794,0.0049592224
2.2453232,2.2691133,0.04051469,0.0059307367,0.07013035,0.015973784,0.0069956826
1.5285903,3.111183,0.06777824,0.02535167,0.0070681726,0.009481693,0.0016089828
2.2212045,2.628936,0.15982246,0.0007492227,0.06337703,0.002618108,0.0005808066
1.9478005,1.78202,0.02199132,0.0059247096,0.0059967036,0.006880368,0.060161307
2.0775223,2.4419653,0.0016959629,0.024670955,0.008173452,0.02138511,0.028646333
2.899037,2.0235205,0.5450854,0.0034790696,0.019467982,0.003949465,0.0017777289
2.2349095,2.136388,0.03891381,0.0018648821,0.035120502,0.019732984,0.014291262
1.9240761,2.357751,0.020263907,0.028388212,0.009349622,0.0045004264,0.00052458583
1.7643925,2.0792186,0.0057675173,0.007359837,0.009207196,0.014417005,0.06597659
1.8071486,2.1109414,0.009473545,0.013392902,0.037129775,0.021068618,0.00085120345
2.0502396,1.7949234,0.032009233,0.017461525,0.02497972,0.061946638,0.010995955
1.7748694,2.084323,0.04280634,0.011188629,0.0022449326,0.12417776,0.005496453
2.1796918,2.0950346,0.021139512,0.012762013,0.0114416275,0.02722257,0.026025945
1.8144011,2.108758,0.0575167,0.016710375,0.009863212,0.0008118219,5.790405e-05
2.1709642,2.0698802,0.021697115,0.011028276,0.034586657,0.016767362,0.02660499
1.8123131,1.9459786,0.072422564,0.028180974,0.0045895395,0.00082570856,0.026887706
1.7840797,2.1548395,0.09927747,0.032475337,0.03173753,0.015744362,0.006498044
2.0777395,2.31286,0.055806372,0.009646333,0.0052964436,0.018920783,0.0020352728
1.869687,1.8985964,0.0065375664,0.062182628,0.005907618,0.02959784,0.015042587
2.1601248,1.7563752,0.2775194,0.0004406417,0.011414854,0.0054878746,0.0358391
2.1666718,1.7074766,0.36354166,0.006415394,0.010920088,0.009787976,0.07089656
2.3100903,2.118364,0.31395283,0.043548163,0.03272421,0.019534381,0.0045774053
2.0290272,1.8784779,0.00025385883,0.019880092,0.0071163015,0.036518823,0.012465572
2.1119864,2.1766255,0.008254248,0.0028468412,0.006915936,0.009645819,0.0031491471
2.0751705,2.0607939,0.014008136,0.010066494,0.0050948816,0.02859036,0.0008865961
1.8577411,2.1355698,0.12992951,0.015824573,0.0008956458,0.0010132961,0.00045567693
2.073667,1.9672333,0.010649875,0.004184702,0.018564101,0.02543837,0.029949905
2.0818977,1.9531246,0.0055661495,0.02492188,0.0023374136,0.012319694,0.013521612
1.9826611,1.9386098,0.006089132,0.02510017,0.04911003,0.0060623186,0.050976027
2.069086,1.9268892,0.091093406,0.010991608,0.006549943,0.0038695447,0.09058378
2.013095,1.925175,0.021700982,0.019493848,0.012514373,0.00052090106,0.0050146533
2.3552272,1.6783775,0.437217,0.056214575,0.0134986965,0.053305205,0.034841407
1.9244401,2.2494688,0.25719678,0.0014843855,0.073016234,0.0031054846,0.0072624474
1.8824804,1.8109107,0.31905633,0.016432201,0.015075675,0.0133729195,0.015996527
1.9928273,2.4208784,0.35065973,0.0002765559,0.0878458,0.0426893,0.0033960217
1.8403494,1.8328614,0.33589768,0.0021546867,0.0533387,0.052691594,0.0077447975
1.9086179,1.903827,0.29682362,0.05078256,0.056802582,0.02007648,0.017846348
2.194678,1.9691256,0.3735789,0.03059299,0.07286518,0.21315195,0.00096882257
1.6346631,2.5418224,0.4251242,0.015961299,0.027428394,0.015152431,0.00039495158
2.5007317,2.1415699,0.5346204,0.011549329,0.045250017,0.066938005,0.095309734
1.4546049,2.1482382,0.40121856,0.01866126,0.014299171,0.075449735,0.015761442
2.0877948,2.0321794,0.3866668,0.0010337296,0.071638726,0.007993147,0.008045056
1.8368198,2.1036608,0.3814006,0.019215543,0.042340707,0.0013494581,0.0032154652
2.2239633,2.0996938,0.49074328,0.0015816536,0.019941736,0.08067857,0.038928196
1.7072302,2.1667733,0.4825941,0.014838358,0.036493193,0.029592166,0.009450501
2.0428298,2.209738,0.473026,0.0021947443,0.0074039637,0.022587288,0.019595247
2.1188092,1.9171836,0.50045824,0.07084944,0.00014208196,0.008190044,0.051125545
2.025729,1.7548742,0.62638897,0.009864568,0.10227546,0.009107724,0.030284964
2.4080656,1.9388773,0.66576856,0.05414138,0.011159618,0.04837244,0.0074026
1.817571,2.1765027,0.61941266,0.04217726,0.012893034,0.01603195,0.0044435672
1.6841208,2.536781,0.8440312,0.0025837729,0.0035599796,0.0018221538,0.071221404
2.3879323,2.0213952,0.7886995,0.0034858123,0.0020905146,0.004387153,0.0062890826
1.7330558,2.201153,0.75352615,0.010870702,0.0025061506,0.01631528,0.04646869
1.9160206,1.6334238,0.7574423,0.031506512,0.1483479,0.06774372,0.039225485
1.4613057,1.7102792,0.722148,0.04520221,0.0007781357,0.008290998,0.051479604
1.718922,2.2073514,0.79102725,0.01065215,0.0067527285,0.006518933,0.009789946
1.8846669,2.4924588,0.8720838,0.04730655,0.04198404,0.017972333,0.0666161
1.6340579,2.0568862,0.7884829,0.00016732738,0.07959045,0.0159357,0.034192633
1.8022578,1.8555753,0.7228474,0.010117563,0.0031227139,0.016971588,0.093016036
1.1961297,1.7049526,0.7855582,0.021912245,0.14147604,0.017221412,0.02875101
1.5118968,2.3872101,0.95108515,0.010912478,0.13230959,0.032999866,0.00523842
1.5474716,1.962232,0.8096084,0.013563685,0.009209689,0.06354815,0.0008641572
2.1450515,1.6529375,0.81905,0.008065238,0.010472211,0.004212171,0.016825654
2.0599964,1.9276133,0.8123497,0.040762797,0.00042520752,0.001446822,0.018514697
1.9343011,2.0818324,0.8433927,0.02972664,0.006078744,0.014510807,0.006873838
2.114346,1.9802849,0.84672374,0.0007232713,0.0020288029,0.022490738,0.010819733
2.2082443,1.9939375,0.8581938,0.023231762,0.0005690687,0.014766731,0.0044163903
1.6559852,1.6379389,0.80205154,0.022587666,0.035812646,0.023789866,0.00083795027
1.8099488,2.1980152,0.984831,0.064992934,0.0033473365,0.03915866,0.0007915304
1.6678352,1.8529727,0.88634187,0.007870987,0.03216133,0.007235157,0.002069043
2.0182009,1.8632636,0.8753566,0.13257264,0.0036028177,0.0022420522,0.01894011
2.1734927,2.4838443,0.926067,0.18352067,0.010128082,0.01367745,0.0049306643
1.630539,2.1306767,1.0525122,0.0018387629,0.010562841,0.008894328,0.0002603873
1.949781,1.5970932,0.89274466,0.0007482624,0.013679207,0.07259266,0.005705992
2.5837624,1.8422577,0.9725198,0.022491746,0.024026489,0.0010962313,0.06461798
1.9433084,1.7419404,0.8960355,0.009092207,0.020666787,0.002391102,0.02464799
1.8478639,1.5179306,0.9672477,0.020887062,0.007713907,0.0045751687,0.010216991
1.9476984,1.7830071,0.9652972,0.031415153,0.022727711,0.043635163,0.01081337
1.7283053,1.9840178,1.099362,0.039176878,0.038053613,0.0046660155,0.06528843
2.018125,2.0678048,1.0275362,0.0014122208,0.0017485155,0.0028410954,0.012067842
2.1004007,2.2145643,1.0248771,0.0020806391,0.038035702,0.016171109,0.0017394733
1.7403253,1.6220737,1.0447057,0.0029575739,0.039975833,0.014462216,0.018853933
1.6586936,1.8692826,1.139364,0.0211831,0.008508807,0.0007984123,0.00058237626
2.7237236,1.5742095,1.045423,0.012256361,0.02112477,0.002787644,0.0064187483
2.1790433,1.8181766,1.0865147,0.0018727612,0.007737428,0.006726303,0.012041751
1.8702009,2.3782873,1.1884753,0.0026208025,0.0062698545,0.0063859913,0.0848987
2.197986,2.0962348,1.0799484,0.0032762878,0.015292191,0.10951041,0.06404633
1.9361128,1.8918183,1.1607053,0.0012381292,0.0088498825,0.0030846389,0.06081672
2.5159614,1.2386236,1.0929662,0.001340657,0.005892603,0.0045627397,0.0007716996
1.5765327,1.8720853,1.2532465,0.018067976,0.0033353397,0.013357133,0.009078773
2.4663746,1.3408027,1.1225703,0.016889721,0.0062680645,0.016486485,0.005313733
2.2443137,2.0092125,1.1983037,0.0179525,0.012205519,0.02449264,0.0011138102
2.2726047,2.191756,1.2429352,0.00044405178,0.06301036,0.06941583,0.027104396
1.8422354,1.7408854,1.2357122,0.0065340335,0.05484545,0.021794226,0.02612305
1.7573653,1.80016,1.2668539,0.003440214,0.0022771065,0.046279475,0.018993724
2.4047608,2.07417,1.2666423,0.009970977,0.0005347618,0.009674344,0.009603817
1.753743,1.7422557,1.270298,0.043482766,0.05440852,0.08620935,0.08737975
2.0891,1.8396105,1.2921308,0.029078761,0.013334553,0.010690733,0.050242048
2.1781764,2.2335865,1.2655227,0.044282667,0.011483874,0.00028470793,0.019270414
2.1651163,2.0140514,1.2840616,0.004522618,0.0026100168,0.034604203,0.058171436
2.661606,1.5918162,1.2838228,0.0013335075,0.00097401993,0.060208373,0.044000607
2.1150556,2.0885403,1.3466109,0.007648519,1.8111102e-06,0.0083751185,0.0010768038
2.5003047,1.9271535,1.3434322,0.068334796,0.04646996,0.0008576507,0.006333167
2.097865,2.1415088,1.3879323,0.0031339207,0.002058027,0.015856093,0.015737012
2.0003707,1.994771,1.4352361,0.01427672,0.0008157107,0.0014958035,0.017937262
2.1154675,1.8452716,1.4201956,0.0008126393,0.0024989084,0.07575408,0.006285546
2.952286,1.7826253,1.4703653,0.10141433,0.010581546,0.029377578,0.005461381
1.3930622,1.6280705,1.5068561,0.0034620895,0.0006886907,0.0007356179,0.01868687
1.9110875,2.1807332,1.4486066,0.015604496,0.00627356,0.050938014,0.03514876
1.9617058,2.0611346,1.4472003,0.032932278,0.021605242,0.009992784,0.024744816
2.217087,2.1870253,1.4586039,0.060725387,0.04532672,0.028034627,0.04301056
2.1214514,1.9494386,1.461903,0.005528164,0.043933418,0.05989619,0.014313924
1.9040017,1.4467472,1.473172,0.039804038,0.018399261,0.0036435968,3.607569e-05
1.4966239,1.5514086,1.5010734,0.0009377478,0.024276216,0.06583012,0.09765708
1.6091095,1.9687842,1.517996,0.0050355066,0.008871426,0.004385326,0.015529795
1.8866191,1.7348819,1.4826388,0.06190028,0.0005852483,0.015965609,0.0028941287
2.5309622,1.3152623,1.6485972,0.18101503,0.023516748,0.0033988976,0.015834091
2.4061108,2.3392243,1.456184,0.017587192,0.011357793,0.015598386,0.10680742
2.3965497,1.9315311,1.5671836,0.011868178,0.025632806,0.013082859,0.0057909642
1.761089,1.5134016,1.542025,0.032818653,0.08248804,0.012755468,0.008696191
2.1999373,2.071524,1.5474795,0.026317563,0.031075623,0.006374901,0.01809872
2.2493904,2.2241163,1.5421828,0.14069036,0.004060201,0.012844926,6.7110927e-06
2.7205842,1.8842133,1.6598347,0.040813494,0.030183047,0.022800207,0.011280287
1.8014451,1.7648681,1.5900815,0.06267317,0.02271822,0.0047063497,0.014826604
1.8212098,1.6312113,1.6077331,0.0010411028,0.024850668,0.014144566,0.00019339223
1.9700043,1.8248787,1.6132419,0.010685332,0.0006271106,0.008171293,0.007325477
1.729476,1.8726529,1.654923,0.013109323,0.0031931282,0.0002038142,0.005543106
1.5160661,1.3617653,1.6602353,0.0017208222,0.018642306,0.010013035,0.0207762
1.7287189,1.8640598,1.6389011,0.12373714,0.0037412664,0.018857962,0.018033803
2.549858,1.8804406,1.7460206,0.009325223,0.015326856,0.04727102,0.041148115
2.0967202,1.5418352,1.6387681,0.006140014,0.006947383,0.005743205,0.030817572
2.0328352,1.8318127,1.6193726,0.015143608,0.029275477,0.023998108,0.010346058
2.0794678,2.107125,1.6475781,0.01291682,0.0034629798,0.031934597,0.0022507748
1.8495854,1.6059327,1.604731,0.23212682,0.0056917565,0.0003386325,0.0053425
1.8592484,1.8813003,1.6683277,0.004853654,0.033896167,0.01405601,0.0034596291
1.8071103,1.4038566,1.6053445,0.3023608,0.024467122,0.0048535373,0.023152247
2.132918,1.7075868,1.5631136,0.33877367,0.045106683,0.0012105857,0.0060485722
2.4198782,2.214056,1.6919779,0.15463069,0.0041491534,0.0069105444,0.016766775
2.266719,2.0214841,1.6876974,0.13425407,0.02408737,0.013482083,0.026682746
2.1209838,1.8191682,1.6934811,0.0015145645,0.023794968,0.028575579,0.02037547
2.2725894,2.0004776,1.7248273,0.022879587,0.027833505,0.013570021,0.00848655
2.171833,2.120455,1.6850357,0.13743107,0.004410034,0.002969075,0.003701978
1.3972504,1.9727212,1.7620205,0.03799712,0.058743596,0.0072603934,0.08210678
1.9989961,2.030331,1.7007692,0.008531783,0.041658007,0.0129371695,0.0051250597
2.339381,1.7732279,1.8226037,0.02719019,0.0008653502,0.017569974,0.003610158
1.8338614,1.4221022,1.8359534,0.0036360577,0.043143924,0.008089698,0.008470415
2.5837116,2.2703896,1.9400818,0.020339442,0.060217217,0.009149455,0.008481924
2.2480483,1.6007603,1.8460075,0.013652573,0.03703609,0.019484917,0.020061089
2.0787542,1.834699,1.7750896,0.01179522,0.005045048,0.0057001854,0.036000352
2.2965257,1.929137,1.8559767,0.02662507,0.001641384,0.006383953,0.038704205
2.381516,1.8904256,1.9939182,0.030946635,0.0052662967,0.020117091,0.0068947743
2.0428374,1.9303585,1.7698865,0.0519044,0.038744885,0.010061491,0.013709765
2.6123533,1.6348547,2.057084,0.12434157,0.007051876,0.0066999523,0.033909462
1.5326737,1.7399968,1.9692013,0.013314824,0.057429746,0.0049973857,0.002877598
2.0486834,1.591576,1.869801,0.04481509,0.008030073,0.00060177484,0.005855757
2.2635407,1.7386705,1.5737526,0.38865843,0.015097956,0.1034255,0.0008216647
2.3226492,2.2930264,1.8123003,0.018223163,0.006327583,0.005900482,0.013555342
2.341721,2.095593,1.9022069,0.017957112,0.005914834,0.007059019,0.00018712286
2.2224984,1.9249163,1.8464062,0.04403905,0.008924917,0.01569271,0.018975211
1.5627947,1.8875978,1.6997572,0.34466448,0.000707797,0.0117803225,0.040739696
2.1287384,1.8893919,1.8376588,0.0024772862,0.0013475195,0.0011525719,0.0021688242
1.7529657,2.2452116,1.6981715,0.004854348,0.0054440615,0.0042008054,0.02784489
2.4987285,2.1978025,2.0307088,0.023172347,0.018825868,0.0058900453,0.015045334
2.1328037,2.7091107,1.6345015,0.010738593,0.00037369554,0.008763298,0.024787232
1.9131652,1.7729834,1.9005123,0.039844833,0.008546599,0.00071832916,0.022081861
2.0464485,2.3838234,1.7398324,0.027718704,0.004185594,0.012446072,0.0133846775
2.3602533,2.1062872,1.6005245,0.4079716,0.003926409,0.06224685,0.002716412
2.2091162,1.7187511,1.6372697,0.37811458,0.002783377,0.0024948441,0.0060387356
2.4568918,2.4401565,1.8062416,0.1567975,0.019305466,0.0009468397,0.011495013
2.1401117,2.3526247,1.7574967,0.055058215,0.036481638,0.0023957256,0.047148727
2.087266,1.4658562,1.997072,0.0051039513,0.029921155,0.03984157,0.04519544
2.1526666,1.5368164,1.9638911,0.10999804,0.030510241,0.0025399886,0.010911773
1.7443668,2.56163,1.6242766,0.22549929,0.0018876842,0.031912707,0.062928565
1.8334109,2.2788947,1.7679379,0.001949721,0.023382194,0.012412887,0.0005128898
2.1564586,1.8841138,1.523844,0.41462028,0.007987712,0.039020512,0.09739116
2.0376728,1.9951018,1.6579305,0.35990033,0.013386442,0.0075925128,0.013439325
2.0597343,1.8187957,1.8875928,0.16405894,0.0134724025,0.011453929,0.0044539645
1.6836869,1.8039331,2.0648952,0.011462705,0.013338571,0.003057022,0.0041434406
1.9635419,2.871448,1.7202344,0.011836896,0.011201794,0.0067368057,0.011229593
2.029001,1.6894622,1.9968616,0.14320774,0.0054986198,0.014553601,0.06902751
2.0991929,2.6452456,1.7885475,0.025638876,0.0051509887,0.05745431,0.0005468051
1.5483184,2.6872804,1.8044757,0.0049763857,0.007739802,0.012841201,4.9715527e-05
1.6120776,2.0833082,1.85444,0.22683427,0.0058092186,0.00193685,0.05362589
1.6445599,1.6185027,2.1398199,0.080534235,0.09311442,0.036305577,0.063924715
1.7678288,2.6037574,1.8784069,0.0090254815,0.0024363033,0.021454126,0.003247684
1.9172636,2.0675905,1.9536753,0.03755794,0.020357845,0.103960335,0.014823284
2.0198932,2.3229547,2.0337422,0.02113826,0.049419243,0.0014406367,0.026493683
2.4415338,2.0330727,1.7667708,0.5098544,0.014356863,0.018254457,0.0063902703
1.7781733,1.4242586,1.7120032,0.5038268,0.0037914217,0.006019091,0.0027436307
2.0520236,2.1794496,1.9753727,0.100118175,0.00613705,0.012753864,2.0512978e-05
1.7359307,1.5967438,2.1848936,0.022640068,0.040830623,0.002907941,0.008020253
1.7508419,2.7016215,2.1232114,0.007165294,0.027939929,0.0024830147,0.012373952
2.0105033,2.3391876,2.0078235,0.06824608,0.0009611761,0.0020927356,0.0009843144
1.6731082,1.699107,2.1028805,0.1788287,0.033134405,0.0004482951,7.12684e-05
1.7667668,1.8238162,2.1262677,0.029271254,0.015413691,0.00027025997,0.018820394
1.814106,2.0628738,1.7919766,0.3200238,0.013257949,0.027264467,0.0014929377
2.0134463,2.526446,2.2001474,0.01796917,0.025888931,5.1676494e-08,0.018377498
2.0291753,2.361165,2.125368,0.0075168596,0.0237715,0.0032351422,0.00180743
1.6325343,1.9791443,2.1300895,0.05468393,0.023144316,0.04900611,6.918564e-05
2.3414083,2.7174137,2.2997065,0.059811044,0.030141676,0.010403588,0.01972087
1.7561404,2.0412176,1.9136817,0.21358751,0.029171748,0.006691471,0.014558584
1.8712876,2.7556012,1.9750587,0.14198694,0.070783146,0.0154517125,0.0022197517
1.9285948,2.2366629,2.086851,0.06181377,0.016457511,0.021372652,0.0033164318
1.8564843,2.599729,1.8638288,0.3356056,0.012350613,0.008651752,0.008801761
1.9900111,2.1452734,2.0149248,0.19708067,0.003099117,0.00070516777,0.003214751
2.045871,1.2412306,2.332833,0.26341993,0.011555707,0.030358026,0.022179235
1.9823216,2.32392,2.3646255,0.018820686,0.00046725434,0.08074681,0.009658613
1.8875638,1.6720065,2.0696056,0.29738778,0.027292226,0.012480755,0.1067869
2.0254605,1.9843976,2.0051553,0.27118322,0.0029542854,0.0039304877,0.012952868
1.925252,2.0636914,2.5564375,0.0013575903,0.04037796,0.007206802,0.051753264
2.1644406,1.9981483,2.6202438,0.02308202,0.08436269,0.005488452,0.00085547095
2.153933,1.4512055,2.4357398,0.3201984,0.012991929,0.00715026,0.0021973397
1.59484,2.0924308,2.521463,0.06702778,0.004768968,0.01554427,0.030181076
2.060349,2.0451014,2.0697575,0.27180412,0.022823699,0.01877756,0.013589348
1.957727,2.4695053,1.8742126,0.38797033,0.0036207451,0.01691275,0.0061274255
1.7984363,1.9347147,2.6325972,0.01235759,0.010891111,0.03888415,0.008263984
1.6626545,2.3210676,2.2214715,0.21360886,0.03214174,0.0035215535,0.0073662656
2.370284,2.2817643,2.06337,0.468169,0.00025766768,0.03250444,0.014426341
1.9519452,1.8394778,2.1831934,0.2667046,0.14871003,0.0032169432,0.017658263
1.892785,1.5835959,2.2476819,0.3869369,0.047560796,0.0015264666,0.0049548135
2.1633682,2.5791569,1.8953205,0.5349583,0.011388754,0.0073589915,0.11548485
1.8742943,2.2979004,2.187783,0.4258595,0.01324746,0.0028983534,0.010750019
2.4317884,1.6716409,2.15024,0.5584471,0.009808238,0.004576896,0.0058021834
1.6509913,2.3166559,1.9029604,0.49056587,0.0012240135,0.0029644007,0.0028817425
1.9426423,1.9885768,2.320964,0.5077308,0.0006759997,0.054571673,0.010209921
1.8057314,1.9045272,2.2047353,0.49142748,0.06252208,0.019047769,0.012161605
2.0293627,1.669538,2.0779305,0.56064016,0.05540853,0.03672382,0.031190358
1.7277833,2.1543925,2.1554494,0.49924338,0.00033459152,0.015161506,0.013856515
1.7679508,1.8381472,2.1708577,0.5184417,0.003598279,0.008561791,0.0047494387
2.114284,1.821233,1.7076849,0.62932175,0.008352986,0.044037666,0.00554272
1.912873,2.247898,2.3139763,0.5860352,0.01836825,0.13653705,0.0028709336
1.9181138,2.1334267,2.12243,0.54381174,0.024845589,0.010535222,0.0016436435
2.6740828,1.5358657,1.6213695,0.7322804,0.034851156,0.022730215,0.0012036096
2.1110015,2.0559134,2.3135316,0.6631749,0.03236789,0.008271273,0.0002537896
1.871767,1.5066041,2.8610468,0.6400586,0.032609046,0.007459577,0.03521848
1.5210519,1.3303581,2.604131,0.64485353,0.068067536,0.056540746,0.0087088095
1.7588148,1.9947585,2.354448,0.68996626,0.020342737,0.00486158,0.0024257395
1.8568327,1.9493047,2.0005548,0.73038834,0.013796556,0.010006259,0.0070082755
2.33159,2.09662,1.671903,0.7623096,0.0056296876,0.01609937,0.015119895
1.6682321,1.8942944,1.8239025,0.7741321,0.020785663,0.008923856,0.042631995
2.4715197,1.9987912,1.7924567,0.8437592,0.0089580305,0.014404438,0.013913347
1.5162388,2.8556716,2.2818441,0.92564946,0.043879483,9.5352974e-05,0.14472611
2.4212677,2.0089958,1.6907014,0.93268627,0.0048643597,0.08174181,0.009897681
2.4491928,3.1447701,1.9556801,0.880587,0.0054810196,0.021317141,0.0038982814
1.3337533,2.1258261,1.9633472,0.9874398,0.0038471806,0.009914546,0.02232606
1.4337503,1.2586018,2.1959145,0.98774225,0.009824542,0.0047567906,0.0024271181
2.0654955,2.440194,1.9105624,0.9598017,0.0060604736,0.013445364,0.007110932
1.7862629,1.7767441,2.2907033,1.0292351,0.007135618,0.004364404,0.005563936
1.8050267,1.17431,1.748613,0.96647424,0.0005343478,0.011051196,0.0140254395
1.7787079,1.912486,2.3614614,1.0808554,0.0005386125,0.028923936,0.034452032
1.6670828,2.169022,2.4237425,1.0872318,0.011736305,0.012191873,0.030983532
2.0150845,1.7226298,1.7740996,1.0057628,0.020558003,0.0068383543,0.05905728
2.1352627,1.540835,1.381309,1.0344608,0.019107321,8.576782e-05,0.0053890473
2.0718045,2.082927,1.7525036,1.0737764,0.012691715,0.034784026,0.0011869145
2.112909,1.9356288,1.6379043,1.0770242,0.021090904,0.0017790018,0.008824044
2.3667223,1.8803042,2.077537,1.1161753,0.022219265,0.0019458847,0.008423085
2.436056,1.8260357,1.545532,1.092553,0.012209671,0.023759138,0.0067953896
2.2813072,1.9993339,1.9150728,1.095955,0.0069645694,0.109847315,0.1516062
1.8405219,1.7841429,2.2053862,1.196139,0.08500655,0.06155653,0.0025446473
1.968845,2.4949229,1.8058,1.1022414,0.0018058456,0.00039733062,0.03476968
1.6135478,1.9202491,2.3736606,1.2646147,0.006962447,0.023599723,0.04106436
2.4044473,1.4224031,1.4869732,1.1771964,0.051741093,0.0021057671,0.009573063
1.8919228,1.3515878,1.9772458,1.239249,0.0038811876,0.008332886,0.0103532355
2.2164187,1.7329997,2.0218487,1.2454351,0.015313757,0.017036747,0.0014271761
2.0644774,2.3288956,1.7007788,1.2339307,0.00904994,0.02781341,0.012078072
1.4518889,2.3169281,1.9391305,1.1394733,0.23933941,0.024754371,0.004564
2.038652,1.5883882,1.86891,1.3064315,0.0027074353,0.013038531,0.029347861
1.9283026,2.1227336,1.7102778,1.2908133,0.005394913,0.00769217,0.019398283
1.7746443,2.1384556,1.7619654,1.2776209,0.033678632,0.016047075,0.00808161
2.2132607,1.7787999,1.852836,1.2339883,0.11768398,0.010472788,0.007662223
2.1647453,2.1744862,1.7761074,1.310588,0.055579267,0.010972606,0.07760829
2.1984487,2.268605,1.7846682,1.3275625,0.012255496,0.008061909,0.0033808348
2.1912572,1.8895236,1.4782823,1.3160272,0.0006074146,0.005489972,0.017284973
2.3263109,1.6158533,1.7454709,1.4114335,0.016594678,0.20173568,0.0024715262
1.6905192,2.6009634,1.6256407,1.3378562,0.006257462,0.011322129,0.0004592256
2.0479143,2.0294318,2.1942327,1.3676006,0.00516028,0.0050165313,0.020312708
1.8560137,1.5957508,2.0112507,1.3992488,0.009918407,0.00087077246,0.00086996326
2.780956,1.6874295,2.4114888,1.1973717,0.012675577,0.0059694536,0.0036898993
2.7109632,2.2809784,2.1059775,1.2582076,0.00042318416,0.004160331,0.07961648
1.6506438,2.50548,1.8761134,1.4337914,0.009285359,0.012584173,0.006360959
2.772495,1.7294389,2.1830525,1.3277693,0.019433662,0.006919145,0.00321518
1.48064,1.3554995,2.1138387,1.4436405,0.018974999,0.0047932016,0.0018777482
1.8318646,1.9731617,2.3733976,1.4326766,0.019451257,0.00491671,0.054577205
2.1458302,1.808345,1.9765836,1.4899318,0.0034790211,0.025785778,0.00014109867
2.1657221,2.309384,2.235697,1.389364,0.06415622,0.051883195,0.011431564
2.043402,1.9197999,2.0600395,1.5743905,0.0009451757,0.030177537,0.0128518995
2.1648166,1.8131876,2.1492028,1.3925174,0.05691297,0.005876141,0.0013889453
1.7961015,3.0705407,1.9478453,1.4768599,0.012422575,0.017880732,0.016351316
1.9634979,2.8782432,2.000008,1.592948,0.0055357157,0.007710182,0.0025652556
1.744462,2.1681905,2.4785202,1.5084304,0.04929015,0.016041452,0.0011944474
2.454076,1.8938141,2.0455284,1.4409595,0.15449153,0.012979984,0.05773992
2.3529067,1.5758799,2.6517608,1.2684463,0.00013966805,0.05770098,0.027506202
2.1675677,2.4983199,1.7146683,1.5445174,0.007173269,0.0137611255,0.00793688
2.4872773,2.0022721,2.036623,1.5286925,0.006704813,0.007568978,0.0057131834
2.1577566,2.5378466,2.1387334,1.5584074,0.016181776,0.013839234,0.16818465
2.3920612,1.4296885,1.9315858,1.5694106,0.0010116203,8.0786645e-05,0.00047151628
2.1917758,1.6787294,1.7363603,1.6128494,0.04773445,0.009616971,0.0023237257
1.6131437,2.819764,2.238606,1.623545,0.03368606,0.0021778494,0.07592589
1.9602135,1.8635913,2.4514897,1.5695844,0.119196266,0.06190413,0.0023588948
1.9273729,1.4941025,1.9014132,1.5349339,0.09348305,0.04008183,0.003950495
2.298194,1.9600989,1.8195394,1.6491034,0.009180542,0.007973892,0.0011958315
2.060274,1.5337026,2.9502645,1.428805,0.018049272,0.104246035,0.039552838
2.256978,2.697103,2.054734,1.5811144,0.001939481,0.0015002904,0.0710698
2.2123928,2.5369177,2.097308,1.6135985,0.059847943,0.013505313,0.06997929
2.3351388,1.8535603,1.8404387,1.6539836,0.0010919146,0.012172606,0.051725168
2.4103253,2.650898,1.9214308,1.528511,0.19878514,0.028862337,0.006244273
2.5065758,1.4858397,1.5249261,1.6326838,0.20942555,0.16555662,0.0118129
2.2371237,2.4918654,1.5835927,1.59739,0.012708702,4.3328677e-05,0.024380567
2.712875,2.5525253,1.9868237,1.6808245,0.0017230145,0.0019149756,0.011092781
2.185223,1.6938388,1.5836645,1.6633248,0.031423457,0.0606315,0.023416223
1.7841474,1.9812717,1.9156176,1.6148238,0.055169165,0.038020704,0.006837466
1.9217849,2.0770996,1.9918551,1.7246971,0.042214148,0.022223676,0.04712304
1.9740982,1.9829679,1.9525782,1.7108991,0.14627095,0.030022679,0.0042979536
2.558566,2.6782134,1.7551973,1.7342731,0.08928294,0.0059802723,0.0773819
2.0979095,1.639597,1.9265242,1.7657632,0.0013887578,0.045537543,0.04551165
1.8686495,2.0449345,2.076858,1.5944113,0.25331354,0.017830199,0.032188017
2.4498487,1.6376272,1.9516066,1.7968805,0.00673762,0.017527664,0.007613726
2.2474465,1.5194839,1.8227203,1.8062152,0.0018055636,0.023754101,0.011279603
2.3585865,1.906695,2.111898,1.8052979,0.00675307,0.00542605,0.038347747
1.786097,1.64944,1.7981472,1.6223814,0.01187766,0.12583393,0.028523413
2.267391,1.6590407,2.4348443,1.715476,0.005576386,0.0114995735,0.049100667
2.4777608,2.3325322,1.9195108,1.7858872,0.004831076,0.0033207114,0.039730817
2.3249037,1.8689305,1.6233907,1.8156395,0.020695955,0.016008671,0.0004077667
2.355482,2.6320934,1.3777606,1.7386882,0.0034910329,0.030936496,0.09268454
2.0139873,1.7180383,1.9295275,1.7667303,0.04568136,0.0028863081,0.010851015
1.8492074,2.3733206,1.49777,1.7512531,0.0056461603,0.000671681,0.015967319
2.6358466,2.0013385,2.3466024,1.719902,0.029706331,0.08019258,0.0056957463
1.5249739,2.01303,2.1684623,1.6852392,0.17773113,0.006420162,0.01101723
2.6554406,2.3577955,1.8820454,1.868622,0.005969251,0.0037744897,0.03362911
2.4078147,1.6286817,2.3146462,1.8241723,0.03605043,0.0008041965,0.0036794296
1.4119452,1.4634893,1.729275,1.6645912,0.11006973,0.012574202,0.0063712
2.0673537,1.9675014,2.2090561,1.8019981,0.1354008,0.010247655,0.0016649253
2.4116,2.0112903,1.8325878,1.8987808,0.020706372,0.014330916,0.011103
2.1837592,1.9424213,2.47064,1.8162136,0.024428334,0.031165926,0.014553694
1.8057756,1.5856341,1.8055001,1.7131197,0.0029144096,0.0057849544,0.012521477
2.0855892,1.8485495,1.5836368,1.1819214,0.5722589,0.002557117,0.0030069398
2.0980194,2.4237714,1.9849441,1.6294521,0.37284228,0.016496832,0.018830864
2.5504258,2.0525396,1.930926,1.9873171,0.00010260329,0.02551673,0.04624446
2.207209,2.8447456,2.8711202,1.7493976,0.011944519,0.00886164,0.004187011
2.490619,2.1363983,1.8719114,1.4899296,0.38237604,0.03137659,0.02863545
2.1352208,1.9623168,2.146089,1.7790304,0.2748708,0.0038117145,0.0056462735
2.4393406,2.4767714,2.1221228,1.9877168,0.062120024,0.024818556,0.013570532
1.747893,1.8060528,1.6250309,1.6914372,0.0012834583,0.0143048,0.0068395897
2.0438888,2.1245682,1.9841639,1.8782111,0.13292228,0.0065592527,0.010058979
2.6125705,2.0264206,2.3417733,2.0335712,0.029210098,0.061379895,0.009973368
1.8266985,1.8179675,1.624186,1.752419,0.022902163,0.0011689323,0.015645793
2.026266,1.6095974,1.7213804,1.8964041,0.051383924,0.006314204,0.010959219
2.2036896,2.4831233,1.8875043,2.0799167,0.1278726,0.06191993,0.008300436
2.016676,1.8882903,1.6958916,1.9625015,0.023710428,0.04471464,0.016106058
1.6888756,2.0146596,1.8478706,1.8027972,0.02429649,0.012084387,0.012886864
1.829881,2.0531008,1.864242,1.8400278,0.0036868493,0.021864122,0.001963818
1.6500416,1.4717174,2.066425,1.8126382,0.009306479,0.023414193,0.03818943
2.4472864,1.5053898,2.1808207,2.089019,0.016904788,0.009607487,0.022294762
1.5487205,1.6695238,2.087634,1.7207433,0.26980087,0.00014663764,0.011731581
1.9910957,1.7438858,1.4181659,1.5578526,0.31176203,0.004230445,0.0013291299
1.9580442,1.8394339,1.7521845,1.7902946,0.3091075,0.0057195765,0.0045949114
1.8450125,2.2323828,1.5438623,1.8654267,0.1540567,0.00032931467,0.031363137
1.8253528,2.079555,2.1549318,1.9681009,0.0104724,0.026509857,0.009535395
2.3567634,1.9814626,2.1886914,2.193522,0.0069956672,0.0032712012,0.0033476793
1.9504919,1.1942728,2.0323162,1.9900361,0.005186854,0.043995887,0.0021676007
1.5079126,2.195155,2.6157348,1.8613198,0.030954562,0.006719556,0.011311659
1.7522038,1.3890977,1.6652454,1.9871135,0.021163618,0.002558493,0.03999088
2.0264208,1.9287935,1.6756316,1.8743742,0.26771146,0.008708934,0.050792035
1.7967747,2.0923991,2.3025982,1.7219518,0.27867374,0.013446875,0.067452796
1.7504842,1.5747935,2.2332246,1.8658063,0.019864803,0.010550879,0.0143665485
1.9587204,2.3299181,2.0784605,1.8850162,0.2696327,0.007853014,0.0031966134
1.8848207,1.6047195,1.411968,1.8934278,0.21529464,0.018391255,0.038383156
2.0746994,2.1499047,1.8646208,1.7896686,0.4056628,0.019487293,0.058050085
2.0812678,1.6395721,1.930458,2.0925848,0.013986462,0.03501732,0.010865868
2.187121,2.4990861,2.3489888,1.5017468,0.60131526,0.003412515,0.0012865235
2.2762418,2.2043936,1.5176964,2.1445923,0.0018385412,0.009084638,0.002389348
2.1268842,1.576266,2.8322172,1.8216201,0.0790418,0.036202054,0.01074807
1.9131578,2.7639928,1.4787041,2.4938712,0.016001927,0.09960696,0.019288799
1.9210242,1.8274499,1.4989429,2.0413096,0.16987829,0.014562603,0.0041435896
1.5803372,1.8290243,1.7666274,2.0261045,0.012466002,0.05760465,0.03456059
1.3009933,1.7624006,1.5591856,1.9163148,0.011096902,0.0021159744,0.010315701
2.1608438,1.3791146,2.3695788,2.0168242,0.08130477,0.00044822445,0.0043151435
1.4257244,2.2038944,1.590427,2.0200403,0.04283037,0.029424224,0.0025858565
2.3668878,1.783702,1.5972008,1.4682456,0.51405495,0.025320658,0.0033100639
1.9677039,1.841536,2.0768635,2.1413667,0.03160129,0.057933033,0.00092843577
2.3118432,2.520467,1.6192033,2.330921,0.16391873,0.0994793,0.042170215
1.6389512,1.4092216,2.1628082,1.9381822,0.16767329,0.01692342,0.015369929
2.0419188,1.882826,2.380284,2.139662,0.12551197,0.003929968,0.030599866
1.9254245,1.1866233,2.0794628,2.1464984,0.05524692,0.0034480814,0.014771758
1.7270188,2.2004676,1.6539063,2.285529,0.09256003,0.06866928,0.0017178438
1.9170104,2.1188724,2.444468,2.1407416,0.106010295,0.02694864,0.026299344
1.582421,2.0975926,2.0801198,2.1084132,0.045098163,0.0052608512,0.03372126
1.9138911,2.2024834,2.0188763,1.9406399,0.38373107,0.005433715,0.013250612
1.504598,2.136462,1.8391776,2.1571505,0.18978077,0.016109886,0.012455885
1.861365,1.7814368,1.9198627,1.9828228,0.3402692,0.017600946,0.0074269944
2.2083123,2.0697212,2.01197,2.331785,0.005699331,0.028710762,0.05767766
1.7579299,1.6935751,2.029812,2.124075,0.1330186,0.010538864,0.002199775
1.6166612,2.0296474,1.8390176,1.782918,0.4613854,0.0114294905,0.094492614
1.815122,2.1291282,2.257647,2.240467,0.023784408,0.011594399,0.004040026
2.0255988,1.9237093,1.7526139,2.3209195,0.10324757,0.0027722989,0.025623074
1.7735062,1.8981265,2.1221192,2.2447362,0.11416202,0.0013911084,0.04763746
2.1773276,2.0974283,1.934354,1.3437663,0.63025516,0.039804216,0.019002268
1.9615906,1.9602808,1.6386846,1.4283688,0.6234074,0.02309324,0.025322681
2.1357753,1.7994041,1.9884969,2.3093336,0.14759777,0.026443964,0.0035578348
1.6463817,1.4827497,2.442427,2.4299483,0.018922877,0.052698392,0.008163462
1.697313,1.9373937,1.7768245,2.1613908,0.28621143,0.05057595,0.011137916
1.9910582,2.1211097,1.912427,2.4682393,0.066117436,0.030526722,0.008266003
1.3833041,1.6868384,1.5100121,1.7618372,0.5709072,0.005727369,0.0029739097
1.9713713,1.8759172,1.0248941,1.4513034,0.6403566,0.006088122,0.14753675
1.9037018,1.5561892,2.382759,2.1692672,0.2881508,0.02517208,0.001486152
1.8610592,1.7610848,2.0968328,2.429571,0.10871471,0.007818007,0.005024119
1.8705115,1.9065168,1.9842194,1.3743335,0.60699904,0.0030330447,0.035987277
1.8923926,2.0272717,1.8140512,1.7964574,0.51742893,0.015240668,0.0006337352
1.7991049,1.3694823,2.102856,2.2669234,0.32380682,0.0036638943,0.0025310935
1.7542235,2.0787656,1.9662652,2.1506805,0.36276492,0.0049625584,0.012431291
1.5033433,1.8249718,1.9487963,2.2470353,0.42757058,0.0043877014,0.007009675
1.784672,1.8112876,1.5749534,0.9851729,0.83994347,0.030012205,0.005291785
1.6646346,1.8826813,2.606958,2.4793482,0.25120783,0.0052544693,0.0029589154
1.7159199,2.5315516,2.4213643,2.0796006,0.62896496,0.018693114,0.020601787
1.734629,2.2117593,2.4590309,2.2379386,0.5393986,0.020196749,0.00095168507
1.7034547,1.8340356,1.9537584,1.8849258,0.63364273,0.003604993,0.0005677497
2.002747,2.3340595,2.0765269,1.6041924,0.761939,0.01591305,0.026410272
2.0402656,1.5086977,2.101333,1.8840511,0.6448731,0.015342862,0.05350866
1.686531,1.8346913,2.283472,3.4115007,0.5577134,0.0022399654,0.00090266124
1.7686656,2.3295155,2.33177,2.0124457,0.82707566,0.0129527785,0.0006069334
2.0817533,2.154074,2.1781635,1.9697787,0.7831301,0.001552498,0.023769796
2.0679774,1.8271501,1.8323576,2.5660727,0.772894,0.009244204,0.013658126
2.4548886,1.8941311,1.4380888,2.6717522,0.6951936,0.0045389594,0.052555062
1.6196132,2.1882298,1.9834992,1.8748578,0.83912694,0.020075379,0.013067199
1.4108096,2.2907996,2.0111694,1.4868106,1.0495737,0.026818898,0.030144757
2.111117,1.6914154,2.2211666,2.406661,0.84918475,0.047367632,0.04640456
1.979452,1.801876,1.7671708,2.3895202,0.8925679,0.017186483,0.00016428472
1.8485583,1.9266595,1.9589272,1.625974,1.0665232,0.089647345,0.018526314
2.1467454,1.7961582,2.178129,1.6978989,0.95483446,0.0049064755,0.06697385
1.6856833,1.357985,1.0520482,1.6283953,1.0894837,0.0060511143,0.025132231
2.5035968,1.9249544,2.01215,1.6688032,1.0460681,0.07287934,0.009002883
2.0238478,1.7512453,2.0107512,2.030649,0.9735638,0.04227303,0.0031464908
1.7495712,1.7008029,2.089571,1.7309371,1.0724512,0.015769657,0.035826314
2.3075502,1.5593939,2.0496151,2.1016886,1.0414778,0.0092572495,0.0019990704
2.2083013,1.5810443,3.194544,1.5674897,1.0224222,0.04409099,0.02966679
1.6993132,2.3924642,1.9139799,1.8763219,1.1956732,0.04417984,0.23334655
2.0498075,1.9628673,1.8668092,2.0528097,1.063124,3.5676872e-05,0.0044120257
1.9822053,1.6016047,1.8403047,1.7525412,1.119433,0.0005462599,0.0057149217
1.8384395,2.1218083,1.7272741,1.8732316,1.1228173,0.0036345774,0.0056598415
2.5804608,1.9597354,1.7728041,1.7612039,0.99554443,0.1169207,0.122067064
2.0171554,1.9005387,2.0710216,1.9974045,1.2186701,0.001678855,0.12050183
1.8246704,2.5193617,2.3330457,2.2048376,1.2076792,0.0002627724,0.012318603
2.1810987,1.6457092,2.28726,2.0723958,1.1352764,0.039804175,0.011847498
1.5421752,2.4365475,2.1102397,2.4311016,1.1559683,0.052675225,0.03803109
2.0047958,2.2732766,1.5285426,1.9146891,1.1917534,0.010637394,0.014850147
1.6385194,2.163259,1.8447187,2.319136,1.1455703,0.0006735597,0.0039907047
2.072099,1.5014224,2.360157,2.106902,1.1495696,0.060136355,0.053269897
2.021669,2.5065901,1.8147744,1.7453673,1.1991333,0.07592534,0.011460486
2.5198803,1.5986397,1.565393,1.7654923,1.2062918,0.0012072405,0.0038469355
1.9968601,1.820367,1.514549,2.034572,1.2376956,0.011259235,0.014571861
2.1651978,1.9333395,1.6824342,2.214413,1.3285676,0.0025258344,0.0273467
1.914507,1.9232203,1.6979275,1.6561811,1.3457843,0.007744535,0.042682435
1.9415423,1.6922891,1.2412374,1.9919016,1.2768245,0.005883641,0.019420134
2.0645967,1.6913779,2.0542252,1.61896,1.2199019,0.029286623,0.005559587
1.8472447,2.0050132,2.26554,3.2546732,1.1366014,0.04395191,0.016759489
2.2667322,1.8911632,1.6485475,2.0191367,1.2807943,0.006152664,0.001266693
2.327315,1.7400279,1.6483364,1.8221393,1.247868,0.018985111,0.0013654458
1.5063868,2.154836,1.7475878,2.2849247,1.1359732,0.013385795,0.045819752
2.3188643,1.8395348,2.2749095,1.8971498,1.2636298,0.06402524,0.0022651018
2.6639845,1.7540829,2.0386844,1.6250491,1.2451515,0.029552441,0.026196245
2.0034714,0.78783005,1.9158247,1.4404106,1.3522031,0.0073896595,0.01645891
2.1198535,1.7639623,2.2202365,2.1378767,1.4149559,0.010303611,0.06190808
2.1262016,2.0278068,2.0003953,1.9588319,1.6418455,0.012710221,0.015217652
1.9130862,2.4722726,1.3363562,2.0998037,1.1532252,0.0021615245,0.0015816571
1.9767286,2.0173035,1.9089361,1.8508097,1.7183233,0.015632158,0.06621927
2.0596008,2.0574036,1.8390584,1.5501007,1.6744502,0.00072839303,0.040419813
2.1387002,1.6459978,1.8024117,2.0318942,1.5818988,0.040514205,0.013145047
1.9588827,2.1941803,2.0820758,1.7952627,1.6408869,0.0020417105,0.0045239204
1.9755982,1.6188874,1.4480641,2.1154358,1.5247139,0.05137004,7.5863216e-05
1.8988708,2.07487,1.5982229,1.9768533,1.6970335,0.017040348,0.016306752
1.950456,1.9480741,2.0354905,1.7424402,1.7205635,0.03123437,0.11045027
1.7595468,2.3271625,2.084868,2.417693,1.4413548,0.013997287,0.16118436
2.5428355,2.5321739,1.6565049,1.8346901,1.2546142,0.0078004156,0.00856454
2.4859357,2.344479,2.1169279,2.147496,1.2870597,0.0077369506,0.011408849
2.3237264,2.4416883,1.4919397,1.8067777,1.421239,0.018802492,0.034723144
1.9608178,1.8014348,1.9673061,1.5686631,1.7423688,0.011482613,0.004787653
2.0659025,1.6042686,1.6130197,1.7026644,1.629942,0.049576163,0.010456382
1.3422942,1.7632736,1.8093666,2.1085916,1.415369,0.0008978514,0.070670396
1.6559072,1.6661224,1.6353635,2.197506,1.5092695,0.0030544053,0.02142321
1.663625,1.9143189,1.8328475,1.1220001,1.572684,0.08087438,0.04841925
2.0270848,1.761947,1.2512379,2.3045423,1.6163163,0.091259256,0.0017272399
2.3967257,1.8659406,1.8344183,1.3969198,1.618777,0.0029967374,0.0025006498
1.9359214,1.906246,1.4492296,2.0484838,1.6880518,0.10661755,0.004154555
2.1552107,2.4041047,2.0320578,1.8494047,1.5632726,0.009903539,0.007914804
1.5266025,1.5356554,2.0303502,2.159677,1.4974934,0.013998682,0.0012153732
1.9227738,1.4811965,2.1695693,1.8759519,1.7889932,0.016183948,0.0004178133
2.0456772,1.7331234,1.8009632,2.3029723,1.5855422,0.01992649,0.0020260357
1.9786817,1.8081936,2.3833618,2.6267395,1.5349187,0.035405267,0.013904853
1.9823364,2.160182,2.3714871,1.989769,1.5353223,0.0041212244,0.03578036
1.7509896,2.1297357,2.4930437,1.893633,1.6917862,0.023806835,0.03741129
1.9765877,2.010015,2.338974,2.085289,1.5632648,0.04846529,0.013279208
1.8173866,2.2085001,1.6780202,2.2714615,1.8668013,0.010859812,0.027407128
1.6776916,2.083211,1.8051986,2.1349993,1.7120385,0.08018163,0.014911488
2.291133,1.5175022,1.8348788,2.0672884,1.760475,0.09060309,0.02197056
1.7270758,2.1559036,1.4965662,2.047187,1.621527,0.11440294,0.024435522
1.8103337,2.0874312,1.9001529,1.801495,1.9304895,0.011483552,0.010574182
2.1683936,2.3279433,2.2310715,2.360006,1.3879131,0.14372556,0.12033387
2.022261,2.584036,2.0171409,2.077728,1.7077792,0.007203189,0.026427744
1.7400796,1.7368171,2.0490959,1.8815534,1.8041747,0.09813688,0.009892257
2.2958317,1.6596631,2.075245,1.9797113,1.7606053,0.023153024,0.0063290386
1.6015024,2.0860872,1.4983749,1.8050398,1.7954379,0.06396437,0.07158404
2.7360036,1.4973665,1.3405281,2.0067668,1.7038474,0.031351946,0.011342929
2.6590195,2.0513334,2.547565,2.1045516,1.6610972,0.01682924,0.0023323768
1.9148076,1.9108937,2.2960877,2.1580155,1.7669818,0.011062932,0.038501434
1.7003721,2.1160667,1.546015,2.19114,1.9359742,0.01744011,0.013657864
2.271066,2.0781786,2.4145176,2.1668928,1.5539327,0.007765259,0.0019084936
1.6313943,2.2299213,1.7572527,1.9306517,1.9858907,0.0003641821,0.008249862
1.8041587,1.674007,2.086411,2.0430436,1.335395,0.34990746,0.15122171
1.363581,1.5329885,1.5851837,2.3408709,1.5620997,0.1926296,0.010072721
2.0998037,1.5438938,2.2019184,2.131256,1.8002565,0.015931679,0.011568855
1.6709727,1.8650063,1.7719202,1.7643907,1.9630535,0.0006775813,0.020822449
1.9903164,1.6221691,1.6552343,2.0508778,1.9151638,0.17795973,0.02425064
1.6613514,2.0721886,1.8909615,2.5236266,1.9455597,0.00027783256,0.06735199
1.8059969,1.3919598,2.3590922,2.016882,1.9572709,0.009411447,0.0035032823
1.399189,1.998938,2.1496127,2.0539157,1.6901487,0.0031875116,0.011702115
1.6293477,1.9188255,1.7991942,1.5223606,1.6340494,0.22067481,0.0010035723
1.5478201,2.1753173,1.311884,2.190232,1.8458993,0.0522656,0.044013564
1.7379761,2.2183633,2.5569715,1.6390046,1.8594272,0.014579981,0.044908363
1.8605386,2.2313075,2.2764564,1.8422606,1.8832275,0.04984789,0.0017614544
1.7015107,1.5525402,2.2881827,1.8197392,1.6672758,0.024485355,0.010489912
2.4543252,1.9513811,2.1053452,2.163338,1.677746,0.00062335597,0.015629997
1.9432592,1.9044646,1.8925782,1.8479371,2.0160172,0.10472049,0.00860643
1.9317315,2.5588424,1.5087696,2.1317005,1.5700141,0.17097442,0.00083485496
1.5066975,2.2567594,1.6717181,1.7025714,1.9923788,0.00027563566,0.03966737
1.6994523,2.1635134,1.8307425,1.7744813,1.783536,0.19477956,0.01820749
1.9765136,2.2429316,2.0157065,2.0599132,2.0059466,0.041504074,0.0009991543
1.5114517,2.2700279,2.0337553,1.9911288,1.9558234,0.020391913,0.009035851
2.60988,1.7058921,1.6966094,1.9036709,1.8927679,0.0048090145,0.009589608
2.4854023,2.045325,2.1056764,2.3596473,1.651488,0.012310551,3.3849683e-05
1.5417353,1.8770952,2.0782688,2.2138877,1.919807,0.036048967,0.003803613
1.7062336,1.8823732,2.4905982,2.3677638,1.7365506,0.14927523,0.0063359924
2.6140535,2.245447,2.170799,1.7536852,1.7650107,0.0022446623,0.0036880742
1.8739992,2.0259068,2.2455413,2.298253,1.9654986,0.07437874,0.018203426
1.744978,1.7938786,1.5499285,1.7455575,1.3000479,0.6333871,0.0003405016
1.9221029,1.9384885,2.266,2.0611475,1.5170429,0.46323442,0.0054413495
1.8771604,1.7897745,2.226335,2.465833,2.0796995,0.0317518,0.00017279168
2.1564524,1.7347732,1.6847639,2.2359633,2.1164608,0.08857083,0.01054449
1.652926,2.0763729,1.8448611,2.2321212,2.2258127,0.012782571,0.008719105
1.590878,2.1054487,2.0723305,1.8445971,2.2415447,0.029519781,0.02231316
1.5514561,2.3567624,1.9450572,1.7338711,2.1641943,0.0026020466,0.0007975016
2.049428,1.9516261,2.3333373,1.4463729,1.495321,0.40317473,0.009208201
1.9066519,2.1192384,2.0070963,2.051087,1.385929,0.5672433,0.0013129461
1.8726308,2.016586,1.8215333,2.1059663,2.2034168,0.0369121,0.0018010822
1.4588082,1.9832125,2.5679538,1.8550818,1.9666102,0.059301194,0.005229878
1.9799728,2.3606603,1.9015388,2.0372603,2.0923789,0.05473393,0.001238353
2.4040744,2.309365,2.0724556,1.8573687,1.9427052,0.080406226,0.0077691884
1.8599734,1.9110762,1.5226402,1.9696698,1.5994422,0.47519374,0.0004105056
1.8091432,2.3480787,2.3600032,2.2703316,1.9513447,0.0852225,0.014850453
1.7628057,2.1518064,2.1161807,1.9805644,2.2205517,0.046982154,0.017668124
1.436954,1.9191544,1.8826388,1.8659365,1.991684,0.37347105,3.449127e-05
1.6142488,2.1511729,2.275876,1.8351165,2.142586,0.019246329,0.0010869051
1.9972016,2.6074905,1.9815202,1.6385164,2.4825537,0.020122148,0.03371495
2.828528,2.558313,2.4595401,2.2432144,2.070257,0.008288958,0.0074098827
1.6493508,1.8471622,2.717852,1.9735088,1.957615,0.11250971,0.011170222
2.1801286,1.6086066,2.2205276,1.7216188,1.6918666,0.4499457,3.874095e-05
2.0134315,2.2581124,1.7298319,2.0638459,1.9936423,0.31475747,0.0034551127
1.5211754,1.9416536,1.9285955,2.1321614,1.5484829,0.5907095,0.0028672735
1.4824052,1.9935837,2.3182104,2.113048,2.6032052,0.0043353452,0.022330837
2.4257104,2.5625205,1.9606683,2.2451687,2.016749,0.009740227,0.031994425
2.2953231,1.6249816,2.7048893,2.3049498,1.5196453,0.5545194,0.00012079123
2.2544994,2.39035,2.1409001,1.7441764,2.1133454,0.20706865,0.0015446526
2.3720922,1.6777908,1.9039273,2.4897423,2.3767247,0.22705214,0.015237174
1.8451364,1.7862967,1.3421196,2.181952,2.4335034,0.4331976,0.014309351
2.4816272,2.4759388,2.273249,2.2561576,2.2208729,0.00010621202,0.036400553
1.6719005,1.6613827,2.0127249,1.2675786,2.3430178,0.33196664,0.011674643
2.007338,1.9672683,1.7538493,1.4207344,1.4247645,0.5923394,0.019718237
3.069123,2.666295,1.1109979,1.8603894,1.8402025,0.07513006,0.010038876
2.1738741,2.547919,2.1745,2.0938096,2.660344,0.098453015,0.007985487
2.3159091,1.5949929,1.7384341,1.8857434,1.913047,0.45564824,0.02583028
1.9640129,1.7829739,1.9444445,2.0257697,2.532135,0.041552566,0.0053367945
2.188158,2.3049572,1.9952108,1.8663615,2.7801683,0.02511011,0.050677504
2.3256993,1.9704487,1.9960916,2.5264711,2.3618164,0.11969632,0.00064582936
2.3883936,2.3249102,1.4652048,1.801338,2.024584,0.59610564,0.00677676
1.7002964,1.973026,2.937229,1.8758047,1.7026163,0.5877262,0.055549905
2.3997948,2.5376635,1.9819449,2.108521,2.5907245,0.039756376,0.0057393876
1.9761612,2.3363128,1.7951105,1.7939751,2.1015322,0.45280233,0.014719086
2.746587,2.286777,1.7217642,1.9920487,2.0474212,0.3711172,0.16305704
1.7099794,2.5058866,1.6441963,1.8567011,1.5124055,0.78245497,0.014999155
2.1802075,2.022021,1.5371752,1.6906016,2.0490136,0.5892837,0.00817565
1.7908598,2.7999916,1.9668019,1.9175614,2.0612147,0.6040316,0.009295589
2.2434728,2.1823413,2.2873318,1.8809272,2.3468702,0.45366713,0.0029466026
2.233028,1.9868771,2.0117178,2.5935674,1.3932651,0.6218897,0.004829073
1.7070146,2.116283,1.7877042,1.7396764,1.7893096,0.68781984,0.014284738
1.9653301,1.9302248,1.9522594,1.8919705,1.6969098,0.7377705,0.024703788
1.7488754,1.9866914,1.8983788,1.6014178,1.5687413,0.8672924,0.0040037413
1.7545027,2.0070791,2.0436535,1.3532699,1.8428531,0.6570008,0.00345597
1.8634171,2.1559107,2.0581412,1.5277705,2.0354311,0.6202951,0.0058415546
1.5208074,2.1733487,1.6961215,1.2622063,2.2217734,0.6674744,0.002645352
2.122721,1.9112778,2.183338,1.7110673,1.4642552,0.8239553,0.13299985
2.0696647,2.14272,2.25772,2.2347457,2.5534613,0.6255189,0.0011663693
2.5222578,1.7869319,2.1693506,1.9821413,2.3062198,0.45187363,0.025669778
2.3281078,2.2097201,1.5508732,2.2264707,2.377877,0.65079474,0.00018760293
1.8799982,1.9989215,2.7504537,1.8557988,2.4025428,0.75202703,0.033342507
2.0807307,2.0176039,2.3392723,1.5897574,1.4633673,0.8994486,0.0063385605
2.0836992,2.2673676,2.702449,2.867945,1.953408,0.73964345,0.0021233254
1.7461846,2.1178155,1.9000108,2.372483,1.4450024,0.8016752,0.006155687
2.0370398,1.4000721,1.7068076,2.4938843,1.652581,0.8757024,0.0007900272
2.2854578,1.4447485,2.650121,1.5456889,1.7193955,0.7315197,0.0069382065
2.1704206,1.5050985,2.5828435,2.1451077,2.5742269,0.7150949,0.0009974237
1.9522904,1.645181,1.7908517,1.612004,1.8025002,0.9788936,0.006441549
2.152082,1.8689606,1.8109891,1.516532,2.4327922,0.7690713,0.009920192
2.3269536,1.9455041,1.7530131,2.3519502,1.7120366,0.71597826,0.008504172
2.0962973,1.9041302,1.8407016,2.0582254,1.9340748,0.84068614,0.00040894828
1.8665614,2.358685,1.8873347,1.9369555,1.6607648,0.8611792,0.0040916265
3.0414882,2.1022325,1.9126935,2.0171444,1.6879258,0.8375674,0.002748735
1.9529969,1.8270494,1.8954375,1.6707367,2.1383433,0.9057566,0.009055054
1.9900569,2.0834458,2.3453104,2.1652722,1.9485623,0.86677384,0.018822884
1.8893629,2.7374294,1.7501215,1.6280041,1.8558718,1.0709524,0.023873532
1.9980452,1.9477932,1.6839814,2.033392,1.873772,1.1386406,0.025462363
2.0568163,2.3223875,2.2372024,2.6057844,1.9894874,1.0743568,0.05809963
2.1159189,1.8641999,1.8105613,2.1701562,1.8491424,1.2309163,0.007451172
1.9808838,1.8548523,1.6656886,1.6833011,3.030423,0.7155261,0.0217624
2.0590348,1.3917202,2.016893,1.6543211,1.4803755,1.064906,0.007525681
1.8513522,1.5695477,2.0088456,1.5715668,2.0682344,1.1751785,0.14786941
1.9816238,2.0685875,1.6507174,2.3472672,1.6291603,1.1358956,0.014560709
1.6380827,2.2948768,1.6620519,1.7938752,2.3059795,0.9338871,0.025733095
2.0921748,1.3718704,2.1894336,2.6565921,1.9451407,1.0917048,0.0032789833
2.2131824,2.1835644,1.5615823,2.441229,1.8966146,1.1628907,0.003064099
1.6636342,1.6639525,2.0081413,1.6620419,2.006171,1.4069923,0.0025943501
1.8054768,1.73673,1.7528701,1.9177512,1.7019829,1.5504233,0.00022433388
2.005725,2.2724667,1.9862133,1.8814282,1.5892467,1.502062,0.00010341466
1.5575231,2.0315042,1.8509476,2.0127437,1.9388201,1.4241228,0.12836759
1.6989884,2.50603,2.208179,1.9077815,1.1128216,1.5355786,0.0013417967
1.9010035,1.9906588,1.933307,2.2169793,2.2805886,0.9819315,0.058877155
1.9554479,2.2216468,1.744385,1.9370605,1.7107333,1.4006088,0.06982498
2.0887158,1.5196925,2.4044368,2.1254113,2.288227,1.2447555,0.0016312442
1.9642433,2.235879,1.8709683,1.9116793,1.519398,1.4961106,0.0076548997
1.9677055,2.102072,1.9411335,1.8291092,1.9479096,1.6539191,0.048383683
2.2234232,2.0976636,1.740189,2.2097032,1.8080565,1.4069786,0.014066678
1.4704579,1.8266202,1.9174677,2.3839688,1.7744315,2.0846417,0.003530271
2.3270936,2.3372989,1.9637561,1.9402512,1.953951,1.2902888,0.022382367
1.8392082,1.8603953,2.000243,1.9495851,2.305323,1.4663757,0.0195578
1.776124,2.0848303,2.0238228,2.137472,1.8268973,1.6525754,0.015100789
1.4790096,2.441363,2.2125366,2.0549889,2.2056885,1.3961296,0.026475513
1.9003129,2.023217,2.235364,2.1395688,2.2054105,1.3176242,0.0036349695
2.2654493,1.9799175,1.7134928,2.0911179,1.5361189,1.2630297,0.02762284
1.871617,1.7540091,1.6672695,2.1882298,2.1218305,1.596843,0.01670364
1.7261292,1.7016771,1.9175718,2.1698952,2.0384448,1.6396987,0.010918048
1.9696949,1.6903076,1.6917714,2.060384,2.3042355,1.5057397,0.0029006554
1.9314821,2.6034453,1.852199,1.4564018,2.1123421,1.3419715,0.011907182
2.2104578,1.7520863,1.6800027,1.7523303,1.1112098,1.559657,0.033281866
1.4436302,2.3771367,1.773343,2.0604978,2.5081859,1.238417,0.01014807
1.3394034,2.1566997,2.0919738,2.1813822,2.6699605,1.5834472,0.0067171985
1.8563228,1.924186,2.1239662,1.8297691,1.6657597,1.7110275,0.0023492265
2.5347538,2.3225205,1.994327,2.9916358,1.8178318,1.1465429,0.015305084
2.0141375,2.2267752,1.9883803,1.7281723,1.8675044,1.4914709,0.15384278
2.0969696,2.2538903,1.5886185,2.037262,1.957953,1.62031,0.093404576
2.3683624,1.6847465,1.761611,2.4394934,1.7382914,1.4218005,0.059172686
2.016683,1.6397902,2.1316142,1.67356,1.9175674,1.5753653,0.0058121127
1.7034,2.033807,1.5049714,1.8163955,1.5409855,1.6263559,0.15068713
1.9962277,2.1616356,1.8085312,2.3105047,2.4712558,1.5769345,0.004406152
1.7310624,2.6378925,2.0614488,1.7036741,2.052636,1.3925273,0.004613986
1.9626361,1.8890679,1.963502,2.4484434,2.0736585,1.7491688,0.007649438
1.9020262,2.4898407,1.5681645,2.6737492,1.5348474,1.7515612,0.021955805
1.8336737,1.7623842,1.918458,2.176772,1.9268208,1.8885776,0.11714472
2.1532185,1.7403885,2.3059545,1.9971509,1.9820712,1.6172999,0.014030659
2.1610177,2.24585,1.9180514,2.1572752,1.1556735,1.5476481,0.025551666
1.8246752,1.780702,1.8686104,1.7323035,1.5558115,1.9248161,0.005590563
2.255842,1.5936309,2.416898,1.7952588,1.7411702,1.3479171,0.03996383
1.9578559,1.5920104,2.5651848,2.2899737,1.3872632,1.955002,0.0076854504
1.9073374,2.1826138,2.0727162,2.0113282,1.6246487,1.9634693,0.0076697567
2.2375174,2.6700084,1.5157411,2.2180915,2.1386952,1.7395902,0.022488257
1.8789706,1.8924204,1.6641545,2.0496643,1.5563924,1.9574045,0.0032382326
1.6990851,2.1578224,1.8295175,2.0515237,1.6703129,2.0191648,0.0045319516
1.2226093,1.497837,1.648288,1.5197505,1.812335,1.6533492,0.006627492
1.9910975,2.1930366,1.9458325,2.0352983,2.3078232,1.616422,0.036455724
2.045832,1.9299456,1.8441716,2.2103992,1.6211617,1.744981,0.15269536
2.1085508,1.9839957,1.7482761,1.6148533,2.7756863,1.5402092,0.0012801079
1.7517748,2.0897558,2.1357977,2.1597404,2.5338464,1.6621912,0.003805453
3.1091242,1.5176193,2.242067,1.696264,1.9027808,1.1247177,0.12553045
1.778146,1.7750196,2.030227,2.2801726,2.199389,1.8430636,0.0013611551
2.0968542,1.801269,1.7905676,2.3631577,1.2501764,1.4003195,0.51977354
2.4183595,1.692028,1.7485698,2.0152705,1.9175658,1.536433,0.016160516
1.896977,1.8134081,1.8035768,2.712083,2.1238012,2.284412,0.112638876
1.9747819,2.18752,1.8292035,1.6309025,1.2810878,2.3619468,0.09602937
1.6741515,1.9462777,1.9047942,1.7357041,1.6572019,1.8210155,0.013461437
1.9290783,1.921253,2.169107,2.034946,1.8569591,2.0754936,0.007621633
1.9862684,1.6088337,2.552139,1.7960902,1.4813958,1.7211431,0.020672616
2.7071536,1.7892673,1.5973525,1.9501351,1.9752612,1.5125455,0.018413365
1.5960014,1.9897801,2.0516188,2.2654965,1.8232276,1.9558291,0.08634923
1.793992,1.7144418,2.2365549,2.045221,2.079038,1.7155058,0.05725798
2.1474886,1.756541,1.8560084,1.8566023,1.8203452,1.9467903,0.06021708
1.984827,2.2493374,2.155069,2.0301967,1.7231535,1.8951223,0.063786514
2.155725,1.988795,1.6202149,2.304629,1.909025,1.9606185,0.0031046155
2.21681,1.985869,2.1461277,1.6829733,1.7357051,1.6788739,0.0005764388
2.2153552,1.9457476,1.7957878,1.8630404,2.9229536,1.6026156,0.016558463
1.9277402,1.8719536,2.5470817,2.094218,1.7104177,1.6750078,0.0016623301
2.25238,1.9892231,1.6280568,1.6064316,1.2547327,1.8417706,0.3455279
2.029708,1.9370347,2.5158243,2.606162,2.081408,1.8281925,0.012354271
2.267909,1.8657095,2.0791852,2.0395308,2.245318,1.7359562,0.0040288493
2.1081698,2.2595243,1.8034195,1.6856536,1.8353248,1.7745482,0.03699316
1.5972482,1.5154198,1.4115862,2.1225066,2.1117775,2.1095996,0.0129556805
1.4035647,1.6362556,1.952305,2.1181135,2.560196,1.8156637,0.017610809
1.2483572,1.6064475,2.0524292,1.581352,1.629373,1.5915293,0.10013381
2.5799947,1.9090732,2.3402166,2.4700258,1.8471842,1.705394,0.49179572
2.524575,1.8594087,1.8745161,1.4650658,2.0820422,1.587613,0.0129058575
1.6664776,1.6192725,2.7518177,2.068276,1.7267275,1.5072818,0.036475424
2.150513,1.6737661,1.5917095,2.17557,2.0918837,2.0135088,0.016264165
1.9404284,2.450762,1.9638363,1.7620907,1.8460983,1.8127296,0.016071973
1.6083801,1.9292254,1.9328885,1.5982155,2.097509,1.8623936,7.0050526e-05
2.0597084,2.104054,2.3221245,2.4082253,1.9043427,2.0803535,0.030824201
1.6162215,2.6014721,1.7311958,1.5359734,2.2039618,2.0131395,0.18052793
2.0422566,1.4637438,1.8011255,2.2009656,2.3195157,2.3892243,0.0025710918
1.9485699,1.5779074,1.5629988,1.7759609,1.7107205,2.183935,0.019662956
1.7162119,1.696641,1.9282968,1.9636261,2.0422955,2.1725483,0.025403615
1.9628928,2.2031744,2.6196368,1.6022309,1.8806629,1.7236707,0.0036370752
2.5105908,1.7685087,2.1576667,2.1108708,1.773187,1.7672008,0.09763035
2.307099,2.0009246,1.7760296,1.9539907,1.8115507,2.385571,0.20032899
2.3428004,1.8563544,1.6404873,1.5898606,2.3569653,1.7177684,0.18473296
2.634986,2.356821,2.345703,1.960952,1.9185226,1.7849334,0.015876183
1.8805821,2.5979288,1.8921335,2.3211646,1.847433,2.1038752,0.3395762
1.9487654,1.6153545,2.068151,1.8538086,1.7549126,2.0371473,0.121468574
2.4736784,2.0884235,1.7985063,2.188349,2.1679888,1.7351028,0.0348467
1.9281648,2.5033216,2.482879,1.8021375,1.9931221,1.8260002,0.0048700543
2.5713665,1.6224118,1.8696724,1.6054835,2.2233653,2.2265782,0.0004917748
2.5138106,2.014122,1.8917986,2.0665793,1.8312188,2.3861926,0.27103814
2.5197177,1.8111792,2.325634,2.0487196,2.3296952,1.8104299,0.010534953
2.015391,2.209767,2.13866,1.9990954,1.9583881,2.1365705,0.19141597
1.7096697,1.9068321,1.8560574,1.7287278,2.2353446,2.3338556,0.0025259862
2.077165,1.951911,2.0131454,2.242324,2.2926009,2.1639402,0.012148786
2.2501087,2.4495096,1.7301229,1.6026666,2.3109524,1.8213351,0.0005586094
2.3379812,2.6284764,2.29967,1.5817688,1.6265699,2.4650242,0.09196038
2.8885696,1.4599802,1.7121657,1.4531257,1.7960511,1.6344997,0.024390366
1.6730039,2.0548635,1.5784295,2.1244059,2.29637,2.0275688,0.05974973
1.7846639,1.593324,2.9221666,1.9303477,2.2473545,2.1648288,0.01027833
2.6088347,2.284791,1.8051246,2.2076688,1.7639029,1.8647566,0.08998137
2.5922992,2.3318388,1.9403566,2.2272189,1.8365213,1.8292681,0.04921052
1.6378046,2.0006568,2.082255,1.4813267,2.3713596,2.4098537,0.1332676
2.5246677,2.4190028,1.5533745,1.7436006,1.8386666,1.3669051,0.9264433
1.5518582,2.1538024,2.207842,1.604781,2.2943988,2.3418868,0.02071928
1.7891452,2.03571,2.1983323,1.4066023,2.3747616,2.2291718,0.009104577
2.2756333,2.5174031,2.6108425,1.910054,2.3815172,2.0057833,0.2179403
1.2861418,2.116307,2.0973396,1.4355534,1.466686,2.0066512,0.15360211
2.814191,2.2270665,2.065661,2.2959716,2.1318638,2.0343664,0.42477635
2.8936906,2.1215076,1.7537473,1.4866838,2.0527248,1.8194828,0.010910545
2.048684,2.0448775,1.820705,1.7912427,2.203918,2.2021024,0.030212138
2.040071,2.3565176,1.9434295,1.2200142,2.0688462,2.0773354,0.08785808
2.149941,2.5762103,2.2221117,1.8225087,2.3127787,2.145414,0.009979433
2.1852026,1.6102277,1.5437895,1.9828326,2.5190816,1.8927026,0.34754813
1.8160157,2.425977,2.084905,1.7958359,2.4503622,1.9173834,0.06488747
1.480733,2.1087794,2.5663369,1.5018475,1.4629214,1.9558089,0.106780164
2.540294,2.1310978,1.920125,2.0968685,1.8753129,1.5229819,0.56260234
1.9906049,2.320241,1.914839,2.2106602,1.7762492,2.000567,0.5736451
1.896905,2.1265905,1.5326557,2.5199795,2.1993418,1.8791261,0.57724357
2.1690724,1.2460324,1.6216888,2.2898633,1.780082,1.9851286,0.79105765
2.3529513,1.353723,1.6292293,2.3522317,1.9603742,2.0390875,0.85926056
2.2540255,1.8396505,1.6193419,2.1992896,2.2301278,1.8634131,0.47850245
1.8149986,2.358688,2.7837956,1.7052165,2.2652729,1.7332432,0.51961863
2.1597376,2.066492,1.5561742,1.6571039,2.0694926,1.7608016,0.7442627
2.451908,2.3895936,1.9152915,2.2613719,2.1052961,2.0977442,0.5085133
2.210098,1.9722635,1.6111199,2.2105787,1.584099,2.4880927,1.5931706
2.2452931,1.6548452,1.8492557,2.1302817,2.0715208,2.1120903,0.6097352
2.2646408,1.7848095,1.4822605,1.5813419,1.8433386,1.8572812,1.6852772
1.7065308,1.9495938,2.1133819,1.8583308,1.5544188,1.6630249,0.8218202
2.4168663,1.4865168,1.8051102,1.4939215,1.531533,2.0542605,1.5855926
1.9712619,1.5855564,1.9202247,2.1448276,2.270848,1.7058426,0.764876
2.1173363,1.6572186,1.9379452,2.0299816,1.9399129,2.182149,0.7756354
1.9671565,2.5500019,1.931989,1.6539989,1.736159,2.8983967,1.4833287
2.3350496,2.1822324,1.9085631,1.9391489,1.5149251,1.9414786,1.0964397
1.7421321,1.5036671,2.105256,2.3860908,2.1160078,2.4461162,0.8397626
1.863251,1.7216312,1.8080249,1.2977027,2.299583,1.9812661,0.768812
2.2396538,2.516516,1.8240051,2.3700893,2.098017,2.0786436,1.0631056
1.497261,2.8486807,1.9168466,2.053987,1.8257316,1.9971117,1.1909343
2.19452,1.8577635,2.325324,2.1350448,2.2948613,2.6691847,1.4056599
2.447273,1.8831428,1.8165841,2.0111005,2.6195536,1.8290205,1.2263504
1.961445,2.1695108,1.7075429,2.3665845,1.8920882,1.7704256,0.9297724
1.758635,2.103516,1.5452313,2.055134,2.1602485,2.3319206,1.2056447
1.6979169,2.089249,2.1646335,2.0907602,1.9931253,1.5261247,0.9689804
1.9987437,1.8350244,1.7334328,1.8248445,2.2266836,2.061295,1.4738331
2.2022545,1.928344,1.4135394,1.7995247,2.580243,1.7832288,1.4158567
2.3569772,1.9982234,2.3767338,2.3433573,1.7805766,1.751077,1.730016
1.9811425,1.7108232,2.2879329,1.8677917,2.617845,2.0240457,0.7457995
2.1301684,1.491888,1.99532,2.6472433,1.7442603,2.3290539,1.8274832
2.2131417,1.9393895,1.8631687,1.9736398,1.8636218,2.2759936,1.5736201
2.059156,1.9483732,1.8084383,2.1351051,1.9703406,2.3168437,1.5011401
2.3038952,1.7283933,2.0750465,1.5810702,1.9580154,1.9764357,0.91552997
2.2643573,1.4774386,2.6183589,1.8900397,1.555881,1.8830811,1.7970642
2.1228023,2.1336398,2.5176375,2.217335,1.6041787,1.524098,1.4359719
1.9992578,1.6357255,1.8214313,2.10299,1.659289,2.0083063,1.41451
2.3992896,2.1251764,1.8755978,1.7935476,2.1207025,1.7354186,1.0675929
1.9546971,2.0340416,1.6109205,2.223867,2.1411045,1.981722,1.6247933
1.9101061,2.5616493,1.8760589,1.6639037,1.6207789,1.9041517,1.6987308
2.0716188,1.2858047,2.2988667,1.6446812,1.7092946,1.9641907,1.1416641
2.357837,2.166722,1.7254336,1.2814695,1.9511101,1.892702,1.8761268
2.0497742,1.9036375,1.8144083,2.2279215,1.5445312,1.8593249,1.4083219
2.2466846,1.9266155,1.8582281,2.2450306,1.5786365,1.6842171,1.3160733
1.8587841,1.9809355,1.6298674,2.1191592,1.9154415,2.3260043,1.6997641
2.036372,2.148609,2.0480595,2.4457808,2.3955734,1.7122508,1.1751095
1.5007563,1.6534857,2.0182903,1.7799132,1.9549664,2.5935023,1.090984
1.699316,1.7765732,2.4539957,1.3682901,1.7639141,2.1218164,1.0093218
2.113362,2.104879,2.172406,1.9082423,1.4355688,1.8184867,1.3099117
1.8748758,2.1016011,1.7749839,1.572511,1.9678918,1.8367625,1.53113
1.8784754,2.0204284,1.9136834,1.4554167,1.6561301,1.937584,1.6420887
1.9118716,1.9869859,2.0468736,2.2428057,2.6328096,2.0960464,1.4079665
1.8175493,2.552846,1.3084577,2.3592837,2.688514,1.4605238,1.8603199
1.7772083,1.7558597,2.305441,2.0627644,1.7828243,2.1347237,1.1771238
2.226688,2.2645738,2.7760587,2.2882924,2.5372548,2.3703465,2.095544
2.0118809,2.121219,1.7697748,2.0683372,1.8796725,2.218431,1.9322525
1.6913317,2.794538,1.8463392,1.9253359,1.913276,1.9221398,2.1643784
1.9867275,2.115773,2.4107778,2.3911476,1.7423321,1.8811883,1.4310627
1.7682326,1.6762431,1.7387524,2.811911,1.5406035,1.5831925,1.7092093
2.068389,1.6981732,2.0263956,1.7526317,2.385246,1.9873511,1.3238016
2.183177,1.6409107,2.1937885,1.5572078,1.424974,2.0252404,2.024709
1.1614912,1.6239318,2.4740667,2.2401302,1.4181436,1.7555119,0.876793
2.591525,2.1762068,2.2007043,2.1457474,2.534895,1.9155754,1.9775031
2.2378123,1.771664,2.1978843,1.9985138,2.0402162,2.2102365,1.4120905
1.4251232,1.6286887,2.3820145,1.8532228,2.032899,1.64728,1.1455903
1.3178755,2.248126,1.8480954,2.207423,1.3187989,1.3134831,1.9671389
2.2129679,2.0603137,1.9870391,1.6464998,2.0571518,2.5877137,2.0480995
1.9091619,1.8184649,1.8436061,1.8135415,1.6328328,2.354247,2.0177753
1.7503544,2.383062,1.7551239,1.6559473,1.7602322,2.0613906,1.9210593
2.0958645,2.0455787,1.8303285,1.8940412,2.0017164,1.5623292,1.764041
1.8484885,1.3609886,1.8779068,1.873808,1.9162887,2.0554862,1.8270205
1.952988,1.6704041,2.0090895,2.0055406,1.7964743,2.4884377,2.837359
1.9745327,2.317441,2.1436057,2.0624256,2.6813219,1.7025855,1.5995826
1.8865864,2.2272606,1.642293,1.8045958,2.0533638,1.9448745,1.8786521
1.5412811,1.9979365,1.7171148,1.7787251,2.0011733,2.2961836,1.9144828
1.8514014,2.2305493,2.1808002,2.7163153,2.1693063,1.6232817,1.3435764
1.8040534,2.2499232,1.8763045,1.6189864,1.676801,2.155777,1.7921805
1.5443135,2.73736,1.9526393,2.396876,1.8859675,2.1169844,1.5777407
1.9462233,1.6798109,2.1946073,2.2798555,1.7883477,2.0420682,1.95562
1.6497105,1.8978752,2.3209395,1.5575978,2.287409,1.7439759,1.5636728
1.9602159,2.0736685,2.1198552,1.4978392,1.8106892,1.5049113,1.4572177
1.7648454,2.4001079,1.6408777,1.3569485,2.0844586,1.2742273,1.8255353
1.2574382,1.564455,1.9761896,2.1337876,1.7975787,2.267511,1.3497946
1.5512873,1.8330265,1.6198564,2.7063735,1.8872124,1.8864372,1.7455935
1.9419999,2.4043372,2.7434788,1.1933707,2.9790683,1.6652033,1.5833951
1.7031872,2.2242963,1.9075514,2.1294336,2.2054696,2.3806026,1.8250762
1.0132205,1.9706589,1.6268336,2.8188744,2.0057921,2.2447152,1.6574839
1.7848866,1.6401209,2.0788386,1.9364399,1.9336419,2.5009441,2.4085822
1.4858254,2.2139854,1.9479151,2.3387456,1.8252518,2.0568004,1.7074823
1.5035437,2.2184103,2.1598299,2.3259199,2.0119736,2.3109899,1.8489798
1.6423738,2.4742985,2.328713,1.570834,1.7207472,2.4675868,2.2015047
1.9887232,1.7635413,2.2856965,1.4064963,1.9540789,1.5202798,2.6967683
1.3713127,2.1568854,2.202426,1.9635073,1.8314085,1.9951501,1.9259986
1.7516782,1.7876788,1.7927576,1.6114855,2.8519475,1.8740513,2.400026
0.90877724,2.117993,2.4952471,1.503653,2.2889736,2.259958,2.4040651
0.78953856,1.4602559,1.4915706,3.0805006,1.9871708,1.8125166,2.2674596
1.5583503,2.0605059,2.1319811,2.1463675,2.071346,1.5872427,2.4158823
1.0748149,1.7561328,2.0349452,1.9784565,1.9426668,1.987735,2.055592
0.59518576,1.8039852,2.0531588,2.0291576,1.9332997,2.6796327,1.5434451
0.38608307,1.7822057,1.6927665,1.8705955,2.1228654,2.2842638,2.2435684
