,0,1,2,3,4,5,6
0,1.3008418,0.35754535,0.024835808,0.029459542,0.0028254872,0.022850413,0.001506056
1,1.087534,0.41704905,0.027382558,0.0036490348,0.015992826,0.021529287,0.021684648
2,1.6056527,0.34733352,0.027789181,0.02431383,0.016762536,0.0023021842,0.014955618
3,1.8509444,0.3740674,0.0036114668,0.019990755,0.015633198,0.0019223035,0.061233852
4,1.2759814,0.79749405,0.022288065,0.011865577,0.002019307,0.0153455725,0.0052527334
5,1.7325467,0.5817635,0.014347587,0.009660742,0.007105889,0.008117006,0.0017439623
6,1.4758068,0.81007296,0.0032894206,0.0024527265,0.011630456,0.0076636127,0.011398941
7,1.6053904,0.685201,0.00059086934,0.005838281,0.0010113367,0.00069252425,0.0022797342
8,1.7401223,0.6284267,0.0044358643,0.030745808,0.012291584,0.00058876525,0.0014651759
9,1.9028153,0.47510695,0.00020688366,0.0012162707,0.0018543309,0.0032401918,0.03425748
10,1.751665,0.6633539,0.00069888995,0.00029964535,0.029163744,0.018963877,0.007404404
11,1.6550742,0.7867298,0.014464441,0.023899412,0.023877174,0.02412305,0.03003915
12,1.4672,0.89857996,0.005536201,0.008866525,0.006166685,0.0015010043,0.009410293
13,1.72983,0.9528696,0.025411246,0.001978036,0.009089104,0.00034052436,0.01148217
14,1.3765115,1.0360081,0.008632827,0.0011965791,0.011793297,0.035714973,0.014573327
15,2.190799,0.45794284,0.0039048395,0.007942504,0.012491897,0.00682414,0.05481953
16,1.6218281,1.0375332,0.006829749,0.013784631,0.0036497943,0.003516094,0.09967873
17,1.4136238,1.138258,0.0009088456,0.06650299,0.0012081754,0.097690195,0.013600905
18,1.4206036,1.1794269,0.00036299924,0.00090315664,0.014410655,0.0023072788,0.0017180073
19,1.6107696,1.0737098,0.028329602,0.00014920117,0.009248505,0.010425163,0.019910518
20,1.6282693,1.1463805,0.0028510678,0.017987961,0.030021368,0.070079185,0.0041798768
21,2.1899586,0.84420854,0.04501905,0.019528262,0.009971948,0.001575929,0.040405583
22,2.0996742,0.92505026,0.009753482,0.0017538902,0.0034393282,0.010794605,0.02075611
23,1.7854241,1.2462585,0.0695105,0.0012867278,0.003791293,0.09657026,0.0003407961
24,2.3120854,1.0559697,0.001983722,0.019645352,0.011394721,0.015645064,0.012473441
25,1.7560829,1.4861335,0.021244442,0.010898569,0.054682948,0.0672004,0.02963729
26,1.545738,1.7504429,0.010228473,0.012460939,0.017492745,0.05569631,0.0024288828
27,1.8655891,1.5583031,0.0009972563,0.0063515226,0.0050245915,0.0025125355,0.010019792
28,2.2983418,1.2208662,0.12765422,0.0034019046,0.004343587,0.0073840376,0.0049373866
29,1.8092959,1.6314715,0.015212331,0.017296398,0.00634087,0.001164194,0.0082238745
30,2.1159241,1.531922,0.023888383,0.0009212359,0.01739664,0.0001774815,0.005716933
31,2.088946,1.5492386,0.024908248,0.00021317218,0.17193379,0.03251973,0.0113835335
32,2.4567869,1.4110072,0.0074568363,0.002246404,0.0069505023,0.06920345,0.036582984
33,1.7565087,1.7995983,0.0018348191,0.0006293273,0.04573306,0.0003564551,0.002519022
34,2.809087,1.3488761,0.007853926,0.0017573402,0.021381235,0.0069715073,0.0067871236
35,1.9761004,1.7207711,0.05366316,0.0048340973,0.006133221,0.0005996278,0.007916495
36,2.069047,1.7084619,0.025001375,0.001206589,0.028457629,0.0044420706,0.009936073
37,2.1108184,1.7619971,0.008004748,0.0028666775,0.03050811,0.0005307898,0.017585522
38,2.0868778,1.8939575,0.044626463,0.04301236,0.0011755856,0.002744222,0.0058043306
39,2.3599968,1.7608049,0.018771438,0.0051987213,0.0009852214,0.002635277,0.021324055
40,1.8516756,2.0162654,0.058362845,0.011191944,0.0083372425,0.008959017,0.041579988
41,2.0476618,2.032099,0.013132157,0.0040470692,0.011267752,0.031291667,0.009457112
42,2.0965028,2.0809882,0.036530815,0.015859216,0.002418126,0.012482284,0.006809798
43,1.9965227,1.4299248,0.5424002,0.03654104,0.05412661,0.009309809,0.003197644
44,2.1948264,1.9340396,0.18540065,0.0032252078,0.015877873,0.021407025,0.0081457235
45,2.5269034,2.0320978,0.07518064,0.006018695,0.0059935576,0.014879585,0.020535875
46,1.7041359,2.4448235,0.022857545,0.029238954,0.015576078,0.00020291947,0.00840004
47,1.9768752,2.133953,0.32207784,0.0019433217,0.038746625,0.02117088,0.025149265
48,1.8556744,2.28442,0.31861797,0.05180393,0.0066124466,0.08440978,0.078804955
49,2.3863254,1.6255509,0.52289784,0.006259375,0.02014722,0.0024458156,0.02532526
50,2.0838728,1.573698,0.6508545,0.012330048,0.004263656,2.1742544e-05,0.014782298
51,2.0085485,2.3781455,0.43606967,0.0053219665,0.0021068796,0.0079777585,0.01696844
52,2.7927125,1.4687991,0.9250675,0.0127180405,0.017219739,0.00017254302,0.02108246
53,2.213689,2.4269247,0.78565484,0.0050029904,0.05782219,0.006660042,0.0052991705
54,2.147981,1.6994388,0.84109676,0.00025101594,0.05085548,0.01900121,0.053357508
55,2.3660283,1.3203225,0.98326385,0.0064411657,0.000329301,0.073299445,0.025437018
56,2.792815,1.4596077,1.088789,0.037291892,0.0036063346,0.0010337183,0.0015041269
57,2.3242161,1.9745356,1.1724719,0.08505039,0.024474518,0.0021610113,0.076615974
58,1.6010976,2.0497384,0.899129,0.0012071816,0.0039832797,0.0005630426,0.0024308357
59,1.9871056,2.557743,1.0081755,0.014807319,0.037983768,0.015207522,0.013363846
60,2.0737023,2.0531237,1.1368746,0.00409866,0.004958536,0.0015209585,0.011215061
61,1.8208365,2.109038,1.0259627,0.0044383304,0.0133760655,0.001403535,0.0042926045
62,1.5352404,1.9407336,1.0228971,0.0042755236,0.0147117395,0.03470833,0.02582285
63,1.5342852,1.7469945,1.0702298,0.0024476629,0.0054568034,0.0070420974,0.024144769
64,2.079903,2.0020778,1.2045801,0.0109535325,0.0021475065,0.026613876,0.03342947
65,1.6885812,2.081947,1.078688,0.00024879974,0.0028189446,0.012655047,0.0010930138
66,2.0318813,2.3455293,1.2693,0.024985518,0.0027343468,0.046183456,0.026914386
67,1.7894614,1.9587225,1.235214,0.004038416,0.020084139,0.018807927,0.017948134
68,1.7346634,1.9582614,1.2210753,0.0040859217,0.00011551719,0.0077545987,0.0012968641
69,1.9931071,1.5285857,1.304618,0.011119807,0.002918135,0.0373785,0.0011347748
70,1.7700839,1.7868649,1.3633271,0.007882322,0.0038814426,0.0002240358,0.035089817
71,1.9293535,2.3269765,1.3867923,0.0109440675,0.008020296,0.04647263,0.07434313
72,1.4019728,2.0626569,1.3453407,0.0062056803,0.03946798,0.0058103004,0.011948298
73,1.3823035,1.9937192,1.2954332,0.1457882,0.077529095,0.010206799,0.02196849
74,2.2136939,1.9175104,1.3577989,0.13424645,0.00021595658,0.03443011,0.0070618386
75,2.3811004,2.055971,1.4342263,0.05991557,0.03715583,0.00077013246,0.00010163007
76,2.3666031,1.931494,1.4339311,0.056886386,0.013435829,0.025610862,0.007429993
77,1.8467039,1.7360576,1.5451133,0.0065000653,0.024586799,0.013031776,0.0035397944
78,2.4420774,1.6220556,1.620869,0.0017849426,0.072254255,0.011173015,0.005471293
79,1.9717829,1.4206399,1.606013,0.03142956,0.0071333353,0.013606131,0.023847573
80,1.6271237,2.3651695,1.5342109,0.07158733,0.0010805705,0.0007613596,0.050561953
81,1.9945059,1.8196449,1.6968514,0.005128362,0.10531317,0.042541314,0.0114254765
82,2.2173836,2.0660148,1.6305431,0.0021340896,0.061277203,0.010702435,0.0015504113
83,2.3269248,2.0164797,1.6858774,0.0012512391,0.0035356644,0.010992113,0.0021991115
84,2.0739143,1.5897808,1.8326634,0.010843913,0.0036020582,0.012111519,0.013489905
85,2.3355608,1.4465703,1.8459166,4.03202e-05,0.0406436,0.00597993,0.009761307
86,2.1189873,2.3461802,1.5571835,0.34421816,0.014142351,0.0063648294,0.01798416
87,2.4752731,1.5852174,1.8301144,0.013914945,0.025854737,0.039223067,0.01968824
88,2.356252,2.038111,1.7123985,0.16439568,0.018276947,0.0057017957,0.009295785
89,2.3035164,2.0275514,1.674894,0.20961188,0.033591673,0.0050762882,0.013798829
90,2.0225706,2.389593,1.8552505,0.083920404,0.020979812,0.0058812443,0.01164384
91,1.6809698,1.4396608,2.1019802,0.043023806,0.031291287,0.00051330525,0.0061945547
92,2.070544,1.9471312,1.9337695,0.005155406,0.0013179668,0.030633075,7.478442e-05
93,2.163269,1.6132779,1.9893858,0.009170183,0.009456555,0.0016948626,0.0017311734
94,2.3050804,2.6237428,1.7647264,0.43092364,0.04837547,0.0005595814,0.031816956
95,3.0535526,2.1921463,2.1493487,0.018254241,0.0053023444,0.09271757,0.0013467144
96,1.8955952,2.367899,2.3743415,0.17148942,0.103021175,0.0056515816,0.13960335
97,2.5035875,2.1753497,2.0571966,0.05370528,0.0040738685,0.017697722,0.034907963
98,1.8508941,2.2280076,2.3052688,0.017537626,0.017851429,0.023257049,0.021868106
99,1.97569,1.8001889,2.189807,0.0036938463,0.12580588,0.03361761,0.044011198
100,2.047001,2.2172143,2.0681725,0.10945485,0.008220786,0.0064410483,0.0079340795
101,2.484955,1.294791,2.2402036,0.098941304,0.008456586,0.003996533,0.003284784
102,2.2025764,1.7060935,2.2848914,0.026574448,0.04015334,0.00838233,0.028901024
103,1.7084984,1.9271711,2.1814444,0.25577536,0.026261913,0.006413219,0.03705068
104,2.079159,2.1170077,2.2030277,0.08518715,0.00061730697,0.00975233,0.028819516
105,2.0170288,2.1394448,2.561489,0.050138574,0.0011443507,0.019986365,0.03338887
106,2.9294353,2.105559,2.085052,0.45292115,0.0019350034,0.0058273575,0.009887853
107,1.6674951,1.9426589,2.0018575,0.45096445,0.033203047,0.0029793342,0.03867626
108,2.249749,2.4022846,1.934332,0.52028275,0.026994925,0.111102454,0.05841321
109,1.9409546,1.5500876,2.2301025,0.46653906,0.0014328922,0.038947947,0.0011839274
110,2.1379054,1.6680886,2.6802158,0.62336177,0.0010484367,0.010745133,0.0022123107
111,2.2567797,2.0802052,2.148793,0.7269017,0.011102308,0.07311871,0.017584514
112,2.2759345,1.7658199,2.1555157,0.77077234,0.0002941553,0.0022805016,9.694153e-05
113,2.1403894,2.1757295,1.7200452,0.8137605,0.023677006,0.02134879,0.0037437568
114,2.3663988,1.7717328,2.383582,0.86839914,0.059863698,0.0020114535,0.011946086
115,2.1804538,1.7845094,1.5742755,0.980028,0.052609123,0.08266626,0.02411704
116,2.1405976,1.8730953,2.2005968,0.90432686,0.0076506413,0.03701147,0.027593846
117,1.0984497,0.017107502,0.76334965,1.295352,0.011537586,0.58165747,0.012882177
118,2.2202103,1.9676069,2.2143548,1.3594487,0.0032947634,0.015821159,0.055511665
119,2.0408692,2.291275,1.7131646,1.2696838,0.0140593015,0.0052236374,0.07746418
120,1.8193667,1.6665436,1.7503037,1.1763619,0.025025465,0.0012993722,0.002312415
121,2.2038677,2.3625758,2.2276201,1.5073848,0.016139695,0.0009868729,0.019039532
122,1.798757,2.3866305,1.9559908,1.3624614,0.10678063,0.025945531,0.00807755
123,2.044282,2.462469,1.9004464,1.4164438,0.003849124,0.0063263043,0.0016679049
124,1.9911591,2.140547,1.6967736,1.341977,0.32671705,0.010693285,0.012322131
125,1.879763,1.9384364,1.9228826,1.5196089,0.0066010356,0.018515319,0.00022797771
126,1.9033225,2.0084083,2.2784238,1.5741174,0.0010401543,0.0050638,0.037315723
127,1.7809908,1.8775933,1.9543966,1.5405786,0.021917796,0.0053115115,0.0025329336
128,1.6087235,2.434523,2.3323793,1.4043666,0.28356868,0.035899587,0.010340186
129,2.154023,2.2469296,1.6037655,1.4092088,0.28480488,0.053396817,0.020059407
130,2.4550364,2.033811,1.6506306,1.6758085,0.0010768322,0.0245231,0.13362877
131,1.7521234,2.0430999,2.147999,1.5816973,0.014826766,0.0010828013,0.06244803
132,1.9455726,1.7943115,2.019905,1.6586925,0.010573377,0.032710835,0.00046486812
133,1.610325,2.859508,1.8204626,1.6750559,0.0037149128,0.0013832883,0.019198764
134,2.5869873,2.2305858,1.6535012,1.6831721,0.014154988,0.09292048,0.1843075
135,1.5496813,1.7489836,1.5811049,1.7604773,0.0031740465,0.038150556,0.0056705656
136,1.445417,2.0539842,1.7092497,1.4132835,0.011343381,0.03326891,0.01352686
137,2.2199993,1.8787402,2.2370005,1.8201455,0.0032765782,0.002616427,0.0013453974
138,1.5724545,1.838606,1.4784596,1.7247599,0.051476873,0.006454973,0.015220813
139,2.2206645,1.705938,1.8777527,1.7249956,0.0026746802,0.025385227,0.012667291
140,1.832214,2.092506,2.0411804,1.687298,0.0005831374,0.02522404,0.021014862
141,2.1195226,2.0171938,1.7709908,1.8467423,1.567853e-05,0.023704624,0.008735668
142,1.5245758,1.4735996,1.8951808,1.6747414,0.014035998,0.010835139,0.0049604904
143,1.8467832,1.8305141,2.0258281,1.7543991,0.15632944,0.007207873,0.012791873
144,2.1275847,1.7450167,1.5096486,1.7471865,0.032023937,0.03357139,0.0017219579
145,1.479797,1.6213328,2.1183603,1.7875615,0.068443224,0.0066784625,0.026343284
146,1.4669158,1.5145742,1.7686398,1.7821109,0.0030551632,0.014509898,0.050948713
147,2.290568,1.4409482,2.2374766,1.93776,0.041664056,0.0062824804,0.028675854
148,1.5560827,2.1365333,1.6310815,1.6705476,0.30312198,0.00016586571,0.0023672737
149,2.3163545,2.2314575,1.8960652,1.9307568,0.05436804,0.0132402405,0.028293224
150,2.3156614,2.1126175,2.1946468,2.2113338,0.023834331,0.004884359,0.0037583217
151,2.2310646,2.172012,1.7613454,1.9824665,0.29343614,0.01077305,0.019660149
152,1.8035183,1.4889404,2.3890963,1.7149358,0.3700061,0.022315448,0.025219688
153,2.1205173,2.4259946,1.7279531,1.888252,0.0037503212,0.010410285,0.0021438973
154,2.3094149,1.2643696,2.4158788,1.0645036,1.0136102,0.32562923,0.38993585
155,2.2964633,1.9217283,1.8135502,2.0145843,0.36575204,0.0076340456,0.0041002943
156,2.2209857,2.5818594,1.7825047,1.9030747,0.031049535,0.04525715,0.022779524
157,2.1391802,2.6191318,1.5947264,1.7690307,0.36570108,0.013777742,0.024354622
158,1.6068922,1.382257,1.6609135,2.1231408,0.0077925744,0.08146935,0.13069488
159,2.2437665,2.3121812,1.953854,2.694329,0.0019353702,0.0017541919,0.0031011275
160,1.7104528,1.5750368,1.912557,1.5924772,0.5675359,0.04785108,0.014313323
161,2.220739,2.0609224,1.6197475,2.2586977,0.15402342,0.06454829,0.0004510981
162,1.9390545,1.9150532,1.5770621,2.211616,0.010084661,0.058755115,0.00044944702
163,1.4040388,1.9827288,2.1332145,2.0965495,0.5151927,0.01643925,0.024541734
164,1.9891399,2.1037874,1.9497437,2.3821137,0.3094801,0.024056096,0.013771743
165,2.2002687,2.3373084,1.3620992,2.136269,0.47567734,0.01770075,0.06104337
166,2.2019892,2.8825626,2.501348,1.6285754,0.7315675,0.0024156435,0.013028122
167,2.7184958,1.831435,1.204646,2.7715447,0.0120501965,0.01343749,0.0061127436
168,2.301354,1.8237723,2.0552974,2.2123275,0.5402904,0.04738097,0.0018707119
169,2.069753,2.4459226,1.3972728,2.2410796,0.70150566,0.018456545,0.034389872
170,1.5637366,2.4416673,1.4319545,2.0818882,1.4602585,0.026898857,0.00033844172
171,1.8663774,0.95195264,2.1751418,1.3521872,1.2740669,0.5366132,0.12716585
172,1.4598657,1.3443087,2.1459181,1.7494845,1.4758838,0.05502998,0.021096012
173,2.711854,2.0023444,2.4455528,1.6416342,1.2464957,0.033376716,0.03558091
174,1.6007631,1.7080686,2.3610446,1.8492701,1.1918235,0.0013365108,0.03502712
175,2.6071014,1.66349,2.0227,2.2014017,0.9007336,0.0029245182,0.0085580805
176,1.9677479,1.4521546,1.843946,2.919161,1.0241429,0.004678376,0.024328494
177,1.977484,1.5297679,1.7784015,2.4086323,1.379399,0.019411132,0.017316567
178,2.0139904,1.6881,2.1834078,2.1294215,0.94775254,0.005645615,0.016617728
179,1.8418992,1.7028818,2.1686,2.0408926,1.2555195,0.026218265,0.019297848
180,1.7130345,2.3355803,2.6019793,1.8106493,1.6008971,0.011971682,0.01791831
181,2.2994645,1.9615523,2.5401955,1.7914656,1.1803328,0.040979203,0.012990307
182,1.950023,2.1633708,1.618719,1.3890462,1.8122121,5.441944e-05,0.0014837825
183,1.9992336,3.1955318,2.0949721,1.6464568,1.6080413,0.027416844,0.008899124
184,2.441014,1.8218591,1.466091,1.6601074,1.5782611,0.055411305,0.008753769
185,2.003224,2.2936096,2.5964422,2.44658,1.419472,0.0446055,0.046499405
186,2.5915225,2.3168187,1.6452364,2.4418926,2.2690654,0.017318882,0.08592751
187,1.6724406,1.9456145,2.5262184,2.3584912,1.6072564,0.0058016325,0.007675061
188,2.5929883,2.1236188,1.8318346,2.9090173,1.7376778,0.055988073,0.006884921
189,2.4622056,1.8942783,2.0503347,2.6091263,1.5304195,0.020252349,0.022961428
190,1.8338474,2.3180976,1.7314279,1.7465854,1.9271693,0.12473948,0.10334764
191,2.7177975,2.241874,1.9398429,1.711513,1.5058924,0.0067070667,0.0043675154
192,1.9434688,2.1104178,1.5342356,1.6691031,1.611303,0.09358317,0.07108921
193,1.718887,1.4145026,2.3932984,1.6778027,1.9926593,0.004980966,0.01322586
194,1.9272033,1.9421219,2.094311,1.7553083,1.2439022,0.013635374,0.017810926
195,2.6558845,2.2278996,1.9427348,1.1448344,2.370586,0.11650698,0.08452251
196,2.366671,2.1963286,1.6606401,2.2694106,1.704903,0.043244444,0.0003160227
197,1.7555808,2.339298,2.1866343,2.056933,1.5252513,0.03058009,0.07361096
198,1.78047,2.2701766,2.4941788,1.7994856,2.0270612,0.0047543,0.06439236
199,2.0723705,1.8950946,2.1539226,1.6101338,1.6181996,0.13703537,0.04307153
200,1.9218615,2.04326,2.4810967,2.251451,1.9333218,0.04917914,0.013778087
201,1.914515,2.0178053,1.7511246,1.8629233,1.6629161,0.008571911,0.001401947
202,1.5466412,2.1699493,2.2748666,2.0543108,2.053132,0.008417223,0.07056109
203,1.9397962,1.8046952,2.4761,2.313502,1.7289196,0.010586377,0.0038815707
204,2.1859338,1.886653,2.284785,1.5251647,1.6281588,0.063088566,0.14380094
205,1.944982,2.2941036,2.2782593,2.1076183,1.5854518,0.04926427,0.21124081
206,1.9404947,1.7253394,1.936665,2.2454345,1.8888829,0.010517564,0.0028402214
207,1.7049001,2.0582964,2.0950987,1.6783777,2.4593434,0.000625176,0.027938606
208,2.02772,1.8459619,1.9230074,2.2034037,1.5907868,0.13258296,0.24902162
209,2.0303082,1.8557452,1.8968589,1.8810204,1.9697335,0.08802362,0.02015145
210,2.1484928,1.7919613,1.6961269,2.0011797,1.7424827,0.09916633,0.1305641
211,2.3988519,2.237271,1.8896375,1.9257379,1.656023,0.2634188,0.21252932
212,1.9725585,1.8916984,1.9209453,1.948354,2.2036617,0.0005344174,0.066202275
213,2.1211517,1.9391315,1.832137,1.6907192,2.0918114,0.18013586,0.1973886
214,1.7670525,1.572493,1.6943909,1.7279929,2.578272,0.40855566,0.15629578
215,2.200583,1.5421329,1.7291585,1.9006495,2.018532,0.12435239,0.30948633
216,2.087841,1.6391387,2.3444068,2.2588646,2.3099265,0.25479946,0.3726628
217,2.169172,1.9606289,2.030326,1.9593068,1.5224754,0.5539544,0.3564273
218,1.7249597,2.1377726,2.1604583,1.6904334,1.844347,0.47656915,0.5529734
219,1.6435316,1.5859449,2.0643148,2.5056567,2.4364948,0.48766857,0.56362295
220,2.1302216,2.035148,1.9783194,2.0167959,1.2235904,0.8299123,0.80278265
221,1.8388268,1.7117049,2.0153706,2.2742164,2.05495,0.93503034,0.5785734
222,2.0173807,1.9162799,1.529085,2.3011587,2.4076908,0.9283641,0.76605135
223,1.5781537,1.8122593,1.5807799,2.029958,1.972952,0.9020713,0.8463593
224,2.667552,1.7082376,1.5661504,1.9840679,2.0827253,0.8715643,1.0004703
225,1.4186707,1.6835238,1.1867453,2.3731449,1.8425217,1.5015061,1.7879499
226,2.2931857,1.7335336,2.4140785,2.9563348,1.6959909,1.6241593,2.2059236
227,1.5384588,1.6161623,1.69946,2.2263525,1.9909762,1.0828059,1.1670318
228,2.0978258,1.9281014,2.462933,2.0873203,1.761029,1.1741872,1.0545628
229,1.5505637,2.2016747,2.5417335,2.1586797,1.4523321,1.6358016,1.5042964
230,2.033679,1.637382,2.176091,1.935895,1.6694435,1.2268049,1.1544727
231,1.9299712,2.5694072,1.8265111,2.6129408,2.3353686,2.0354645,1.3311025
232,2.1361852,1.8557669,2.1559744,1.434859,1.2843547,0.88727075,1.4678403
233,2.0283482,1.641253,2.0318878,2.366073,1.4471774,1.4496824,1.7371678
234,2.040054,1.6683805,2.3468215,2.2572033,1.6272324,1.5710398,1.7419397
235,1.8019261,2.0098329,2.1520803,1.7337866,1.4986918,1.4179453,1.0292522
236,1.6772561,1.6393949,2.5194354,1.7317123,1.6264908,1.8597193,1.5323293
237,1.9055421,1.8751066,2.1681914,2.1758177,1.4515504,1.5311401,1.748338
238,2.034093,2.0560927,1.9208277,2.5261207,1.8660132,1.4812089,2.0160437
239,1.5393218,1.6622564,1.5521145,1.9129043,2.1775672,1.7507418,1.3144763
240,2.0300672,1.9708123,1.5777874,1.5052549,1.2325896,1.1587722,1.4484684
241,1.083111,1.7322656,1.709615,1.7306038,2.604671,2.0328846,1.5654355
242,1.7097679,1.6220851,1.7923036,2.2190466,1.6746378,1.7434661,1.5709616
243,1.9233596,1.6856717,2.2307916,2.1529517,1.7092812,2.2454994,1.5786864
244,1.8135823,2.5420196,2.0683086,1.8023326,2.055424,1.6059892,1.4900228
245,0.79434264,2.5760143,2.4394033,1.378185,0.85050434,1.970344,1.4090396
246,2.0687592,1.9679372,2.3200908,2.3869882,2.307463,1.7418313,1.951597
247,2.5651798,2.5780866,1.8197,1.7223808,1.8606555,1.4436525,1.4575073
248,2.0138218,1.8951539,2.5337133,1.9797621,2.1213832,1.5535842,1.469496
249,2.5068629,1.8233186,1.387929,2.0140464,1.8325016,2.3855264,2.3047674
250,1.1921808,1.6769581,1.8528782,2.437889,1.7782402,1.8213093,1.8324716
251,2.0938609,2.414316,1.8990597,1.9518533,1.8168277,1.77673,1.3717682
252,1.4994742,1.9591272,2.0543396,2.0146468,1.6568916,1.4781188,1.5970434
253,1.8914675,1.7122692,1.7047093,1.638339,2.0490556,0.99306965,1.5917244
254,2.0779173,1.6289163,2.007616,1.4863728,1.8420596,1.1595317,1.6448673
255,1.6312294,2.2050862,2.0844293,2.2296593,1.6659921,1.9072185,1.734923
256,2.299904,1.534721,1.7014723,1.7445982,2.0684814,1.2641654,1.6148038
257,1.7842567,1.9953083,1.8959401,2.1349764,1.806946,1.7949654,1.6289324
258,1.778907,1.7417876,1.7492557,1.6919428,2.9081802,1.9736258,1.6281395
259,1.7451459,1.4365499,2.3714507,1.8578674,2.2366211,1.8700635,2.0526626
260,1.5800014,1.901187,2.1170168,2.3134296,2.0175526,1.7424933,1.8348509
261,1.6603928,1.9468081,2.4874272,1.7865504,2.2468607,1.7261862,1.8653973
262,2.3503249,1.8085679,1.7954926,2.3312826,2.26064,1.4044826,1.4736841
263,1.8419148,2.0351875,1.7411532,2.0931075,2.1264353,1.4914963,1.6155716
264,2.1884227,2.0806339,2.0738134,1.6829972,1.6222275,2.4233918,1.5685867
265,1.2548352,1.4693657,1.8012033,1.2820784,1.028199,1.7061632,1.8010765
266,2.2781417,1.4348826,2.139885,1.5248907,1.5073707,1.6838676,2.2712674
267,1.6450806,1.902298,1.910902,2.2976058,1.5737554,1.921751,2.0440958
268,2.5898304,2.263034,1.8658845,1.9602407,2.5016935,1.5208876,1.8750702
269,1.7238072,1.9289452,2.4431155,2.2406435,1.6958947,2.2573922,1.9444546
270,1.0718734,1.5435516,1.844998,2.0949051,1.8922837,1.3750658,2.1033986
271,1.2356857,1.7621897,2.040316,1.9798518,1.6418526,2.3001578,1.8389355
272,1.4545574,2.1488442,2.4145834,1.9652781,1.7484089,2.3280945,2.0872023
273,1.773876,1.9730346,1.7335088,1.1689461,2.1015646,1.3670232,1.9692392
274,0.9879522,2.0733204,1.9816844,1.8877628,1.4258559,2.0045044,1.6466314
275,1.6072433,1.667815,1.4730898,2.073957,1.776601,2.3361416,1.8352761
276,1.7537097,1.488168,2.0743535,2.2026775,2.016734,1.5347455,2.7445123
277,1.8854297,2.522614,1.7314588,2.206468,2.3920593,1.924101,2.084114
278,0.9146199,2.0685582,1.9317962,2.8499672,2.1476974,1.5632442,2.101892
279,1.7612994,2.2749662,1.4034854,1.9043971,1.7912397,2.4136055,2.3033025
280,0.7439428,1.6545737,2.468307,1.7169948,1.6921918,2.0006158,1.6470932
281,1.4549837,1.9699346,1.7770215,1.5605165,2.5234354,1.688208,1.9708095
282,1.6244357,2.0231183,1.6913868,2.0843723,1.5392642,1.9781178,2.3399086
283,1.4039134,1.9156795,2.0298727,2.393088,2.0168016,2.2426305,1.9344639
284,1.634923,2.1938171,1.7927655,2.1157045,2.0038881,1.8881898,1.9863515
285,0.029444821,1.4852957,1.3654504,1.4588779,1.4276376,2.1689556,1.3397859
286,1.2725283,2.1543498,1.8085515,1.5618775,1.931123,1.4650344,2.7251432
287,0.7345148,2.1788838,1.8164666,1.8711444,2.647566,1.7605537,1.7394143
288,0.04289432,1.4182918,1.6274997,1.8698595,2.0704184,1.6183304,1.5154246
289,0.6894259,2.0536594,1.981469,1.689424,1.6460392,1.5212914,1.499747
290,0.06279708,1.9170086,1.6812472,2.5711932,1.5175726,1.7215751,1.6937572
291,1.069674,2.132008,2.040734,2.2832363,1.9934282,3.2742856,1.5053866
292,1.1263313,2.0655057,2.0653665,1.7151575,1.7633219,2.582729,2.1063354
293,0.7170906,1.7959832,1.675499,2.0866525,1.7454545,1.5358088,1.7085112
294,0.20458354,1.5904737,2.179507,1.9504722,1.5391444,1.158541,1.8423023
295,0.014337484,1.9556173,1.4770492,2.5547848,2.0517445,1.8028704,2.4774413
296,1.2697055,2.37432,1.7900987,2.155924,2.1327653,2.3204558,2.9562428
297,1.3329233,2.1208184,2.1470528,1.8360964,1.7322624,2.83834,2.977382
298,0.8196015,2.2008233,2.033421,1.9544721,1.8974884,1.2074841,2.4263642
299,0.33175424,2.6252646,2.0333803,2.1982539,1.1667544,1.7691953,1.6690018
300,0.16395444,2.1242347,1.8534099,2.270861,1.6237942,1.742448,1.523443
301,0.015132053,0.01921872,1.1317072,2.3460498,0.00042643896,1.5085757,0.012863749
302,0.08404856,2.258604,1.4888335,1.9599857,1.6006777,1.6187326,2.206929
303,0.17017092,1.8593682,2.6183827,1.4943563,1.4531585,2.0655842,2.2561364
304,0.050870873,2.0757334,2.0926397,2.039086,1.9761032,1.9786029,1.2504272
305,0.15037711,2.6630595,1.6953726,1.6266525,1.781036,2.6856327,2.19656
306,0.014768176,1.401663,1.5634336,1.771793,2.5655723,1.9219931,2.1268501
307,0.36578327,1.7879674,1.7267613,1.6907526,1.8237996,1.7772542,1.6552991
308,0.2913604,1.830305,1.9496541,1.928401,1.7128092,2.1322448,1.3301729
309,0.68566823,2.1497512,2.1267793,1.9485935,1.8671882,2.0728304,1.6074865
310,0.0021011187,2.2561867,2.0898907,2.1539137,0.01016384,1.4989469,0.07034338
311,0.14128819,1.6178992,1.7677097,1.8185043,1.9439124,1.7491537,1.6525282
312,0.31360033,1.7493627,1.7685617,1.3448583,2.0078354,1.856636,2.5576692
313,0.04752159,2.206572,1.8873537,2.1874096,1.998422,1.6627384,1.731196
314,0.0030355155,1.6574285,1.7615764,1.6868126,1.532079,1.6525111,1.8448128
315,1.165208,2.193526,1.7916954,2.1183844,2.391749,2.0080051,2.2397525
316,0.0113410335,1.2811158,1.8348229,1.8864514,1.3964928,2.219294,2.2850332
317,0.058999475,1.412302,1.8343316,1.4508588,2.0194879,2.1706061,1.9249278
318,0.08339463,2.5465052,2.3882473,2.1243386,2.0483348,1.2281647,2.1808214
319,0.12484328,1.6010755,1.4402889,1.8710406,2.0316834,2.2585216,1.9866164
320,0.002007049,1.986167,2.3134897,2.4551365,1.8042079,1.9094986,1.7307303
321,0.47359663,2.0272868,1.9531635,1.7993957,1.9644656,2.683044,1.7035108
322,0.2849145,2.4515936,2.3186285,2.1520433,2.4992805,2.6133232,2.0881457
323,0.31693053,2.4814563,2.1378398,1.71023,2.2903712,1.9066112,2.0747747
324,0.13054149,1.6428424,1.6386518,2.1579041,1.7120303,2.1866446,2.0564106
325,0.2266311,1.7842293,1.9238138,1.6496485,2.2666283,1.6457292,1.9686629
326,0.012768154,0.6609539,1.7241869,1.9720967,0.06672936,1.208161,0.15603808
327,0.027226686,2.2107642,2.5475376,2.0822744,1.580577,1.7817072,2.248287
328,0.05383325,1.9115261,1.7530583,2.040895,2.6321177,1.7452621,2.2797053
329,0.27800608,2.070114,2.2076993,1.6688372,2.1472538,1.8598701,1.8873701
330,0.19665945,2.6439295,1.8137888,1.9536763,2.328175,2.0870132,2.1173394
331,0.00753156,2.0710897,2.23583,1.980429,1.8329011,1.8031569,2.2672966
332,0.049006373,1.5194389,2.2500994,2.26232,2.4936306,2.5291023,1.9895697
333,0.1987726,1.9034778,1.9385843,1.8916869,2.1374032,1.9871525,2.149239
334,0.12842758,1.792009,1.6832349,1.9507706,1.581131,1.6692406,2.332475
335,0.035783447,1.7572625,2.2941346,2.136539,2.4920857,1.8015405,2.0082421
336,0.27673844,2.0777185,2.1044939,1.797169,1.5792395,2.5668616,2.4115853
337,0.046452884,1.4595441,1.3772563,0.7911278,0.0043721218,1.7581661,0.6399113
338,0.16407312,1.6854991,1.8113029,2.5460835,2.2556155,2.264697,2.3959365
339,0.07299831,2.044192,2.0466495,1.7292181,1.8521533,2.3027854,2.4532135
340,0.023025114,1.9620564,0.0066168583,1.5627478,0.00085677154,1.456992,0.23072588
341,0.00040354673,1.9740332,0.013134746,1.3218592,0.007817171,1.6600742,0.1572386
342,0.20612173,2.4285443,1.87496,2.1239989,2.032481,2.1180716,2.3393362
343,0.07680062,2.1927054,0.04393878,1.8441657,0.038933244,1.7385789,0.15164195
344,0.008283258,1.7793223,2.0804434,2.4174402,1.9927173,2.274647,2.1243699
345,0.050871722,0.02426101,1.2200145,1.7388343,0.00556089,1.7834773,0.0009324255
346,0.17657392,2.1666167,1.9342023,2.1211712,1.8372072,1.8406606,2.9903357
347,0.025982477,2.5740943,0.13543256,1.9095284,0.007529792,1.6121435,0.028596796
348,0.00030947,1.4596344,0.034065537,1.4387153,0.000245104,2.5387733,0.1595135
349,0.075664595,1.3347554,1.8931433,1.9407116,1.5481464,1.9343555,2.1808126
350,0.024399873,1.4211677,0.034435626,1.1779807,0.07646117,1.6821272,0.030937742
351,0.018419398,1.7569046,0.0011180039,0.76545435,0.021821802,1.8890792,0.73889625
352,0.009490402,1.6026578,0.0361751,1.2154896,0.013893491,1.7218949,0.4140677
353,0.023825876,2.393332,0.018758584,1.667199,0.013109209,2.4593227,0.024209999
354,0.0046842205,2.0499122,0.0060387664,0.9426603,0.0083330525,2.1548798,0.45293218
355,0.00982514,2.181743,0.074183844,1.32744,0.0021869102,1.6964757,0.7279605
356,0.048209872,1.7695682,0.01144098,1.4471793,0.008811562,1.7981113,0.4562589
357,0.004103796,2.2913525,0.03151476,1.3876364,0.0024458272,1.9351583,0.31547233
358,0.08829786,0.7967538,0.051993024,1.4714766,0.07470667,2.0168223,0.36938506
359,0.03600793,2.320134,0.022912014,1.4103891,0.022759719,2.3299751,1.1520053
360,0.07235261,1.9919804,0.10944748,0.98569804,0.0014823999,1.821575,0.536486
361,0.00955841,2.3803906,0.037920095,1.2096854,0.02472137,1.7140572,0.4339485
362,0.025006108,1.8914436,0.030579746,2.0035083,0.00043306238,1.9033892,0.1186817
363,0.025754005,2.0298784,0.06563133,1.0754751,1.734807e-05,1.6570148,1.062683
364,0.1641636,1.7876735,0.106242396,1.1803147,0.006197347,2.0458047,0.56048054
365,0.00481069,1.9125423,0.006986051,1.6399649,0.010279867,2.0947664,0.25446305
366,0.0067229504,2.4875803,0.12482085,1.4470139,0.030857353,2.2810135,0.010251071
367,0.12057478,1.9106027,2.9406872,1.8624172,2.619328,1.7276479,2.724745
368,0.005147521,2.0142276,0.06855469,1.8300263,0.012668518,2.1674411,0.11047528
369,0.004139074,2.306228,0.0022820032,1.0193379,0.09096983,1.4761754,0.99078417
370,0.015001724,2.2755785,0.0006479462,1.2709683,0.004719123,1.7915193,1.0820539
371,0.0019666087,0.5374201,1.2994806,2.5030386,0.00046357224,2.51837,0.082861274
372,0.04967576,1.1965548,0.2686109,1.6000106,0.021862105,2.0821621,0.28339487
373,0.050787643,2.0444763,1.2914988,1.0696533,0.03616686,1.9503384,0.12397029
374,0.017753221,2.4257889,0.008328397,0.94476074,0.015167124,1.4791329,0.859715
375,0.1348492,0.9618299,0.3546187,1.7582169,0.016588865,1.730054,0.015767857
376,0.005827087,1.1271087,0.1517612,1.9202653,0.012384977,1.9697995,0.03879587
377,0.0014757654,1.1501925,1.2128098,1.4119967,0.015501066,1.5074993,0.1442902
378,0.006298273,2.2378094,0.35457706,2.032451,0.0035394395,2.1226056,0.10636643
379,0.017209612,0.9391934,0.014356615,2.299695,0.029682813,2.2985854,0.0023316005
380,0.0023968862,0.9098482,0.21878816,1.987147,0.00398626,2.2437527,0.030473992
381,0.0641573,0.37643,1.2848897,2.0822124,0.02997874,2.0620968,0.047541287
382,0.007304505,0.10366725,1.4037614,1.7815053,0.018923748,2.1713185,0.0064827646
383,0.0064828126,0.76033807,0.2829612,1.4541043,0.047552645,1.9677454,0.018312108
384,0.07175924,1.6154412,0.0032105942,0.51482964,0.02912214,2.0709467,0.8197875
385,0.00826912,1.2183703,0.09606751,2.2022345,0.043909147,2.1250849,0.070801854
386,0.044779472,1.9301155,0.07756617,0.5986232,0.040197343,1.5678418,0.9646697
387,0.009429318,0.58579624,0.352058,1.8953217,0.020136852,2.1176221,0.038534213
388,0.036123343,0.61740154,0.1650902,1.6308917,0.005473511,2.1372688,0.0016045038
389,0.032006513,1.5273528,0.21472727,1.9403605,0.011617791,2.2033625,0.028758924
390,0.0049629207,0.010405412,1.5401782,1.4745632,0.06751792,1.6850617,0.013152601
391,0.009665175,1.4841185,0.8009438,2.4012773,0.006834573,1.8395125,0.0139617305
392,0.005244046,2.4292862,0.925164,1.8744664,0.008742435,1.977984,0.015608331
393,0.005615906,1.0143187,0.8610988,1.568224,0.005095412,2.051456,0.05344758
394,0.07020879,1.2522607,1.6731285,1.4354998,0.013038172,2.2341943,0.011188866
395,0.00015722918,1.28739,1.1880679,1.9248279,0.020470778,2.5565522,0.096518785
396,0.019136235,1.4032056,2.5298183,2.2599971,1.9897609,1.6406442,2.8201945
397,0.068011716,0.96641016,1.8442469,2.3052344,0.22948357,2.2320254,0.16240641
398,0.008417383,1.3784548,1.5690628,1.7479415,0.0045508407,2.0060878,0.13686927
399,0.03663799,0.49934968,1.7229626,1.7285184,0.086064376,1.9039663,0.011134717
400,0.0011920248,1.7748455,1.5802568,2.0662332,0.004009388,1.6174554,0.030664919
401,0.0056277015,0.25404835,0.09857883,1.8270023,0.0049320995,2.1656756,0.019928934
402,0.021268358,1.7698619,2.0239832,2.483419,0.0144767165,1.8888228,0.011498026
403,0.0065131853,0.005865361,1.8125224,2.2304008,0.05379405,2.3565152,0.02076854
404,0.07364049,0.21191949,1.9260415,2.1403089,0.04393687,1.874865,0.014472293
405,0.038347814,1.7201393,2.0220172,2.3277082,0.0866078,2.185447,0.00600741
406,0.0013693452,0.9697324,1.8837858,2.1734,0.0074348506,1.6437696,0.01675505
407,0.032645945,1.461552,2.3164334,2.4760873,0.003600424,2.237508,0.0039657173
408,0.007469875,0.024259722,1.8864117,2.0004659,0.032585658,2.3389466,0.19284366
409,0.033675764,2.167417,0.03161372,0.43807945,0.008680831,2.311619,0.8889223
410,0.03746373,1.8745769,1.5467765,1.6344632,0.007585803,1.866782,0.001464603
411,0.03208303,0.0002348589,1.8954681,2.1002243,0.10447473,2.196148,0.031183219
412,0.01969802,1.8947,2.1597319,1.177034,0.039409086,2.1688879,0.052567802
413,0.029329246,0.019297263,1.3096159,1.3050711,0.010549811,1.5328201,0.03866234
414,0.027556574,1.0716677,2.0862746,1.9397054,0.009984536,1.6726559,0.01080158
415,0.02211617,0.1213015,2.0410626,2.0201554,0.003944452,2.4819357,0.026992083
416,0.055462852,0.41173562,1.5581118,1.3302281,0.032830633,2.1982355,0.010298494
417,0.007358227,1.9394252,0.007324856,0.57989377,0.020579843,1.9439384,1.13534
418,0.018658657,2.0012844,0.01646268,0.90044296,0.08567104,1.7139592,1.488643
419,0.1615831,0.8120991,1.3640714,1.6249486,1.7725422,1.6880509,2.2821743
420,0.029272133,1.9102736,0.0147642,0.84279275,0.0014395629,2.0171893,1.7058583
421,0.24072038,0.99869365,1.7726116,2.2126489,1.3726751,2.0440142,2.3794818
422,0.068062566,1.703183,0.021539183,0.816636,0.0044648787,2.085385,1.8401185
423,0.010110285,2.217952,0.026585476,0.68261796,0.1147032,1.8940527,1.80419
424,0.009441352,1.5092342,0.003628767,0.39780423,3.837233e-05,1.7949872,1.3103291
425,0.029671809,0.04644812,2.1447861,1.8625966,0.021165011,2.0564034,0.0029795927
426,0.0036944,2.3842852,0.092674054,0.24425587,0.00033171472,1.7784488,1.549785
427,0.046608172,2.340071,0.00026542944,0.10251986,0.008758887,2.05223,1.4050976
428,0.05384708,1.7626879,0.00047211186,0.123253874,0.021362675,1.375236,1.4114981
429,0.010104488,0.20443094,1.2416975,1.2825329,0.017387193,2.151871,0.038556427
430,0.008369181,2.137054,0.021480517,0.60199946,0.039255176,2.0576901,1.571158
431,0.00515064,2.3316329,0.029712163,0.2296046,0.023790477,1.8181005,1.7076355
432,0.0061757267,2.1175985,0.027249265,0.5254047,0.021025565,1.8197552,2.2734754
433,0.0069683287,1.943975,0.03234102,0.110877246,0.018463925,2.631404,1.2472222
434,0.010595359,2.0032198,0.007958572,0.5218264,0.015595281,2.3067086,1.4732722
435,0.010448722,0.041987933,2.4455545,1.8058591,0.002115028,2.047503,0.07402348
436,0.01407192,0.01555721,1.8366164,1.3366181,0.0201187,2.3613875,0.013381002
437,0.00094094616,2.0730283,0.018266188,0.074348345,0.10779013,1.9072399,1.5972861
438,0.030867418,2.0026164,0.002541967,0.0052355477,0.046329565,1.6562867,2.0065331
439,0.03390578,1.3624669,0.004541477,0.051106576,0.11085101,2.0733247,1.3284918
440,0.109328665,1.9190097,0.037739646,0.12846464,0.03922045,2.3056204,1.5241697
441,0.017333781,0.85319865,1.7714689,1.8448709,1.4545964,1.9319782,2.4485238
442,0.02195734,0.9938498,2.094804,1.8709441,2.0441663,1.5691363,1.7364182
443,0.00047392794,2.085356,0.019440502,0.30575234,0.02937344,2.2321656,1.7720147
444,0.04955233,1.5028632,0.0066077,0.12017941,0.00031780676,1.5744331,1.4495014
445,0.116974846,1.9374708,0.0013383114,0.20450164,0.04465762,2.164541,1.887831
446,0.045111023,1.5439848,0.04015528,0.015519559,0.029193053,1.8690507,1.5435597
447,0.016614676,2.0466642,0.00898771,0.00217976,0.034043536,2.1800182,2.3355222
448,0.08934855,2.037986,0.0064066523,0.47490725,0.0033918256,2.3639877,2.0038238
449,0.0061407983,1.724217,0.011281096,0.08833359,0.019274855,1.7225666,1.8370326
450,0.05473845,0.23665829,2.02761,1.3070214,0.0015335144,1.7288693,0.012250428
451,0.017964872,1.7812381,0.065121345,0.0007483842,0.014279881,2.4222596,1.710148
452,0.0074376776,1.689279,0.011532565,0.02914877,0.039307788,2.4527028,1.7495872
453,0.0052090045,1.9215357,0.02435573,0.08353995,0.0018401265,2.0636008,2.150509
454,0.005384485,1.6431637,0.03214389,0.0010080313,0.018025229,2.5575566,1.8976527
455,0.020309035,1.7657268,0.011161206,0.11890439,0.013471349,1.899431,2.1179457
456,0.0060534226,1.8426508,0.015092177,0.007998345,0.0028945706,2.442945,1.9840951
457,0.006156949,0.8350003,2.456814,1.3621786,0.10991006,2.205081,0.11324082
458,0.0079854885,1.6698235,0.01291872,0.042334173,0.0004727668,2.8538947,1.7990438
459,0.007134207,1.6952918,0.024731126,0.0062457616,0.0921413,1.6594816,2.2764165
460,0.033899613,1.4833263,0.052888073,0.00010097297,0.06904203,1.6700367,1.7628826
461,0.026451403,1.5688059,0.008826676,0.09522787,0.043554775,2.0633285,2.0229235
462,0.0066792704,1.2440801,0.07295339,0.0050112535,0.0033976422,1.6050552,1.7377288
463,0.0016054113,0.14731497,1.8660107,1.124314,0.02233238,2.17932,0.011217472
464,0.015354972,1.3613713,0.027256927,0.0013582822,0.056981944,1.5324221,1.8352323
465,0.28196645,1.4667232,0.060117345,0.043733034,0.0015478113,1.6863651,1.9902506
466,0.027557384,1.311473,0.02662191,0.0028514338,0.028608939,1.7050693,1.831415
467,0.049994618,1.3826762,0.18937767,0.020550676,0.2069264,1.4629828,2.2031724
468,0.033565085,1.2464192,0.0185002,0.04139656,0.0096912235,1.5173087,2.1725814
469,0.0010462474,1.2855909,0.00046926583,0.14219221,0.00074287166,2.595767,2.173502
470,0.00331971,1.1516837,0.005768819,0.005799041,0.013149704,1.7499105,2.454252
471,0.0067643113,1.0419493,0.08031478,0.023200937,0.03949051,1.5510185,2.0217123
472,0.001622562,0.21223058,2.07544,1.1603818,0.004758661,1.6401559,0.0012160548
473,0.0193575,0.824363,0.05769074,0.02577003,0.04700988,1.9281911,1.4353464
474,0.007354243,1.105231,0.015318025,0.00416987,0.10613486,1.8678881,1.9128048
475,0.0107304035,1.1037575,0.025296528,0.002787383,0.008236811,1.876705,1.9628587
476,0.020753104,0.058487695,1.3362345,2.2690873,1.8238788,1.3678577,1.4227405
477,0.0011116916,1.0256425,0.0036610083,0.04484011,0.0033230665,1.7406418,1.8227435
478,0.009300439,0.5970303,2.1529777,1.6609979,1.894693,2.3907306,1.8468581
479,0.0017250504,0.021022784,2.9300306,1.5876807,0.00023085218,1.8583051,0.088330954
480,0.020897768,0.87370735,0.014048895,0.009043415,0.0062946263,1.3906708,1.8500966
481,0.043415863,0.76262075,0.028829934,0.003969963,0.032201793,1.7076334,1.7898378
482,0.0018063233,0.029788712,1.3682436,1.550174,1.866433,2.3926501,2.5208626
483,0.0023596187,0.8939076,0.0012461769,0.00065663195,0.02094063,1.8851184,1.8152039
484,0.07590656,0.08210866,1.2065682,1.7078241,2.361919,1.7134373,1.9446075
485,0.012440932,0.1396323,0.76670015,1.8355871,1.8668034,1.7435112,1.9513679
486,0.004845135,0.58851105,0.0034141531,0.006063303,0.04229123,1.8407298,2.1556249
487,0.00021905838,0.28843445,2.5377233,1.6356586,2.3579915,1.6232344,1.8128538
488,0.0077772494,0.34108737,2.4949214,1.9939755,2.6360006,1.8040087,1.5858321
489,0.014552415,0.0100127775,0.86205333,1.8699527,2.5934544,1.5958174,2.0126789
490,0.023345344,0.8785355,0.015951358,0.008167889,0.074258424,1.910058,2.4794729
491,0.0026202416,0.059445668,0.027282171,0.006687661,0.03400659,1.7432483,1.8287485
492,8.2037695e-05,0.3430821,1.8300651,1.524851,1.8875614,2.1116529,1.8869662
493,0.06880069,0.36155587,0.03787262,0.07941669,0.05834013,1.6674024,1.8114831
494,0.017745081,0.010626853,1.5163147,1.9249986,1.7255083,2.6722577,2.0654268
495,0.003058042,0.92771786,0.0071571236,0.0049178866,0.034084048,2.5411618,1.974395
496,0.0012995643,0.31161994,0.022813449,0.03302216,0.039279323,1.8310788,1.8635918
497,7.658157e-05,0.0074817003,1.7773117,1.8805138,1.2589273,1.6558236,2.0760663
498,0.046468493,0.015949035,2.4440887,2.4152765,1.8788397,3.071165,2.3590302
499,0.0029947865,0.07649494,0.0040573957,0.0019212288,0.025230855,1.7238398,1.8762877
500,0.03273792,0.13411374,1.2361305,0.8779588,0.020442536,1.9260982,0.01685089
501,0.08451491,0.35094744,1.5835992,1.850011,2.3303545,1.7858368,1.8174074
502,0.014758765,0.36113027,0.036463358,0.000726788,0.011808622,2.033352,2.033747
503,0.03320344,0.45967555,2.325186,1.9662396,2.2127287,1.6837245,2.6882179
504,0.09977902,0.07200246,1.5532701,2.2545269,1.5879225,2.400444,1.8654958
505,0.0015001431,0.12004826,1.5451722,1.8804364,2.5432076,1.8234825,1.9468229
506,0.0049756863,0.056511827,0.0019882764,0.04463429,0.068818666,1.3079821,1.7737094
507,0.041867595,0.25944403,0.051939994,0.021144712,0.08184455,2.032618,2.3317332
508,0.012573365,0.0073037776,0.008481092,0.053192597,0.050223783,1.673818,2.1895118
509,0.0028912278,0.02272345,2.1817822,2.3417823,1.694869,2.0120122,1.5702978
510,0.02426522,0.044719197,0.09111602,0.029459525,0.00020225155,2.036643,1.9913296
511,0.0026248985,0.17299934,2.0066173,1.99539,1.9890084,1.6220698,1.8756609
512,0.0031177187,0.325051,2.1983728,2.495328,2.1971507,1.3267612,1.9454434
513,0.045027312,0.22398636,0.025324816,0.086946934,0.024404684,1.8495452,1.5561546
514,0.04436755,0.09791172,2.224755,2.2090113,1.4997103,1.5373331,1.7792109
515,0.0034547353,0.02075234,0.0011751148,0.0328126,0.0052046804,1.9465532,2.023587
516,0.00079764123,0.11717387,0.011714508,0.011424954,0.122300394,1.7914063,1.9761477
517,0.038912892,0.008004341,1.9688476,2.1746514,2.679864,2.0628688,2.0053995
518,0.032539207,0.23433176,0.081951834,0.019653723,0.042278737,1.9730572,2.1653414
519,0.016360346,0.001027204,2.0482292,1.010556,0.0045565087,2.2426476,0.022978915
520,0.0036985616,0.0071653556,0.004756534,0.0035321307,0.08555243,1.5882851,1.906047
521,0.0067655,0.037359618,0.0017829842,0.024344489,0.0006705844,2.1828003,1.656914
522,0.0022329516,0.0016379191,1.5328425,1.9833771,1.6118395,1.9643431,1.899147
523,0.0458777,0.013489707,0.02864357,0.021803658,0.032039788,2.0608487,1.666308
524,0.02706045,0.053046424,0.06388925,0.016143044,0.18467085,1.7454474,1.8949717
525,0.0067890426,0.14326511,0.005761827,0.1639263,0.14555515,2.1501312,2.26024
526,0.0040201223,0.020979842,0.05685258,0.003077392,0.039153576,2.0535026,1.9719824
527,0.008978618,0.0012968216,2.0163584,1.921453,2.088695,1.5999787,2.10471
528,0.0049379254,0.0264821,1.794199,2.4341335,2.0547128,2.2391431,1.5931906
529,0.025353732,0.05708865,1.8247347,1.9939507,1.951814,2.428316,1.828208
530,0.08128385,0.03388153,0.005537343,0.040513895,0.024267795,1.4483404,2.0754018
531,0.009038505,0.04314864,0.009242536,1.97832,2.1532314,1.4850091,2.041556
532,0.013510915,0.0042134775,2.1663337,1.9754648,2.0662162,2.2954128,1.7743577
533,0.07323341,0.01726396,1.5240726,2.3332288,2.1275718,2.4977028,2.5446362
534,0.039456587,0.065973,2.683448,2.0183346,1.8636471,2.0410144,2.0821462
535,0.019562593,0.107585296,0.008098985,0.0037885353,0.2203916,1.7102375,2.0292745
536,0.08757884,0.02593152,1.9149565,2.2537284,1.8598799,2.4860742,1.7468246
537,4.492328e-06,0.67072445,0.013152268,0.013352862,0.007838032,2.2953782,1.8727099
538,0.0024930954,0.063249774,0.0013900938,0.030982334,0.0063844416,2.0957973,2.1052327
539,0.005375393,0.004620165,1.389452,2.0429335,2.273984,2.0258286,2.1814308
540,0.02778975,0.059545774,1.1289166,2.593976,1.6485589,1.8561099,2.7163486
541,0.0049718497,0.0023961782,0.05147451,0.0017741077,0.10484514,1.8726234,2.3837671
542,0.012272221,0.035909336,0.0063586514,0.009369568,0.14464445,2.0811307,2.5313575
543,0.012532368,0.0035033023,0.10195886,1.601492,1.2639,2.0137284,2.1391356
544,0.0019024846,0.0006263834,0.011284116,0.03875088,0.19921635,1.9447917,2.3056827
545,0.0037397293,0.0254609,0.05785222,6.7942994e-05,0.27139947,1.6180421,1.7697798
546,0.018380202,0.0067719608,0.013449437,0.010472631,0.22459911,1.9375573,1.5264549
547,0.03262412,0.036966227,0.079082794,0.004769451,0.04387654,1.3705539,2.8345213
548,0.02050447,0.008416324,1.143321,2.0945833,2.2725313,2.5973382,1.5875115
549,0.005294048,0.0065974793,0.0405022,1.4359354,1.5657641,2.0964398,1.7773699
550,0.059781745,0.025219096,1.876814,2.8184972,1.675088,2.0708826,2.5841863
551,0.08688202,0.011860202,0.0029825734,1.977325,2.0311377,1.5715358,2.174807
552,0.058255017,0.02614003,0.09987866,1.6695861,1.9316701,1.7523379,1.9515048
553,0.02399352,0.1484598,0.1567264,1.7583128,1.8115522,1.8902315,2.380235
554,0.0025310968,0.0001302999,0.09754705,1.4383403,1.8459293,1.9926159,2.3339481
555,0.0068691666,0.00064457196,0.009060243,1.5060079,1.9567696,2.4342928,2.3951263
556,0.018061334,0.015478763,0.06829264,1.5969412,1.9698781,2.3270226,2.003215
557,0.00018907052,0.011086058,0.001761349,0.0061761523,0.13397175,1.7019448,2.3924487
558,0.038625445,0.05934543,1.2888303,2.0878847,2.06403,2.0451524,1.6724323
559,0.012043336,0.03707881,0.02769374,1.3858624,2.5306358,2.1489496,1.9735993
560,0.01315815,0.023561055,0.41113833,1.4579737,1.8433982,1.965543,2.0147595
561,0.021672077,0.028403472,0.004166782,1.7387228,2.3857005,1.6580979,2.2231717
562,0.014534442,0.09995949,0.00083617313,0.0027114006,0.06306135,2.4112763,2.1626914
563,0.011481451,0.046477985,1.2088335,2.3864512,2.272219,1.8380567,2.0656922
564,0.014798823,0.55850685,0.00033180165,0.0040555773,0.00011956983,2.3614614,1.7286904
565,0.0006561064,0.0048493426,0.110159285,1.7569933,2.1588726,1.7789283,3.2525241
566,0.08015553,0.005563486,0.05106004,1.5250595,1.6319116,1.7522196,2.743484
567,0.007823952,0.0117564285,0.37729448,1.7999666,1.6920071,1.661192,2.4412704
568,0.008792093,0.34681746,0.017201588,0.023468552,0.047848947,2.318238,1.6195207
569,0.055973016,0.0035732856,0.02382533,0.009878442,0.32839206,1.8979865,2.1272213
570,0.029250415,0.00081834366,0.0052976753,0.00891899,0.23175587,1.4188564,1.9451448
571,0.004842135,0.09535384,0.24925658,1.6279731,1.7727914,1.5358312,2.4849176
572,0.014821103,0.0060739573,0.03626082,1.5839198,2.065623,1.9966797,2.1446605
573,0.017400924,0.019155283,0.002707238,1.129626,1.55953,1.942812,2.0588593
574,0.021151567,0.0089286305,1.4062977,0.73770213,0.0056334785,1.668195,0.011512368
575,0.018962491,0.100503735,0.38047984,1.9315661,2.262293,1.8101722,2.0140646
576,0.00036861867,0.0028088074,0.0061762375,1.5492738,1.560809,2.2307806,2.2540505
577,0.0057818694,0.023100438,0.16783068,1.2894868,1.8285949,1.6990707,1.9427168
578,0.0017381929,0.043943282,5.5809738e-05,1.8761531,2.1653743,1.7746221,2.1188028
579,0.0025792422,0.01326736,0.00055055274,0.019199805,0.11714894,2.551532,2.0682704
580,0.0553014,0.0027912208,0.018187312,1.1340717,2.3093128,1.9521643,1.4494334
581,0.07107573,0.0032649736,0.014581167,0.0097521255,0.47967067,2.2718766,2.2715492
582,0.008211656,0.019189268,0.02562754,1.4954623,2.0423903,2.213517,2.2495377
583,0.0005099465,0.026232287,0.0069331746,0.03786983,0.33264008,1.5192325,2.1739225
584,0.039145283,0.037000757,0.049021937,1.3347785,2.4524028,1.1764446,1.6139833
585,0.0033869578,0.064137936,0.010803654,1.6355494,1.8993695,2.1372871,1.725802
586,0.0018126183,0.07407395,0.013396082,2.2113116,2.1058173,1.8439515,2.589519
587,0.0346124,0.01565294,0.020949656,1.1597203,2.1120212,2.0490935,1.7817675
588,0.025151687,0.0037221413,0.030495094,1.6691471,2.0227623,1.9895288,2.0497975
589,0.0061508175,0.026363196,0.05303828,1.7427454,1.8069446,2.0754426,1.5405388
590,0.016189625,0.0165571,0.010188665,0.29842415,1.6133896,1.5214136,1.6514388
591,0.89884275,0.011397678,0.13046011,0.018663125,1.8136612,2.203258,1.7535583
592,0.008534183,0.07351297,0.0041873814,1.6844096,1.7677717,2.3031392,1.4175283
593,0.008693008,0.011146217,0.24501629,2.7526677,2.6143467,2.4873998,1.4087026
594,0.004787009,0.005158408,0.17215526,1.9998993,1.9618894,1.7685624,2.0592337
595,0.00453635,9.1642556e-05,0.03315277,1.7729765,1.8453794,2.462168,1.8137491
596,0.00037801653,0.008095979,0.06689487,0.8632151,1.5250895,2.1477342,1.9367872
597,0.010247282,0.0020526187,0.53276545,2.0348306,1.9529325,2.702365,2.354531
598,0.0010451176,0.009499428,0.28944823,2.132958,2.060504,2.399791,1.7823086
599,0.01850872,0.0007676693,0.003554416,2.2519927,1.4851186,2.207679,1.8086392
600,0.029231712,0.037467018,0.07203967,1.0725486,1.9601979,2.0919766,1.917913
601,0.013545943,0.0058703446,0.013181737,0.015600577,0.5039876,2.3141198,1.819425
602,0.017294597,0.01036288,0.13107541,1.031486,2.0065076,2.1101613,2.266568
603,0.04843308,0.15444504,0.0025118708,0.002627913,0.40313792,2.7121246,1.3661969
604,0.0090239225,0.019969407,0.13064152,1.1679112,1.9283535,1.7929842,2.1475995
605,0.0014718145,0.032197423,0.09188675,0.023565259,0.49086723,1.5989949,2.1353006
606,0.0034167124,0.004875141,0.11168239,0.063122526,1.1638852,1.757806,1.3436494
607,0.035180457,0.018849028,0.30317286,2.201365,1.9169623,1.9179882,2.055506
608,0.030642992,0.009954767,0.15666054,2.0809505,1.9201937,2.2386253,2.1722703
609,0.027609766,0.013126204,0.2865266,1.930372,2.2032695,2.2399123,2.4061558
610,0.03246866,0.0040654647,0.114710465,1.9019431,2.1289527,2.78007,1.9458303
611,0.041877292,0.071938515,0.53295755,2.0371604,1.8871254,2.1875076,2.3910556
612,0.058320004,0.009130569,0.030110234,0.1141788,0.6567494,2.1806998,2.3415592
613,0.048252888,0.1564975,0.041234534,2.3232498,2.0933087,2.4025393,1.8607568
614,0.01583522,0.067232646,0.043664016,0.013341095,0.62819195,2.0980463,1.7673838
615,0.04798202,0.025721265,0.29388112,2.0517118,1.578631,2.6402912,2.0111778
616,0.012778829,0.01070613,0.4937971,2.4472706,1.8444216,2.1437247,2.1939347
617,0.08225603,0.018995691,0.0074129174,0.05896977,0.6877286,1.8802912,1.773496
618,0.012062371,0.000388406,0.26585764,2.443695,1.9948955,2.0803452,2.7445133
619,0.03896204,0.00992763,0.51776385,2.5661094,2.007435,2.2363327,1.7513716
620,0.030129824,0.0011734952,0.008577318,0.026800128,0.7088722,1.9644368,1.6723704
621,0.0211861,0.029647887,0.003070206,0.6936202,1.6745362,2.3545437,2.355862
622,0.042690296,0.007464512,0.00070155965,0.95629025,2.1516845,1.9521376,1.8911197
623,0.11154733,0.0011405416,0.021969827,0.030398306,0.66193944,1.470195,2.204008
624,0.0004420823,0.11116469,0.015623302,0.011345226,0.8338272,1.875156,1.7617854
625,0.0077412035,0.036899365,0.015726065,0.005337853,0.9200079,1.8069565,2.387759
626,0.003740994,0.00041530438,0.052420236,0.04951733,0.71295965,2.2170894,2.0960133
627,0.10460962,0.0019407038,0.0007650572,0.025944233,1.7150042,1.6636206,1.5327076
628,0.010060008,0.009079873,0.26220882,0.35335425,1.5569569,2.119622,1.7501628
629,0.024478938,0.09531672,0.08428784,0.013011869,0.8066133,1.5862018,2.175877
630,0.01595642,0.010877188,0.004852972,0.0066238563,0.9119744,2.0453997,1.8520912
631,0.01690617,0.04888254,0.00654397,0.0004055765,1.3627623,2.4172726,2.2994905
632,0.0036855321,0.04527133,0.043231383,0.04514867,1.0062493,1.4107623,1.9982612
633,0.10359747,0.0168567,0.036638662,0.013142189,1.0192795,1.8532449,1.9634846
634,0.004181492,0.009058041,0.012520622,0.051394273,1.6261295,2.2738926,1.9678129
635,0.02036423,0.048722558,0.015747543,0.741588,1.7636619,2.1098886,2.280011
636,0.6264621,0.020696966,1.3921536,0.7388163,0.02448507,1.5783204,0.0065434203
637,0.0012001042,0.004271706,0.003953756,0.01278291,1.6031016,1.6145037,2.624531
638,0.0040631606,0.0056489445,0.02177752,0.6100572,1.7843001,1.7817937,2.4712148
639,0.02584365,0.00709544,0.001260612,0.010392269,1.182186,1.8658526,1.8297292
640,0.00073973637,0.08014198,0.0016772073,0.11451656,1.4172038,1.6313437,2.113191
641,0.021138985,0.013454342,0.007760621,0.039808203,1.6529653,3.179162,2.0144186
642,0.005973309,0.070264444,0.00015044892,0.0034338555,1.1273696,2.2273688,2.016704
643,0.015502268,0.0031622208,0.061721224,0.17249015,1.5619265,1.9057441,1.8691741
644,0.00955209,0.049690407,0.041276228,0.01162454,2.0620093,1.5076327,1.874274
645,0.003124284,0.0045905397,0.025175229,0.061895892,1.7478182,2.0045207,1.7073908
646,0.047397755,0.008873398,0.038884386,0.08102286,1.0622935,1.4820266,1.8710736
647,0.003373023,0.0013965111,0.022825124,0.16418074,1.4005115,2.3037663,2.0456333
648,0.005067062,0.009339931,0.0048324587,0.030227488,1.759878,2.1375148,1.8255303
649,0.013226533,0.010589733,0.073671356,0.0059392783,1.7258385,2.6253593,1.7546734
650,0.0033285187,0.052407734,0.029015828,0.5932415,1.8493019,2.4238005,2.3742645
651,0.007817437,0.0034039814,0.0042343,0.117898695,1.8181843,1.3326224,2.2480702
652,0.04827488,0.015096009,0.00038151632,0.013735307,2.2292054,2.292016,1.6691734
653,0.0053974153,0.03280323,0.009951925,0.029050566,1.4890617,1.8797338,2.015546
654,0.002868098,0.0011630869,0.019097604,0.008555823,2.142298,1.5697824,2.2098696
655,0.014782987,0.00029321815,0.031264618,0.12683515,1.4991572,2.4746041,2.2392898
656,0.09406252,0.051023014,0.00039893348,0.0083948765,1.9746692,1.8179772,1.773723
657,0.043490306,0.014347952,0.14004937,0.059709895,1.7105504,2.4369488,1.4023991
658,0.004849708,0.0013391722,0.014225988,0.71471554,2.5936391,2.1743608,2.3601894
659,0.021414356,0.026693294,0.0112041095,0.062069703,1.8692344,1.9041855,1.797509
660,0.172384,0.0067553734,0.039426133,0.12769845,1.8758469,1.9959075,1.6643113
661,0.002945912,0.0004953866,0.00050336577,0.007093542,2.368441,1.8650049,1.6264192
662,0.030825933,0.01487606,0.0007498247,0.70049465,2.3832574,1.6982934,1.622481
663,0.06967209,0.0068299435,0.02433881,0.10630031,2.1410072,1.6032654,2.4078135
664,0.052049547,0.07366619,0.059520695,0.34166318,1.8967881,1.8945935,1.8583667
665,0.0003991919,0.009642285,0.021423884,0.1805142,2.4931116,2.0694494,1.7431962
666,0.010404601,0.0024921312,0.07710338,0.39500815,2.0530586,1.5512477,1.7760323
667,0.021332357,0.021531926,0.003047332,0.30899107,2.0437634,2.311527,1.7038432
668,0.007439561,0.00012732823,0.010683794,0.1830758,1.9158621,1.6845646,2.1480262
669,0.0046645463,0.006525076,0.013245801,0.068002164,2.3818002,1.7334791,1.9513198
670,0.03879128,0.007972292,1.9254798,0.47814205,0.048346303,1.6350105,0.009111778
671,0.025497679,0.07916914,1.6610181,0.023262337,0.0021483942,1.7720752,0.17822301
672,0.0033479547,0.006540821,1.7293826,0.010687932,0.011690888,1.7539816,0.03436782
673,0.0028508059,0.0032706962,0.037075948,0.4791159,2.393816,2.208384,1.8307054
674,0.014547458,0.0006730369,1.6999576,0.006316681,0.038751375,1.8139086,0.027487347
675,0.04891929,0.013963271,0.01398197,0.10622526,2.2945518,2.2373526,1.6303016
676,0.00058459264,0.005234913,0.020365022,0.5946202,1.9770371,1.9990087,2.0377893
677,0.15946703,0.005022809,0.032721464,0.12121856,2.2789934,1.993709,1.9870692
678,0.03184493,0.039139252,1.7678373,0.013776808,0.0045954674,1.6723608,0.014408245
679,0.0092087,0.030190969,1.9809467,0.47219416,0.0009293465,1.8816509,0.037552558
680,0.05730562,0.05047418,0.20702079,0.36574858,2.327171,1.8896112,1.9250337
681,0.061402664,0.023792868,1.7514992,0.04970244,0.0062551433,1.6785221,0.090073854
682,0.004147625,0.02124007,0.005908457,0.43347132,2.4560041,1.6444259,2.182738
683,0.0018784439,0.0043978295,1.6881015,0.008350023,0.028167013,1.6583341,0.0028356768
684,0.021247169,0.011668825,1.6351917,0.0014788107,0.0397972,1.9109687,0.008780867
685,0.0179961,0.004078713,1.5144591,0.4302307,0.023150748,1.4397798,0.0013148037
686,0.022062186,0.0006657063,1.6421382,0.025255105,0.0033853583,1.9198412,0.010437502
687,0.046949483,0.049505524,1.717659,0.0082704425,0.013483181,1.6552641,0.03114183
688,0.0007202147,0.01320324,1.588684,0.0058780652,0.032994956,1.665858,0.050736237
689,0.028539354,0.0014058087,1.7427701,0.0022355018,0.02527677,1.8852286,0.010856667
690,0.0058585894,0.012213342,1.9310633,0.0034383694,0.000882016,1.7096183,0.015895776
691,0.0010453645,0.04768863,1.9117553,0.015680565,0.04883139,1.6894076,0.012381227
692,0.019808786,0.025601558,1.6862196,0.0050520767,0.03306073,1.9486129,0.15668783
693,0.010175405,0.00050692126,1.6755226,0.101660766,0.029416535,2.0274765,0.13385703
694,0.0048163305,0.014436271,2.1609144,0.020512957,0.028777746,1.957246,0.0013268216
695,0.020082494,0.0107848,1.9150968,0.041859634,0.03212761,1.6845491,0.0039734556
696,0.16905457,0.012176538,1.8492585,0.010106041,0.13459758,1.8945562,0.04314734
697,0.015032209,0.0129049225,3.0640268,1.0965664,0.031675193,2.217671,0.028253019
698,0.005352295,0.009986246,1.6697621,0.017344834,0.016145172,1.8588926,0.015315978
699,0.011722613,0.055149462,1.5804285,0.060376603,0.0058483123,1.7278924,0.008323696
700,0.052449886,0.027032638,1.8572971,0.014459489,0.0073146704,1.7053273,0.016959548
701,0.012509829,0.003346459,2.175373,0.15090248,0.065333895,1.8895407,0.037211433
702,0.062530085,0.0003870484,1.6091772,0.0023960082,0.0049208924,1.6494735,0.0065096538
703,0.008603143,0.008090251,2.0011406,0.0052284724,0.0032169004,1.7535542,0.004423141
704,0.034718417,0.0042221043,2.2091405,0.009437364,0.062063616,1.8764603,0.041981094
705,0.027439063,0.0035686383,2.219858,0.052418176,0.047891896,1.951684,0.005814446
706,0.0012288435,0.011980722,1.711132,0.008401228,0.0005568875,1.6167704,0.036276326
707,0.017331341,0.08739722,1.9207458,0.009388066,0.0015341127,1.7305833,0.003833154
708,0.03722823,0.00069021614,1.8053164,0.021271765,0.0020039193,1.8719698,0.009292074
709,0.029976815,0.007172025,1.6600783,0.010859643,0.020151889,1.9841886,0.036172163
710,0.012865387,0.05000762,1.8940089,0.046732347,0.015004863,1.7137123,0.013514105
711,0.08242311,0.006328774,1.5840544,0.08718566,0.0074691083,1.7556562,0.020541556
712,0.034038965,0.0069968845,1.7140656,0.026352188,0.009240913,1.9091711,0.004297562
713,0.006752944,0.05309462,2.1505675,0.03384225,0.0014383424,1.9794383,0.01251485
714,0.018456308,0.021819463,2.030876,0.016043127,0.012879038,1.8000778,0.022909813
715,0.026174234,0.000112134614,2.2728858,0.009605674,0.0003964683,1.9438311,0.022837026
716,0.060835548,0.006699963,2.1327605,0.00094545615,0.043656033,1.8141854,0.034168266
717,0.020825453,0.00817182,2.2657056,0.059093367,0.0022091463,1.932168,0.0041887723
718,0.16860084,0.009800929,1.7812737,0.0021047078,0.010228513,1.8909701,0.025272911
719,0.03582483,0.013964553,1.831719,0.0004629117,0.056405302,1.8697742,0.034937236
720,0.008786247,0.008350014,2.2068448,0.004695619,0.00025703304,2.0360467,0.00082255865
721,0.001255342,0.0069506676,1.8531808,0.0038316993,0.0002658838,1.9095714,0.0008470359
722,0.030927785,0.0029669625,2.1142554,0.02355773,0.0026933535,1.973474,0.02237321
723,0.025144491,0.0058537773,2.1199443,0.0022455081,0.059801333,1.9844768,0.013688646
724,0.016789336,0.0029538325,1.6481973,0.0009274668,0.0044874493,2.0359542,0.008784457
725,0.1377132,0.018944278,2.1360993,0.06729604,0.109330446,1.8726524,0.07087748
726,0.013538468,0.010673577,1.7142402,0.0001730834,0.003055747,1.5403694,0.006446038
727,0.031041611,0.007722236,2.0717707,0.008819916,0.034795396,1.9000723,0.0015298586
728,0.015047517,0.01687568,1.9401705,0.060689684,0.002051294,1.7914628,0.015962655
729,0.045220777,0.0017977692,2.2554426,0.0044243922,0.06686283,1.8743193,0.012803195
730,0.015337912,0.02177409,2.1446264,0.000421684,0.0065875063,1.7899821,0.004475794
731,0.016747765,0.31754985,1.8215779,0.0010618467,0.011543861,1.9243708,0.0023764207
732,0.005664783,0.029916536,2.163892,0.026819376,0.0092521645,1.7864305,0.017296506
733,0.13092795,0.004212342,1.5287209,0.011940082,0.00029080838,1.7106404,0.0005150577
734,0.00068835047,0.0071745506,2.1047843,0.0277916,0.005396216,2.0841036,0.022929167
735,0.037269928,0.022852428,1.8481711,0.006779446,0.0071044946,1.9287208,0.030984197
736,0.028864464,0.12568657,2.0406387,0.00084444444,0.016580101,1.8566409,0.08752655
737,0.029674416,0.0012824562,1.5224011,0.004213567,0.004042259,1.9121962,0.0065352963
738,0.115117796,0.0027423033,2.0878022,0.011396246,0.014246087,1.7199581,0.024455266
739,0.0059506954,5.2752257e-06,1.6081642,0.010171509,0.032937363,2.0311437,0.027809303
740,0.038835343,0.030251982,1.9243882,0.0026756267,0.02144841,1.886818,0.009676443
741,0.018084299,0.03343873,1.6983926,0.009942316,0.0030858936,2.122911,0.009491325
742,0.0056589865,0.006287788,1.7773514,0.013591291,0.005972282,2.0001497,0.008754202
743,0.05407645,0.0318717,2.0433173,0.08749934,0.0122451885,1.921343,0.0020131606
744,0.00717774,0.021374404,1.8083802,0.021809619,0.0444584,1.4919039,0.0049795136
745,0.044776473,0.0011461831,2.0626366,0.030454358,0.023355253,2.0697124,0.019692343
746,0.020393107,0.0033599122,2.010867,0.054321043,0.011972476,2.049166,0.0002793268
747,0.009020114,0.0045264643,1.9707532,0.021285126,0.015203577,1.9541438,0.0058301617
748,0.0017356416,0.009369236,1.5279032,0.032109525,0.00045384193,2.0109804,0.019692324
749,0.06596797,0.0027325572,1.8959104,0.089556284,0.023314638,2.0296886,0.0047582225
750,0.015413316,0.0017320014,1.7892268,0.0030970173,0.0022332193,1.9979857,0.0019049323
751,0.0056628557,0.0043893033,1.9140469,0.044154998,0.004906961,2.0826821,0.018497031
752,0.0035390959,0.016001163,1.7108927,0.01270225,0.00785989,2.1341038,0.025003036
753,0.028816026,0.00025046596,2.0857441,0.0615816,0.009027304,1.7255901,0.001525315
754,0.0023218999,0.000280841,1.7714776,0.0036938344,0.03314766,2.0496213,0.0006971659
755,0.0071314885,0.013174521,2.009886,0.015953511,0.026235057,2.10473,0.0016881815
756,9.070226e-06,0.0031996584,1.440067,0.14082237,0.027153006,1.937742,0.0016893139
757,0.011014583,8.403589e-05,1.317872,0.18744157,0.007964416,1.1940169,0.034051258
758,0.019635797,0.019141242,2.1044517,0.0043110596,0.00094562984,2.1368067,2.7710288e-05
759,0.0035660272,0.006879586,1.8811613,0.0052396995,0.029146956,2.0498774,0.013184902
760,0.041225802,0.17481458,1.6499075,0.02299509,0.012625674,2.1025813,0.044547465
761,0.029211747,0.1033691,1.921785,0.020346746,0.007778521,1.9244826,0.0040329564
762,0.09285853,0.01593622,2.0102484,0.012936905,0.0077952924,1.9498038,0.014486556
763,0.022478728,0.011670983,2.2981596,0.013024581,0.0103296535,1.8200717,0.015848702
764,0.0026059905,0.06722667,1.7706541,0.004717836,0.13341844,2.13133,0.0035937843
765,0.00430707,0.040556736,2.1102486,0.018885998,0.03870138,2.1833138,0.0001930967
766,0.35334295,0.006267915,1.5598491,0.11701501,0.009798702,1.2846215,0.058236804
767,0.0034225602,0.032600917,1.799985,0.028856125,0.006159586,2.205384,0.004246975
768,0.00799897,0.03827778,1.9608485,0.028016046,0.0024223798,2.0173175,0.007701892
769,0.048846483,0.0006918163,1.8629093,0.045433756,0.0016609405,2.0077178,0.021200102
770,0.07990593,0.008662052,2.1990373,0.028979314,0.00021709935,2.1481771,0.009768469
771,0.0015734026,0.023556648,1.9455743,0.05190375,0.1455518,1.9178295,7.288597e-05
772,0.00039263236,0.0011697129,1.6281176,0.046449754,0.039501335,2.120994,0.012342549
773,0.0057587903,0.019555857,2.1578064,0.013042272,0.0034498868,1.6904272,0.039625347
774,0.049878635,0.007895741,1.9409398,0.01753759,0.027646879,2.1600149,0.0020037314
775,0.054799937,0.007459524,1.4735049,0.007652981,0.010829966,1.5014796,0.00019652428
776,0.0032564658,0.0454961,1.4324803,0.024434095,0.0032532688,1.958575,0.0043443665
777,0.0019117042,0.0030817033,2.3855221,0.017479777,0.007013775,1.9580672,0.00909611
778,0.017707633,0.04227785,2.1605747,0.009919552,0.007169707,1.6977123,0.07223243
779,0.054588526,0.0068692616,1.9531825,0.09332826,0.0011604563,2.2155476,0.028255228
780,0.008466786,0.018575013,2.3463125,0.002689476,0.008294917,1.8432921,0.07527176
781,0.0036338607,0.011264239,1.7750719,0.033187833,4.5340435e-05,2.2386389,0.008508574
782,0.008825322,0.028644776,1.8459064,0.11823939,0.046763726,2.2418792,0.019965999
783,0.08420705,0.048878983,2.2707012,0.03669156,0.0076545514,1.7856363,0.022891996
784,0.02048602,0.002459389,2.3138068,0.0017940375,6.842809e-05,2.0883665,0.013256359
785,0.09668379,0.0014204785,1.8721235,0.004019851,0.005557903,1.4338089,0.0068560047
786,0.2978751,0.0020968847,1.6780571,0.18138827,0.003394672,1.4518489,0.04350334
787,0.06499051,0.0029894128,2.0327215,0.028639892,0.032961365,2.2321913,0.017619204
788,0.0039881314,0.00019543947,1.9793621,0.017477164,0.007398708,2.2493463,0.046899807
789,0.026142431,0.0007057628,2.3373883,0.013385309,0.10271626,1.7914988,0.013400795
790,0.0029194786,0.003283115,1.4108562,0.045803726,0.029704416,1.5575405,0.006167851
791,0.022671273,0.011492259,1.3450303,0.015974829,0.013664469,1.9720519,0.057522453
792,0.011409272,0.0017918422,2.4056005,0.0075800023,0.0038928266,1.8881509,0.01574107
793,0.06884849,0.0017323616,1.661162,0.0203017,0.0065206573,2.2007387,0.02778885
794,0.0221393,0.011853411,2.1249654,0.014822093,0.02044785,1.602146,0.008796113
795,0.027793227,0.0018201135,1.3508047,0.022849552,0.004042633,1.9483446,0.06797524
796,0.004356035,0.021417785,2.0757413,0.45732623,0.0035963254,1.4040421,0.0060127857
797,0.010075904,0.0003706181,2.1287334,0.005445882,0.0089015905,2.234409,0.0054461104
798,0.015122351,0.010098128,2.397678,0.027678004,0.011797666,2.0607963,0.010901397
799,0.0058313594,0.0053251293,2.389756,0.085012145,0.0053019417,1.799118,0.0063716723
800,0.008089822,0.000207979,2.1312182,0.020007621,0.018538693,2.2330015,0.031520765
801,0.01184864,7.986008e-05,2.2730255,0.0030386082,0.060794007,1.6798223,0.005725168
802,0.0030877367,0.009885881,2.0493855,0.28135973,0.01138169,2.3082411,0.005219008
803,0.012646568,0.017061392,2.1869063,0.18155213,0.010785527,2.2385135,0.004365147
804,0.018918676,0.003135086,2.1204913,0.0010595327,0.005014302,2.2569668,9.19522e-05
805,0.051705856,0.0013961456,1.9205534,0.047148455,0.012417417,1.2271659,0.005379355
806,0.0023372993,0.0016340923,2.0004995,0.016972298,0.01992608,2.2848423,0.09316132
807,0.023519782,0.003892163,1.5890948,0.10657157,0.017857365,2.1962872,0.0035866334
808,0.0007271792,0.011773867,1.9585168,0.004362516,0.021333707,2.2869778,0.006154224
809,0.0006067006,0.025583724,1.5360016,0.007268874,0.011907309,2.2143729,0.0056305225
810,0.31426919,0.012428269,2.3899672,0.0053445837,0.0053000147,2.127422,0.07843678
811,0.0029738722,0.011118239,2.0360985,0.010734956,0.056359563,2.309916,0.042065997
812,0.07854351,0.013984797,1.6213244,0.0018248375,0.010436386,2.2812936,3.769796e-05
813,0.008490108,0.0006936168,2.4905045,0.001521534,0.009683675,2.0214713,0.02126625
814,0.03696586,0.09483081,2.4545662,0.026058406,0.0285583,1.7679083,0.0581884
815,0.035451323,0.0012317944,2.1867046,0.026574293,0.034801524,1.5087649,0.029509928
816,0.010846917,0.0038592527,1.8512907,0.016394746,0.044994608,2.331698,0.097385
817,0.011441716,0.07411937,2.2053416,0.028106024,0.08318062,2.2691815,0.00037809808
818,0.00029128103,0.011727327,2.363121,0.04714582,0.030495625,2.2037823,0.083605304
819,0.40812165,0.00059762143,1.2016847,0.2194023,0.004798023,2.0531228,0.007208707
820,0.0045436104,0.005673105,2.267249,0.07160318,0.0028895529,2.2890992,0.009400001
821,0.018841125,0.046555385,1.1842608,0.11142907,0.026266782,1.5678185,0.01257481
822,0.009942531,0.009806555,1.8104236,0.0116683,0.005302592,2.3569474,0.058189332
823,0.008116529,0.006651592,2.1286526,0.17259544,0.008777885,2.3470047,0.0031870566
824,0.062808596,0.03788195,2.143227,0.003365258,0.0051348303,1.3802594,0.020547241
825,0.0026554035,0.019582877,2.2871184,0.17567296,0.009543951,1.5683752,0.022235686
826,0.012225503,0.18789871,1.1765708,0.0060615605,0.04859736,1.5071003,0.023134246
827,0.008337654,0.0727879,1.7401526,0.0012640428,0.0024768068,2.3541453,0.014912821
828,0.07636686,0.031718593,2.538918,0.0049147173,0.012491178,2.0764177,0.014200447
829,0.0006306931,0.07605007,1.8021235,0.009554558,0.033757944,2.36128,0.002824953
830,0.010375099,0.011850659,2.5753071,0.048431803,0.011863974,1.9612484,0.0042277467
831,0.009506402,0.012683396,1.3872439,0.04312609,0.030002667,2.300686,0.01173877
832,0.0032045895,0.0018182627,1.7021933,0.08672638,0.0051006977,2.3950195,0.014341398
833,0.009557655,0.038301643,1.2775428,8.522657e-05,0.0073650465,2.1479726,0.0001162296
834,0.025264489,0.056416586,2.404901,0.03540918,0.019012216,1.5990416,0.0029656757
835,0.001792374,0.014664706,1.4270611,0.00019203644,0.067717515,2.3553166,0.006779962
836,0.0057055447,0.06349407,1.9406012,0.0031135941,0.018670978,2.4049184,0.013342436
837,0.028880218,0.0060490905,1.4409319,0.024047568,0.008974973,2.379917,0.0057597375
838,0.0103065,0.00076152047,1.2470399,0.036882825,0.0005572416,2.2012396,0.08156622
839,0.006846662,0.0037145955,2.649486,0.09226333,0.05703423,1.9721264,0.014713402
840,0.078103654,0.0017426135,1.6782527,0.010279772,0.00016071952,2.4231946,0.012238694
841,0.0017067817,0.0024717327,1.482605,0.0061328546,0.004256543,2.3863072,0.003976287
842,0.026129207,0.00032156848,2.6584985,0.0034633714,0.009229724,1.9143897,0.008241709
843,0.007372464,0.031204853,1.3394533,0.029591732,0.035309825,2.3151267,0.03089159
844,0.72527677,0.023289656,1.0931212,0.011941051,0.21949689,1.5396268,0.032372527
845,0.21756008,0.029066402,2.6640391,0.36636168,0.0013591611,2.232345,0.12703343
846,0.082992375,0.01340153,2.5739784,0.09732714,0.10020121,1.6819767,0.017987588
847,0.010385115,0.088047266,1.2136542,0.005331312,0.0061917305,1.9906029,0.0620918
848,0.046696395,0.01168252,2.4228444,0.047498707,0.006117547,1.5212748,0.026374165
849,0.0010696172,0.06088697,1.6110765,0.04749463,0.0027736416,2.4313018,0.1990065
850,0.017859707,0.00067449105,1.587502,0.0799835,0.07077466,2.4478111,0.017216902
851,0.17275897,0.0032265345,1.1887493,0.11861333,0.010406414,1.8427982,0.04176815
852,0.0053213914,0.0016813868,2.4652748,0.003164523,0.007338354,2.2871358,0.019729346
853,0.087685645,0.0015895221,2.6461565,0.0029600728,0.0039668204,1.695486,0.01111804
854,0.007750258,0.009319282,2.7375705,0.03357693,0.03308467,2.0358727,0.06953753
855,0.12554672,0.017192405,2.487548,2.2437953e-05,0.04142737,2.291455,0.0016587693
856,0.0020888578,0.0045154984,1.4066602,0.029111378,0.06647036,2.4265025,0.010929051
857,0.09315372,0.007198251,2.4223504,0.008192713,0.0065089907,2.368232,0.044998825
858,0.019002043,0.014468949,2.302036,0.0062282346,0.009976717,1.3568518,0.004471572
859,0.021999503,0.07907166,2.6440113,0.039680123,0.104006924,2.2179575,0.015631916
860,0.007703148,0.042636268,2.6633573,0.00068954134,0.009750936,1.3829595,0.010626624
861,0.0007771942,0.015927376,2.6322794,0.015863512,0.010654928,1.4763969,0.015914796
862,0.001811159,0.023636835,1.5440699,0.00045721672,0.067563966,2.5267136,0.0060553127
863,0.010217655,0.0147606805,2.812447,0.027471786,0.016537119,1.6244079,0.0025424245
864,0.032428548,0.021887047,2.8637323,0.002539122,0.005166925,2.2077754,0.088591285
865,0.011745895,0.05876254,1.1058443,0.0042083124,0.058251526,2.0635595,0.024642443
866,0.016365755,0.054764647,0.8462492,0.65106726,0.00014773378,1.9880805,0.0076068575
867,0.007806416,0.014485135,2.4346237,0.021259014,0.033576738,2.4938157,0.022030495
868,0.002034152,0.0124245165,1.7287588,0.022039838,0.028361795,2.563151,0.022011809
869,0.10423935,0.1454909,2.8032749,0.029176557,0.0010250516,2.4408886,0.17443895
870,0.0026685868,0.0070407474,2.6484194,0.009681298,0.0100097,2.4330952,0.0043162033
871,0.005589928,0.07922234,1.5012909,0.06335252,0.0087971715,2.6665232,0.07498878
872,0.002384795,0.032242563,1.2002716,0.006977527,0.0013955963,2.8423848,0.0853607
873,0.03545721,0.013279318,2.836286,0.0045735845,0.005397804,2.9186263,0.0007073355
874,0.04849595,8.563066e-05,2.0184112,0.0009005855,0.000247315,2.6759129,0.0205416
875,0.032769714,0.0029459402,2.0379329,0.005543421,0.021427069,2.6780877,0.0038243907
876,9.3582275e-05,0.0024217803,2.3908086,0.007630729,0.007007353,2.7185154,0.035441596
877,0.035547428,0.017461147,2.4532154,0.06410853,0.008051116,2.7637727,0.0056168167
878,0.011147747,0.0030268487,1.7916678,0.052084893,0.07005231,2.7504654,0.04600522
879,0.0018261503,0.004837271,2.2408068,0.037316043,0.041046143,2.8942437,0.09426893
880,0.019919705,0.006870039,1.4675727,0.0021585731,0.015715735,3.0346847,0.0021935422
881,0.0022583993,0.0022914878,1.8341472,0.02205284,0.00026678163,2.9641898,0.01595454
882,0.069876626,0.0047175204,1.8204768,0.29442784,0.0071695424,3.0886884,0.018271288
883,0.002607877,0.00094240275,0.8278464,0.0028210732,0.011643468,1.8138225,0.009228475
884,0.003098009,0.024943953,0.716713,0.03223497,0.11285896,1.6536026,0.04018525
885,0.0018873597,0.036398236,0.67694473,0.38271832,0.025634,2.0724673,0.015029207
886,0.0021063022,0.025090242,0.005913144,0.004331257,0.021067426,2.140156,0.0024489942
887,0.00067109306,0.008603899,0.020535681,0.0048635816,0.05160142,2.1782486,0.0021054673
888,0.021383924,0.0057261055,0.0044767326,0.027300995,0.0029422815,2.1509311,0.019182455
889,0.0037045826,0.017246006,0.0024004641,0.0033681886,0.03583938,2.1344748,0.008352889
890,0.084017836,0.0041359477,0.006929944,0.00025929103,0.019288877,2.2145033,0.01905231
891,0.044900008,0.012746303,0.014263378,0.0026849124,0.057187133,2.210585,0.0013606168
892,0.014186497,0.02164291,0.017406886,0.0050718756,0.052670486,2.2136364,0.01675471
893,0.01753188,0.002118566,0.030603178,0.0057727317,0.009793637,2.1919901,0.04175127
894,0.03254903,0.002358425,0.036796864,0.022333376,0.004121724,2.1556609,0.0033626293
895,0.036557917,0.011232366,0.019397216,0.0015037267,0.022906343,2.2087688,0.0039169765
896,0.010107094,0.00023457059,0.07512288,0.002355645,0.00254313,2.1337686,0.0458945
897,0.00077743584,0.027939122,0.061499465,0.026469197,0.000247109,2.1250927,0.012828933
898,0.012530929,0.031790853,0.019670535,0.003294715,0.051510148,2.2209802,0.00023247594
899,0.020769704,0.0093030175,0.024683176,0.015839228,0.00060210156,2.1189868,0.0013122413
900,0.001872689,0.0008703237,0.007832925,0.054301012,0.01399111,2.1158497,0.019010495
901,0.04627751,0.035758693,0.0031700262,0.010192892,0.0077535287,2.1035662,0.009806998
902,0.011491843,0.027483048,0.012311785,0.032631546,0.0025620353,2.2306857,0.013916769
903,0.096266545,0.008683573,0.66498137,0.0009011787,0.0034426814,1.9904805,0.040708706
904,0.00617625,0.006805799,0.124141246,0.0025019401,0.008637704,2.118251,0.0022274945
905,0.029236987,0.01332754,0.027511084,0.009921769,0.0288012,2.235567,0.0024001603
906,0.0029526586,0.00188108,0.030514652,0.018667882,0.04023168,2.0885873,0.008451523
907,0.044991408,0.026560938,0.00288365,0.006057653,0.054028932,2.1115737,0.056089908
908,0.0044999407,0.004317982,0.043732386,0.009108236,0.056735586,2.2304044,0.004449776
909,0.042053364,0.0032534008,0.007896305,0.004411494,0.048107214,2.2639413,0.029001474
910,0.050310116,0.013999689,0.010251774,0.007326741,0.13114022,2.0301206,0.004292641
911,0.0014562227,0.097344294,0.0065475507,0.028429901,3.4479087e-06,2.0174901,0.0037605877
912,0.006084754,0.025962085,0.16760053,0.057035487,0.0055376324,2.227825,0.0058047194
913,0.009960494,0.013641102,0.0117435595,0.07689084,0.011031009,2.0628457,0.010034948
914,0.005348126,0.03146724,0.039423183,0.004298477,0.012962005,2.057304,0.010565575
915,0.081957385,0.022887187,0.00039055603,0.0067039775,0.0094845295,2.0477846,0.0008487659
916,0.0016828468,0.024512803,0.22763012,0.24056727,0.008461537,2.179864,0.08063756
917,0.006457313,0.008818504,0.049840186,0.03716703,0.06382975,2.2956562,0.004837596
918,0.06968308,0.006898345,0.017884666,0.0168437,0.0013927609,2.0608954,0.020253481
919,0.050069954,0.011522845,0.20378418,0.045081723,0.004430561,2.061561,0.0091384845
920,0.059920322,0.006687581,0.32115948,0.042748306,0.04777788,2.118411,0.014763494
921,0.004337968,0.020311642,0.025590198,0.000979457,0.018785888,1.99376,0.1330556
922,0.019622903,0.014316612,4.9166058e-05,0.035447415,0.013056743,2.031298,0.02611251
923,0.20238416,0.009606158,0.03614834,0.00023855855,0.005475303,2.0024343,0.02431653
924,0.021277014,0.0007691033,0.002326043,0.008301297,0.009420828,2.0179918,0.0138169825
925,0.08701122,0.017317567,0.0053542834,0.0054840995,0.023692714,2.0378072,0.01661999
926,0.0043605943,0.004747208,0.40313515,0.09419,0.028409973,2.3063915,0.010494044
927,0.008542161,0.00053504674,0.0016660967,0.0070844186,0.03679499,2.022138,0.08338209
928,0.012363034,0.00021696971,0.002833246,0.041396752,0.07419458,2.0122406,0.008779997
929,0.015215361,0.0018123544,0.114075914,0.05770808,0.0857068,2.3268294,0.025944395
930,0.045219686,0.0010266898,0.027033083,0.08661445,0.020815047,1.9973006,0.10943091
931,0.08498971,0.00057222537,0.57762647,0.21036088,0.031096466,1.8305311,0.024252767
932,0.0024742933,0.019669436,0.07066518,0.012763882,0.003155222,2.3527565,0.052469254
933,0.00020790569,0.028641267,0.018440137,0.055009,0.007740778,2.366439,0.05061662
934,0.012812036,0.000524031,0.0043116235,0.023758464,0.008710448,1.9930584,0.030660214
935,0.000784759,5.5832147e-06,0.019323621,0.34166756,0.0009191806,1.7263961,0.0030733692
936,0.13084999,0.0107532,0.028831502,0.013618181,0.000897246,1.761403,0.0042167343
937,0.022249699,0.0010720912,0.008832657,0.012970179,0.0017004446,1.9638748,0.007915294
938,0.0031620825,0.00073837,0.077426545,0.009233959,0.01130838,1.9641132,0.004835424
939,0.00014861858,0.0007220272,0.0025445938,0.0019917705,0.028454471,1.9569507,0.010886897
940,0.020480927,0.0027661833,0.015599407,0.011802432,0.011433218,1.9548457,0.0033482085
941,0.029830894,0.0018137553,0.017069798,6.833585e-05,0.03251998,1.9561968,0.0043083313
942,0.019285632,0.018922992,0.0006205427,0.0064033964,0.0022896116,1.8365133,0.00012139898
943,0.053167623,0.039488364,0.015649434,0.013514949,0.01749683,2.4026496,0.00079093623
944,0.0014400672,0.003184429,0.0060534375,0.0017095294,0.0047149872,2.4035928,0.028262336
945,0.019470435,0.0057341307,0.0048502963,0.022181857,0.03652651,1.7926141,0.07102963
946,0.0072382926,0.054865666,0.043465964,0.0111936135,0.01739792,2.393255,0.102523744
947,0.05625134,0.050510775,0.017109703,0.028242884,0.0012819481,1.9226003,0.00081902876
948,0.028090924,0.024599113,0.030204834,0.013135082,0.0024086398,2.4010947,0.057465326
949,0.012060038,0.029585045,0.063803025,0.021294365,0.0014602647,1.7648838,0.0010307856
950,0.1062275,0.02006708,0.009846407,0.010978605,0.00407528,1.9567674,0.053882618
951,0.048368365,0.020536972,0.024336424,0.054185357,0.0030792244,2.4035358,0.015111235
952,0.014506007,0.04589335,0.0016258735,0.009486264,0.006893162,1.9007549,0.008501755
953,0.0010913522,0.0067708283,0.01794909,0.002516434,0.0073415623,1.8909593,0.029015122
954,0.00021858448,0.0031362902,0.063853,0.010224098,0.040059708,1.9212054,0.0013044494
955,0.0056825383,0.002198161,0.019860802,0.015830606,0.035986528,1.9499357,0.03600046
956,0.020933732,0.006338134,0.001825445,0.012530904,0.0019381156,1.7802265,0.040400825
957,0.007061664,0.0052732592,0.0052068722,0.07277131,0.019773161,1.9454403,0.0068462077
958,0.0010083317,0.006711292,0.008203011,0.07494574,0.004232053,1.792807,0.00029822547
959,0.06980282,0.0043617263,0.077122435,0.007964239,0.01604201,1.7790424,0.010005184
960,0.044638854,0.02017852,0.052327804,0.024130424,0.017382726,1.8106768,0.00897958
961,0.055281118,0.020413265,0.012782946,0.019132743,0.020060688,1.8961382,0.0010683412
962,0.06494205,0.0050035114,0.41831487,0.071046524,0.009401704,2.4343948,0.0020686176
963,0.03556872,0.003651185,0.017374137,0.00016652564,0.022868447,1.7613684,0.005910908
964,0.0016287297,0.03393334,0.0233026,0.0002735438,0.013936228,1.7338231,0.038393684
965,0.012612847,0.007541074,0.0034903386,0.0062418785,0.0076809083,1.717323,0.012996831
966,0.010963895,0.07517084,0.013085694,0.047260482,0.02768524,1.8772087,0.04012109
967,0.020244574,0.005217363,0.022261623,0.03570374,0.0038730004,1.7075139,0.018143008
968,0.004922594,0.0016333483,0.051168434,0.03423855,0.08705609,1.7368758,0.0064714835
969,0.0055176937,0.01931227,0.0016351253,0.022748426,0.016770601,1.7049031,0.009520503
970,0.0059468364,0.04225842,0.025117716,0.008131122,0.0006849823,1.6905427,0.004232233
971,0.1464521,0.057062607,0.027288554,0.0011999013,0.06895087,2.4546149,0.008419749
972,0.0043506636,0.0027215877,0.0051579713,0.0017560404,0.00037779013,2.461181,0.0015231696
973,0.04210068,0.018856375,0.0009358052,0.0069378037,0.044918224,1.6908118,0.0003036639
974,0.08994181,0.027842464,0.30008164,0.0008271042,0.0052469787,2.4443157,0.057868067
975,0.07247924,0.026760187,0.07243307,0.06048675,0.0065875365,1.7286745,0.00884617
976,0.0024044404,0.026999762,0.0066461638,0.0020881759,0.006742642,1.647899,0.0424349
977,0.00071510446,0.038786657,0.0038559285,0.0016217682,0.00074692286,1.6399468,0.1079431
978,0.022534668,0.11481471,0.0018150295,0.020209957,0.028768191,1.6905062,0.05114037
979,0.06066188,0.10289813,0.052683588,0.021574842,0.011099775,1.6749011,0.004805819
980,0.029536769,0.04497537,0.0106794825,0.027866025,0.026740259,1.657463,0.007905936
981,0.011903433,0.0051802215,0.012600914,0.006887456,0.024875414,1.6451749,0.012035416
982,0.08078028,0.022290835,0.035247587,0.0005317388,0.0038087,1.6346077,0.09035325
983,0.014120202,0.007909286,0.002653849,0.005715884,0.010214529,1.6089494,0.089695096
984,0.11583763,0.00059315213,0.0051653325,0.062269874,0.007558238,1.6613382,0.0050688605
985,0.16554122,0.020422647,0.014174611,0.033512827,0.020013567,1.6166965,0.00064883404
986,0.060224097,0.0015831641,0.03668974,0.008168752,0.0011403284,2.5305839,0.0010638072
987,0.0077799307,0.005828751,0.0027712446,0.005372483,0.0078249825,2.5427918,0.10029508
988,0.017405067,0.0061912085,0.029538156,0.030120337,0.0907872,1.5744408,0.011663303
989,0.0031134477,0.0060789553,0.012246277,0.013830939,0.042267345,1.5670469,0.008890671
990,0.0041820374,0.009440962,0.044565268,0.00048228292,0.057003792,2.560345,0.011982478
991,0.002245513,0.0019053429,0.00024129404,0.02597374,0.03009525,1.2784733,0.035726514
992,0.010632637,0.0017530813,0.0041125426,0.056538098,0.02435615,2.576254,0.022182673
993,0.0076311096,0.008605581,0.024687825,0.003307391,0.0029697714,2.8463643,0.023174133
994,0.046483204,0.0685703,0.018394668,0.0038367815,0.041037925,1.5298004,0.027738068
995,0.030627778,0.005741234,0.019016925,0.060942527,0.03743164,1.5805742,0.08790381
996,0.022869157,0.0045596557,0.00666279,0.0031487904,0.047004454,2.675142,0.07122448
997,0.009751628,0.0049375216,0.024539508,0.00023871414,0.060915165,2.672708,0.0019209253
998,0.00058252923,0.031000452,0.031928148,0.009679954,0.003431607,2.70668,0.0033410524
999,0.044859372,0.011367514,0.0031528012,0.019446544,0.00149506,1.4658518,0.019346805
