,g1,g2,g3,g4,g5,g6,g7,g8,g9
g1,0.0,0.32514769222033574,0.14443328509913025,0.13336692899319286,0.12286220743243144,0.16645554843333094,0.0907566762511708,0.100543905111061,0.17104165186097373
g2,0.29597279670747345,0.0,0.2929268318593431,0.08336058049566394,0.08243280207390367,0.10575701899408343,0.12576008932906094,0.12343904257174412,0.12381225206820215
g3,0.04544738422914565,0.20544115299802287,0.0,0.08345507282897306,0.09023639348286275,0.07041395757976751,0.07087237793178018,0.07126975733520241,0.061935108992985335
g4,0.05312720393777394,0.03601216171134981,0.12045240729239162,0.0,0.46785907789766873,0.07177348399721084,0.04362866983384026,0.050947906505533345,0.07477391499201144
g5,0.05488613994212243,0.044554687863131374,0.1446786845013686,0.466363259376648,0.0,0.07845040148575662,0.04664119863812769,0.05284293367176972,0.062156922913389936
g6,0.1860396040195947,0.06950086460820686,0.06686950156187377,0.07862380551588029,0.07588073766303048,0.0,0.2206138770846168,0.06817157854238888,0.2473639495717765
g7,0.07573305218638586,0.10295982313938497,0.08817486399987824,0.04264350623743353,0.03904306045044321,0.21411714990191125,0.0,0.3207425433884478,0.06278973271977313
g8,0.10426871829901979,0.12495450850299361,0.0784462012478056,0.041111852624573356,0.04902229104826178,0.0653876686706069,0.329463572541039,0.0,0.19539999463688873
g9,0.18448689076591693,0.08880174967067628,0.06269821261184219,0.07087593086299085,0.07279211757979165,0.22697437759145597,0.07176074573129035,0.21084824485574535,0.0
