1.2070218,0.10287582,0.007918944,0.011389054,0.0067296387,0.014549316,0.20368743
0.8125237,0.3059469,0.037800826,0.010017079,0.011294963,0.010520559,0.6360418
1.2386608,0.29881606,0.04530653,0.08398604,0.0058829715,0.0069223973,0.92399544
1.5517757,0.37972134,0.009638754,0.0040361267,0.030743405,0.0009273386,0.74963355
1.1248357,0.22830951,0.018421754,0.01645562,0.0041235224,0.03533823,0.42115375
1.7351421,0.17265067,0.0023883216,0.011743236,0.001657339,0.0010992291,0.7537695
1.4987545,0.13777526,0.042960096,0.0016334354,0.07024482,0.066126004,1.0024313
1.6018707,0.4256349,0.0023030718,0.007433401,0.00095119793,0.06702038,0.98278403
1.7256486,0.23769468,0.0048042755,0.00032075113,7.873526e-06,0.012099591,1.0519787
1.3067709,0.7929031,0.002587951,0.0051664887,0.029194582,0.01053322,0.8942431
1.3997746,0.79308707,0.006234166,0.007882128,0.0026554111,0.013033123,1.0270019
1.4771963,0.49373743,0.010192421,0.012106298,0.019298997,0.12924756,1.3807495
1.7872686,0.26391473,0.047646735,0.0039116107,0.040884487,0.014976881,1.5925478
1.6769484,0.8248516,0.013158354,0.014535354,0.008922563,0.020047124,1.1201316
1.7357308,0.62856454,0.04457587,0.0013689982,0.02468499,0.010052736,1.5793713
1.9132619,0.62148345,0.0051467614,0.006259272,0.042301368,0.00015865701,1.5861832
1.9749466,0.6102251,0.0009025426,0.05831854,0.00055721076,0.004908618,1.5966822
1.4627602,0.6076039,0.0008492544,0.0004353218,0.0074208546,0.10136297,2.0291615
1.7054935,0.6279789,0.02576888,0.011109641,0.013918121,0.0013441049,2.0194821
2.2670743,0.6262959,0.030553928,0.020297494,0.0070652696,0.03232946,1.5768493
1.7559156,0.20857653,0.01022223,0.02705156,0.0022334615,0.032986946,2.6163971
1.7158118,0.9039553,0.0050817225,0.0012155187,0.004292347,0.0905752,1.8489834
1.9419135,0.9674677,0.06603831,0.008680771,0.005619856,0.007510604,2.7459044
1.4461187,0.8559617,0.09281386,0.0107102515,0.033530574,0.010588219,2.1606717
1.5324316,0.90563995,0.0026591162,0.017431933,0.0068985424,0.021693531,2.2904294
2.1079214,0.8797179,0.035122376,0.0007090237,0.0016698269,0.0024703846,1.78393
1.8214347,0.972909,0.011727371,0.120475024,0.0029753903,0.00051613915,1.9129535
2.0935054,0.8744042,0.0023903763,0.0011832918,0.0035069012,0.0063514123,1.9209827
1.7177792,1.0782543,0.005781813,0.0042658625,0.0043050153,0.02905431,1.5413833
1.6871126,1.0067827,0.3644008,0.034896687,0.0102071315,0.001728177,2.100914
1.8854773,1.202856,0.0018325758,0.008426114,0.0067567015,0.009154769,2.3297322
1.915874,1.0418304,0.00030742475,0.0020156924,0.0032714035,0.00342136,1.8447579
1.7441647,1.1289098,0.006267806,0.011290746,0.010325762,0.01434211,2.1407323
2.3502827,0.9524598,0.049841616,0.003765958,0.0117278015,0.0073129614,1.8573712
1.7297398,1.8743159,0.015672699,0.0088026,0.0008077193,0.007177857,2.9955258
1.5755901,1.3505496,0.025124613,0.008764202,0.0082254475,0.016922483,1.652629
1.5718294,2.3967652,0.022380564,0.004777509,0.011313464,0.0065469067,2.4138894
1.9995062,1.094492,0.013468399,0.054367267,0.0019350089,0.005214855,1.8319831
1.7025447,1.5417383,0.003095555,0.014799274,0.0014793425,0.0003639409,1.3555104
2.4554305,0.9533394,0.03030966,0.0013547384,0.00069645554,0.017879475,2.009569
2.89481,2.301331,0.066108726,0.0067758216,0.0950955,0.028455045,1.2496845
1.4665511,2.0343165,0.096693814,0.029977959,0.007025683,0.07608082,2.438627
1.983057,2.7962246,0.005400304,0.016666107,0.005796123,0.0037602328,2.651111
1.7688072,1.5738126,0.18004368,0.0066579543,0.011850149,0.18809618,1.3454441
1.2803793,2.3085449,0.0029530714,0.15290673,0.06704631,0.015421052,1.8478081
2.0779457,2.6492543,0.1168955,0.0067182425,0.024235304,0.00074034825,1.7325666
2.4026103,1.2887932,0.005464757,0.001195201,0.04540816,0.11996519,1.2546238
2.3771653,2.3280535,0.0054297065,0.008751127,0.014893228,0.099100634,2.200942
1.5518582,2.567504,0.08898327,0.07112407,0.0014990575,0.0023367407,1.7462752
1.9917997,2.5029676,0.116825685,0.03357779,0.00261188,0.006601185,1.5137036
2.1564102,2.2124367,0.037245005,0.02041785,0.0073612244,0.005568488,2.287826
1.9259654,2.065603,0.19840783,0.065109596,0.0066376957,0.053195294,1.4042981
2.1525388,1.9051328,0.09410349,0.012748381,0.021462817,0.013041567,1.4852166
1.4166479,1.9257859,0.19768845,0.03742871,0.015873024,0.028199652,1.7867554
2.2410727,2.1525986,0.006934176,0.010046927,0.0084776785,0.0035930297,2.1427948
2.1147296,1.2162405,0.0025401155,0.001973587,0.024433553,0.06273254,1.9014708
1.9174411,1.9646453,0.0026458604,0.021177748,0.0036182995,0.007024693,2.549283
2.4204292,1.8114303,0.3352209,0.01762524,6.337696e-05,0.010910872,1.5559692
1.8068174,1.7877501,0.1899248,0.010277815,0.08868732,0.02838716,2.3463144
1.563779,1.9052109,0.017594561,0.04932423,0.066526756,0.022684015,1.7387767
1.6579975,1.7148678,0.027615437,0.010620499,0.0047343373,0.03266077,2.2943244
2.1361752,2.2580366,0.008096139,0.014754569,0.014726781,0.20262296,1.9797958
2.0040555,2.010237,0.037961796,0.0016750975,0.016875586,0.032677047,2.4992383
1.6062307,1.3938234,0.0068852035,0.05869418,0.013839032,0.014483647,2.0151906
2.6871958,2.2397366,0.05732276,0.046276193,0.03355702,0.0026275693,1.979866
2.4089596,1.5400935,0.24154413,0.01823424,0.04161503,0.034881543,1.8097138
1.8827529,1.2648923,0.04007114,0.00069035887,0.02118306,0.007880688,1.9168316
1.9681607,1.2222135,0.014025854,0.0068808817,0.0013468941,0.033232927,1.8365946
2.3554616,2.1135268,0.017066084,0.0047542104,0.0035831784,0.00470412,1.6779419
2.1963735,1.7883282,0.010044912,0.05791296,0.0069960416,0.008656304,1.4684464
2.311836,1.6073679,0.022316417,0.07735155,0.00013835024,0.006287025,2.4268332
1.6907053,1.3914255,0.092830494,0.016539179,0.03448251,0.0039997282,1.6907505
1.4797715,1.7064505,0.075036936,0.020865867,0.0338299,0.0037462793,1.6355528
2.1369557,2.0027256,0.0169407,0.00874417,0.13129629,0.0032787365,1.4806604
2.2051337,1.7728226,0.0014099925,0.0046058972,0.0036617771,0.04414912,1.534247
1.8746032,1.8676232,0.0023968944,0.057517808,0.06343617,0.0013710632,2.3388839
2.227666,1.5769056,0.023066647,0.0079504335,0.013925246,0.006712345,2.395334
2.5066326,1.7450575,0.002571906,0.0024632078,0.0664487,0.013573578,1.8412664
1.8107069,1.4926002,0.16648972,0.0408446,0.0026838055,0.027343856,2.1880271
1.7434899,1.5720805,0.0016579529,0.005949369,0.006307037,0.018992487,2.2109523
2.080562,2.019151,0.09670373,0.03269781,0.022643259,0.008038651,2.093372
2.3924234,1.7061937,0.011671398,0.0064897635,0.024577785,0.021789951,1.6833997
1.8348633,1.4238406,0.0012618985,0.038328964,0.019322738,0.026358237,2.142121
1.9521834,2.0183427,0.060369078,0.005039896,0.01615055,0.049267236,2.0110633
1.6499554,1.4891492,0.022727128,0.025173938,0.029629862,0.03888022,1.9387888
1.6158131,1.4924508,0.0014429258,0.0010759673,0.025559615,0.009939409,1.8001504
2.1103492,2.2654774,0.27128744,0.00053536426,0.034584776,0.06610697,1.8071735
2.2382665,1.9116535,0.0014426331,0.0011910014,0.007997304,0.0010014679,1.7054378
2.358674,1.7026095,0.2866742,0.03395458,0.0024664588,0.0010399257,2.0028589
1.611751,2.131995,0.32007843,0.057554524,0.0017992699,0.06319962,1.7023673
1.7605686,1.8995657,0.11676456,0.0009924788,0.014577388,0.17768776,1.744475
1.852289,1.3429451,0.15727395,0.0042542643,0.020369677,0.016859544,1.8544761
2.149568,1.9502039,0.029946174,0.0061515397,0.06825097,0.022170998,1.7897211
2.1365898,1.3858868,0.0054208604,0.019152528,0.0035447506,0.05232295,1.6648966
2.1222196,1.4829829,0.0032168897,0.023199154,0.020067578,0.061402887,1.5678337
2.1875317,1.4622179,0.03557405,0.006755138,0.001652919,0.013677319,1.694911
2.068951,1.3668494,0.009971046,0.002347581,0.0028719408,0.01327974,1.7074658
1.945228,1.4721272,0.5994784,0.02709343,0.01110731,0.0034210645,2.3516505
2.2998524,1.520131,0.0035005533,0.02379114,0.00094722764,0.0007574443,1.8741215
2.1711383,1.3276119,0.0044312053,0.0062012793,0.036639307,0.015729273,1.8737266
2.0998008,1.4187024,0.021273738,0.0017099658,0.006913927,0.079169706,1.7361646
2.0131743,1.7692366,0.0032056235,0.05870069,0.0036418457,0.005868515,2.1099608
1.7651548,1.4364158,0.005103908,0.07655834,0.014450113,0.040820435,1.7191522
2.05634,1.7949661,0.0040705362,0.005796165,0.00029143726,0.0005350697,2.0313003
2.0589068,1.4285156,0.06430965,0.0047017024,0.008301232,0.01450488,1.8323221
2.0982633,2.0830061,0.55120116,0.034829997,0.0010297317,0.0061592734,2.656306
2.0410767,1.3546674,0.02322219,0.0036161456,0.02973893,0.0002798137,1.8572485
1.7666484,1.5192463,0.05948884,0.020776892,0.0030518482,0.013412874,1.7115244
2.3033924,1.6009063,0.005510729,0.039621565,0.018283544,0.009934538,2.0053632
1.9961143,1.679207,0.05012008,0.0024264916,0.0057965354,0.004345112,1.94302
1.9417725,2.4500227,0.43796352,0.04331344,0.017499413,0.005876091,2.5433764
2.1271229,1.6862822,0.0039763306,0.099976994,0.011318016,0.0034717289,1.9258469
1.9720808,1.4673325,0.00200151,0.02393815,0.028752506,0.04743216,1.7782898
1.7541022,2.01872,0.49358958,0.05395073,0.01196037,2.487179e-05,1.647505
1.9141194,1.5130248,0.05209462,0.003055584,0.045556974,0.009188465,1.7801442
2.0470862,1.4944433,0.031171992,0.0030118925,0.0057793413,0.0908732,1.9861854
1.5113231,1.746874,0.5485132,0.004945193,0.001819507,0.00072695315,2.0450091
1.8189207,1.8627254,0.5301203,0.011257,0.01355801,0.095787376,1.8673874
2.2898328,1.9274799,0.6590441,0.0038925707,0.0010812284,0.0062787565,1.7718557
2.2433367,1.2490482,0.7382264,0.0027031435,0.011146226,0.005292005,1.6706786
1.5827537,2.5755708,0.8105435,0.0426214,0.038417984,0.03656561,1.9023463
1.9562852,2.0355482,0.84163195,0.00791964,0.05219323,0.0013140384,1.6648848
1.7144876,1.5198469,0.87604725,0.01904234,0.0069303378,0.09781788,1.8137127
1.974844,2.2324123,0.8526818,0.0012726074,0.00951025,0.019963535,1.9103836
1.7136258,1.889156,0.91920453,0.03631366,0.0839392,0.014770092,1.8837421
1.8871373,1.5185916,0.8728288,0.006107389,0.0025420808,0.11214613,2.1244512
1.8330952,2.6888964,0.98240197,0.07874725,0.00013481361,0.0049331905,2.5217874
2.2052736,2.2616563,0.93229914,0.043405708,0.001437356,0.029163856,1.8513432
1.8149451,1.7166238,1.0226918,0.0012062822,0.031526364,0.0051035937,1.8620408
1.8873366,2.0547218,1.0168607,0.0010942993,0.02294713,1.1163015e-05,2.4631095
1.7609727,2.876198,1.0765948,0.21122418,0.16965684,0.019277876,1.9342635
2.4379704,1.9950716,1.0471215,0.010424651,0.0032213822,0.00061162596,1.673959
1.8147696,1.6296237,1.1211506,0.014348531,0.006006977,0.057941537,1.663554
2.386398,2.0310328,1.0325546,0.019815834,0.008522644,0.053625967,2.77689
1.9498719,2.118816,1.2026368,0.008310403,0.004595658,0.012484858,2.939949
1.9608039,2.660528,1.0774559,0.2685304,0.236892,0.021068607,1.6636117
2.4343953,2.054999,1.1351631,1.3665401e-05,0.025284639,0.0017353861,1.7747431
1.3140265,1.9167643,1.2141827,0.039548088,0.0013509538,0.001733819,2.0466635
2.108606,2.3535054,1.2030207,0.06294426,0.014202957,0.0113759795,2.030104
1.7401031,2.1391666,1.2940053,0.001034204,0.007864699,0.008389824,2.556019
1.9744358,2.5130165,1.2598113,0.008165211,0.0009863881,0.017851407,2.044557
2.099301,2.035005,1.2110071,0.045826513,0.0039714407,0.0015643012,2.030097
2.221537,2.3049362,1.279181,0.00056551443,0.016049037,0.08993563,1.8378664
2.161037,2.3168764,1.3118399,0.033292156,0.0005319226,0.069054455,2.1298726
2.1928926,1.7179446,1.3189226,0.0014702363,0.0024510461,0.022923762,1.9036286
2.8787084,2.4447296,1.4471793,0.0012127957,0.05337326,0.013671114,1.5621772
2.2097878,2.7931213,1.3857852,0.051496156,0.026774006,0.008982639,1.4992104
2.2136722,1.6166309,1.268193,0.051332355,0.0003385172,0.03254143,2.0150108
1.5609194,2.8231087,1.4699811,0.010319705,0.007150383,0.00044069867,2.3371747
1.8863987,2.0405257,1.2749386,0.06504401,0.0012008252,0.0062737456,2.0624757
2.0234213,1.5029105,1.3845977,0.013149814,0.049912795,0.020619677,1.8377526
1.7316921,1.8518776,1.2372446,0.06773159,0.00054498005,0.033394065,2.1537902
2.2200348,1.9003991,1.5376594,0.12288809,0.18890838,0.0070257466,2.6584568
2.1721945,2.2809038,1.6417799,0.017901497,0.08183525,0.02827152,2.545756
2.3386784,2.131729,1.3739636,0.010505445,0.020056631,0.004255125,2.4144018
1.8608595,1.8499562,1.3113313,0.017604072,0.015998038,0.0032768513,2.1448143
2.9790154,2.3291779,1.4303552,0.18452658,0.10902894,0.024460003,2.0895655
2.603936,2.1424658,1.6372416,0.08525206,0.077871986,0.0013237899,2.4306147
2.334006,2.1328342,1.4007638,0.005665326,0.02107233,0.088978015,1.9692286
1.7399913,2.223552,1.3870478,0.05807082,0.0033662487,0.009044285,2.0698097
1.5693747,1.7428622,1.3365504,0.019061314,0.013558968,0.060166795,1.9687886
1.7155399,2.3325777,1.5023369,0.1469105,0.34429067,0.03884057,2.6302264
1.9000976,1.9029411,1.3652085,0.005974838,0.033243313,0.012850837,2.2196403
2.4778323,2.08938,1.592806,0.0026418632,0.01696444,0.034140825,2.298494
2.1058884,1.8474724,1.4323168,0.011392332,0.07369087,0.03268051,2.4285145
2.1501412,1.7223281,1.3797482,0.011143605,0.049521737,0.02638643,2.068808
2.0111985,2.3207936,1.596283,0.0029747593,0.076356485,0.002925586,2.2510362
1.8268207,1.5683011,1.4301964,0.0067509487,0.055558436,0.013733236,2.0689573
2.2967978,2.219417,1.5540521,0.013430063,0.03006095,0.00020055304,2.1655743
2.2471488,2.8640203,1.7597519,0.0005390702,0.00083001103,0.006277808,1.334364
1.2922018,1.6368005,1.5400777,0.0048830635,0.029030439,0.002123874,2.2168434
2.2585108,1.6491679,1.3779842,0.03345323,0.0037229962,0.0027091291,1.964301
1.8198463,1.2913058,1.5168792,0.011455454,0.0012317136,0.0075369743,2.3959744
2.0833063,1.6375732,1.4959137,0.0027750805,0.00703351,0.10296048,1.9208633
1.8979625,1.7299101,1.3391712,0.34019655,0.22627991,0.032974754,2.2909713
1.8885852,1.774089,1.5059819,0.001059129,0.027421046,0.012480458,1.7595618
1.2177832,2.297415,1.7892501,0.011728545,0.010218611,0.0030784889,2.1524928
2.12349,2.0782769,1.6117358,0.030646406,0.09796479,0.0216322,1.4290897
2.063089,1.6493729,1.5494076,0.07630173,0.003773909,0.032531146,1.4449501
2.0932372,2.278863,1.6557126,0.067301415,0.017761426,0.021141483,2.0092752
1.7500175,1.3226016,1.858072,0.009784804,0.0017562333,0.052312106,1.8181161
1.9494869,1.4363364,1.789091,0.08548312,0.041657016,0.00028491998,2.542022
1.9147595,1.6152643,1.6107614,0.0029512409,0.04530813,0.06768898,1.5433432
1.6100829,1.9912893,1.5864756,0.10334959,0.0052227257,0.20723718,2.136505
2.3753092,1.9230663,2.1632152,0.00889506,0.0051717935,0.03133632,2.6518338
1.7800844,1.8554229,1.8667723,0.04975695,0.0062243277,0.016619489,2.2914495
1.6712437,1.981355,1.6379428,0.0032423106,0.025581354,0.031623494,1.8407289
2.4839237,2.2144022,2.0018556,0.0010527757,0.0069454294,0.007929146,2.1319244
1.5695868,1.3902621,1.8135065,0.020216906,0.034179024,0.0072229533,1.535633
1.8289665,1.5620278,1.8113616,0.10708837,0.017226337,0.011393475,1.8561918
1.658492,2.4034655,1.7113727,0.32114252,0.24621323,0.0020299205,2.3701513
1.8953846,1.5219438,2.0526495,0.0121249985,0.08131838,0.00059416535,2.042763
2.2060056,2.1717644,1.6961836,0.019154182,0.008019265,0.0056078997,1.9696611
1.4146104,2.2150073,2.2051435,0.005799133,0.017727628,0.0067038327,2.3825493
1.6529846,1.6961066,2.3229394,0.10670561,0.02315277,0.1873457,2.4215648
2.178519,1.8246828,1.8139976,0.0068722344,0.0028569326,0.0123611875,1.7510071
1.9229419,1.3558906,1.8835567,0.006312899,0.0129425125,0.0014291911,1.687455
1.9629039,2.092831,1.6862017,0.0058524795,0.13161583,0.017508509,1.458498
2.062921,1.5615709,1.9776717,0.04374575,0.019568289,0.010657033,1.6531217
2.0506926,1.5648162,2.066023,0.0023492181,0.0015683573,0.10398603,1.9224541
1.9801217,1.6602064,2.3034768,0.00011435521,0.0046499963,0.0011794693,1.5446243
2.0670488,1.6611543,1.7833747,0.020323414,0.03403606,0.00973657,1.7344964
2.6776624,1.8674122,2.0496244,0.18016016,0.12900423,0.0045609055,1.9108349
1.5356241,1.9939542,2.1639862,0.018707272,0.09189015,0.008050453,2.2689266
2.1703155,2.0375853,2.0172753,0.0018905231,0.049326114,0.0065397033,1.8708231
1.8994148,1.8965371,1.7346039,0.19663362,0.028724771,0.015757253,1.8001554
2.1490405,1.8142345,2.031478,0.044004735,0.10978318,0.0054468014,1.9826804
2.2004178,1.8684931,2.147673,0.05274375,0.03848374,0.0008825317,2.011433
1.8860918,1.7349979,1.957771,0.1684164,0.14143284,0.0033158134,1.4271885
1.7744384,2.1311386,1.6456866,0.25303218,0.31426203,0.000545972,1.9852988
1.8908132,2.3230002,1.7742054,0.2506286,0.37375233,0.02904193,2.0329652
1.700369,2.4218857,2.5240614,0.087067656,0.01958934,0.0058388268,1.7274936
2.2755787,2.2271285,1.6395265,0.40641263,0.36221895,0.0740032,1.9685496
1.7537671,1.8693376,2.321295,0.3384892,0.2204143,0.018599698,2.2440178
2.1238225,2.1824582,1.9890015,0.31860894,0.2924725,0.08362097,1.5072699
1.4625589,1.803177,1.6860934,0.5638266,0.5196319,0.033154316,2.3336368
2.0165658,2.7277725,2.4740202,0.23911384,0.20420158,0.007342328,2.1788867
1.7155374,2.2971733,2.4823706,0.11862218,0.26501578,0.02483291,1.119137
1.5343126,1.4743519,1.490746,0.5428773,0.5565134,0.0016930357,1.9513481
1.7806076,1.9804809,2.4809382,0.3865621,0.41355237,0.035037804,1.8261219
2.0527787,2.2978816,1.9557877,0.47725907,0.4349938,0.010004341,1.8907214
2.092623,1.5416142,2.8233004,0.59885913,0.48623765,0.0015871829,2.3961332
2.1695216,2.330456,2.2861524,0.4659927,0.44933072,0.014754549,1.9752473
1.9326761,2.1180801,2.4273033,0.518217,0.65795374,0.017342854,1.7544962
2.041044,2.0578153,1.9756824,0.459908,0.6717907,0.04873356,1.8243383
1.9004662,1.4645102,2.7959943,0.53809786,0.6793767,0.020147678,1.5600119
1.615881,1.7310019,2.302726,0.75485265,0.663794,0.0036368473,2.3046548
1.7586913,2.5881746,2.3534613,0.66972125,0.80656457,0.022006216,2.3577194
1.9209895,2.5787566,1.5826256,0.89610916,0.68093866,0.036157127,1.7435224
2.041778,2.470747,2.0955842,0.83342654,0.9028103,0.021089694,2.715829
1.5970466,2.2260861,2.0872722,0.71862125,0.74482,0.0013372111,1.5544437
2.076809,2.448185,2.1245532,0.97973,0.6913253,0.011380059,1.5813462
2.3641396,1.6770579,1.7799689,1.0141091,0.5392793,0.0144066205,1.9860568
2.6136172,1.4663105,1.2366035,0.90337265,0.7922992,0.029363379,2.1715813
2.0932407,1.9585015,1.4537365,1.032852,0.8002633,0.016823431,2.2896023
2.2617524,2.2077124,1.9551984,0.9500426,0.96039003,0.029673379,1.9893247
2.0778039,1.7147208,2.3416085,1.1590023,0.7473606,0.0076713236,1.910208
2.0414665,1.4986442,1.9243712,0.80829346,0.9697092,0.0115103135,1.9262681
1.7317008,2.671465,1.7796859,0.936987,1.0786976,0.030769698,2.321189
2.5977437,2.117434,1.9651194,0.96076286,0.956119,0.0023195478,1.8966372
2.2560081,1.7439663,2.0645914,0.83994585,1.0977994,0.057758626,2.3775542
2.0454195,1.7785239,2.0600147,1.3076097,0.7772826,0.047040857,2.5079532
1.9422735,2.1000226,2.1187248,0.68693393,1.29047,0.0063552656,2.0279415
1.4490579,1.5667162,1.7213972,0.96462816,0.9430143,0.14746138,2.6100674
1.6176258,1.1995798,2.1408167,0.62647957,0.9595381,0.01759959,1.478864
1.8323948,1.7419925,1.6948651,1.284769,0.85922885,0.025330007,2.002269
2.2693884,1.6579765,1.6473922,1.0054911,1.1388315,0.0075148353,1.8078921
2.2192578,1.7627983,2.1592526,1.2267865,0.9790145,0.010290652,1.5556083
2.1503801,2.4958086,1.8821614,1.2489482,1.3812894,0.0066666096,1.8913227
1.9127126,1.9033941,1.622168,1.2069788,1.1331505,0.00014397554,1.8167672
2.3255103,1.9468461,1.6417043,1.507416,1.0759187,0.015492201,1.7251054
2.45752,1.9878471,1.7987806,1.4284035,1.3605353,0.0051513705,2.1293378
1.9141217,1.6867433,1.6035303,0.9925198,1.288686,0.031115951,1.749886
2.3927536,2.0001512,2.353092,1.2537731,1.4468231,0.0060246824,2.7574072
2.381884,2.5279355,1.6230005,1.4338883,1.369624,0.107121706,1.3338617
2.1362202,2.038277,1.9909247,1.5625378,1.347686,0.00021512623,2.7345722
3.024823,2.5467854,2.1515,1.5033495,1.3887762,0.0013114441,2.019621
2.30357,1.8527069,1.920246,1.52933,1.4059044,0.028113486,2.131571
2.555691,2.0309024,1.9915315,1.4813159,1.3050163,0.0025251664,1.717074
1.9999199,1.696615,2.133088,1.5112854,1.3401375,0.12730023,2.5303135
2.2449217,1.4856136,2.0233786,1.7696792,1.1168158,0.01912879,2.4407806
1.9501226,1.2656887,1.7236444,1.4627665,1.3581537,0.00012437622,2.1568084
1.8804709,1.9030929,2.012248,1.5057817,1.3920369,0.037777554,2.1622539
2.0586665,1.9085618,1.9026636,1.6070634,1.4011914,0.024696955,2.0924509
2.3091838,2.6300604,1.9922204,1.6690909,2.012793,0.06612145,2.2311277
1.8114394,1.9792902,2.2682765,1.4843183,1.5831542,0.01849606,2.3985307
2.2260807,2.109269,1.9498562,2.0925362,1.4928852,0.023142593,2.3121097
2.2768986,2.387987,2.7323775,1.5520523,2.1068587,0.08489161,2.2784028
2.0079777,2.0266323,2.0347505,1.3484381,1.5678334,0.05459224,1.7664496
1.930697,2.4020514,1.5289317,1.7314011,1.4338299,0.0042490633,1.9655931
2.0864224,2.4932888,1.990479,1.5839263,2.3741696,0.059272777,1.9737486
2.3189197,2.0014827,1.5935274,1.8066978,1.9906031,0.107577115,2.240555
2.3314161,2.038722,1.5858916,1.9696134,1.9997461,0.0037414287,2.6479588
1.718632,1.8281008,2.1133392,1.4867834,1.1815332,0.013346581,1.690047
2.4571598,1.8097533,2.2178903,2.2696793,1.9197263,0.0024374772,2.1135032
1.8575262,1.9259679,2.1998978,1.9835862,1.5734373,0.049344968,2.5463626
2.0475352,2.3548014,2.5322435,1.1583109,1.9544295,0.025238119,1.8837752
1.7144611,1.5698316,1.6953722,1.0122417,1.3132374,0.27972424,1.7250197
2.1058664,2.0266747,2.0084555,1.5997492,1.7057171,0.028602717,1.7097129
2.3109965,1.9550341,1.6984242,1.4705653,2.4293866,9.198312e-05,1.9798936
1.7230769,2.3908637,2.3562548,1.6467074,1.4405336,0.0038830007,2.0301669
1.6945578,1.9838927,2.1709213,1.1694354,1.5773433,0.00018741844,2.0640934
2.2129693,1.5537184,1.7288245,1.8761429,2.0016325,0.020360814,2.2231524
2.0468094,1.672169,1.9881146,1.7457374,1.5513473,0.006373923,2.103268
1.9831108,2.5908751,1.8419521,1.9534135,1.2551883,0.05820161,1.6205255
1.7449172,1.8134946,1.9829652,1.7075144,1.8692741,0.009474778,2.3661969
2.4918659,1.6722698,1.5347474,2.1852694,2.3459876,0.024238164,1.5095049
1.8269724,1.7985622,2.1295662,1.8342167,1.4462781,0.0077189603,2.101251
1.7237291,1.5800633,1.7996255,1.8192565,2.3124642,0.016609509,2.377172
2.2378986,1.7670462,1.5492597,1.8736498,1.7454522,0.044105146,1.3311322
1.8907589,1.7484887,2.038261,1.8986332,2.0211356,0.0075103985,1.8570591
1.816039,1.9705061,1.921074,1.8672732,1.7757258,0.0011161952,1.9324527
1.9630395,2.085921,1.4046801,2.2617471,1.7409714,0.0017108693,1.5787172
1.7745957,1.8919742,2.1046345,2.1330042,2.4050596,0.30864105,1.8866037
1.7439232,1.3424951,2.0745978,2.4651413,2.3104892,0.1573588,2.1553993
1.8926897,2.0003653,1.7527137,2.188925,1.4119653,0.009940433,2.0448432
1.8945932,1.9366746,1.7448102,1.7700573,1.356865,0.033023298,1.629235
2.006108,1.5981249,1.5000529,1.4984373,1.90106,0.0005340023,1.6558048
1.9093992,1.5206524,1.7859524,1.5417353,1.601744,0.15275861,1.4823492
1.9724382,1.272431,1.9756204,1.5751163,1.5802203,0.039077606,1.9201165
1.4270111,1.8766581,2.003934,2.0711274,2.213979,0.015633797,2.3708792
1.8840135,2.1500027,1.7805461,1.3938311,2.202199,0.07581371,1.4262705
1.6975778,1.9806119,1.8280036,1.51062,1.8470461,0.049434245,2.1622581
1.604644,1.7860231,1.8334625,1.6520602,1.3741245,0.0035987797,1.9175206
1.5749744,1.8253518,2.5549116,2.0506017,1.9188539,0.0074192993,2.01059
1.5553083,1.6877558,1.84938,2.3475275,1.9222778,0.013193431,1.6676569
1.7997189,1.8423193,2.460624,1.6619275,1.2349675,0.0048559117,1.3956413
1.4149822,1.7338703,2.2287188,1.7881426,2.56255,0.019308764,2.4586723
1.824882,1.7690629,2.187242,2.1562004,1.5505552,0.07519176,1.3357317
1.6882746,1.5287036,1.8565632,1.5209126,1.4028623,0.029480992,1.3883071
1.5063978,1.401323,1.750921,1.700935,1.9190403,0.009821865,1.8272178
1.5487827,1.6247586,1.3879925,1.8249228,1.5864753,0.027979903,1.9852902
1.7412847,1.9421933,2.1883,1.5243723,1.3533051,0.020776087,1.4476703
1.493255,1.6995653,1.828084,1.764846,1.7690902,0.06245137,1.8053349
1.493313,1.7220646,2.6112425,1.4645113,1.8222643,0.11929608,2.011202
1.167186,2.0176036,2.037655,1.9485123,2.0574465,0.22637177,1.9823127
2.0112717,1.8733693,2.3476353,1.9160721,1.4280759,0.38278127,1.0799583
1.3122648,1.9939283,1.9042691,1.641158,1.680821,0.034508526,1.9296271
1.1530627,2.1336832,1.5828261,1.8541421,1.5987222,0.026866257,2.048722
1.4191753,1.946008,2.1815464,1.899996,1.4967142,0.33829227,1.7538816
1.5357686,1.7268016,1.5580528,1.511473,1.2871743,0.32746282,1.3725226
1.6961341,1.8181998,1.4143256,1.8194538,1.6501356,0.74332553,1.19823
1.292147,1.8218243,1.9704336,0.5671523,1.5073171,0.00010662733,1.5800966
1.5719476,1.9858971,1.3264257,1.5045383,1.3258334,0.6988037,1.7112862
1.0226091,1.9032078,1.9702471,1.7580285,1.773953,0.05246882,1.6170691
1.6355777,1.8091474,2.0204008,1.5572971,1.1418015,0.5857918,1.4378716
1.3623847,1.8875653,1.8977109,1.2100085,1.9990499,0.4624331,1.7546135
1.1924915,0.55782115,2.2784731,1.0776238,1.2698338,0.33837375,1.2037479
1.0214833,1.5907689,2.3064725,1.1702452,1.9450771,0.25380412,1.7099422
1.0230719,1.4093381,2.5788374,1.0466679,1.8877294,0.2540409,1.989797
1.2712461,2.2098808,1.6895072,1.5720782,1.5589895,0.6018373,1.5319111
1.1212981,2.2299716,2.2603934,1.0195453,1.7926496,0.036849845,1.6643343
1.0295509,2.3206215,1.6460034,1.1469862,1.8397708,0.14701009,1.3213702
1.4945662,2.382648,1.8498857,2.2851424,0.71134126,1.1038837,1.5766331
1.1085508,2.1209419,2.0769699,0.6297274,1.38587,0.37463787,1.6864818
1.1271108,1.522158,2.1408174,1.5518577,0.7630964,0.71404356,1.7758114
0.9595827,1.9453467,2.0499125,1.4203831,1.924812,1.0529033,1.1778708
0.9302461,1.9931232,1.6676449,1.8080436,1.2175087,0.6745595,1.2784561
0.8569923,2.008761,1.7380323,1.1302985,1.5392249,0.3909889,1.3061477
1.3537704,2.218406,1.4544547,1.7369381,0.9583267,0.86094445,1.1342727
0.73260653,1.9781159,2.3974192,1.057314,1.3865324,0.46878606,1.4598633
0.9874504,1.8199099,1.5124668,1.4531496,1.0602753,0.75189215,1.290875
0.91637737,2.174853,1.4104129,0.872636,1.3007338,0.6945213,1.2683
0.79009974,1.7698275,2.1753638,0.64260226,1.1651415,0.46229616,1.5999418
0.5585889,1.9594035,1.9836587,1.0187031,2.071163,0.09766695,1.4710464
0.46490735,1.8160036,1.8769315,1.1076344,0.89154804,0.47759575,1.5604835
0.49861407,2.352409,1.5223024,0.8641207,1.0410731,0.8568593,1.4430894
0.9341962,2.0813532,2.131061,1.483427,1.0707169,0.7888737,0.819287
0.6152474,2.1533594,1.5458851,0.6019142,1.1449591,0.51695716,1.6163666
0.45965707,2.542738,2.2134151,0.9980529,2.1859195,0.16011888,1.4260908
0.7311662,1.6839429,2.1603975,1.4077408,0.857002,0.8012692,1.1529082
0.587226,1.8643925,1.5315566,0.41973695,1.2875814,1.0372152,1.0383744
0.43665367,1.469879,1.5999253,0.80691797,1.4564912,0.13427883,1.5445471
1.3585094,2.0538766,2.2998075,1.8145902,0.7091867,0.90590775,0.4947358
0.6600394,2.239001,2.1378636,2.0671303,1.2891625,1.1778138,0.89150906
0.23594265,1.9844829,2.1251779,0.35219598,1.3741093,0.5348694,0.9654298
0.18020943,2.0247037,2.054511,0.3141172,0.9621727,1.0619661,1.1768982
1.1659406,2.18779,2.4135525,1.7900915,0.9574588,1.2199093,0.54782397
0.74861014,1.1864359,1.5892094,0.72723335,1.6313616,0.41841283,2.197635
0.20099469,1.7445053,1.9877781,0.48315236,0.91968024,0.7267244,1.3969368
0.8383757,1.84262,2.0439332,1.8322605,0.90370905,1.0314127,1.0361
0.1557791,1.7913752,2.1288111,0.15209906,1.0304621,1.1510732,0.87721467
0.15335427,2.071927,2.3027349,0.4682636,0.74831516,0.88125044,0.95215464
0.5641393,1.5968037,2.1150599,1.6913599,1.1323763,1.0045046,0.9064102
0.70644385,2.1678808,1.9773617,0.50664204,1.8591293,0.022168722,2.0749538
1.0680308,1.6567324,1.5877997,1.4351071,1.0924585,1.5252875,0.66129893
0.5334243,1.4939137,2.113268,1.5847441,0.7607966,0.91803163,1.0315636
0.16995145,1.9217364,1.6867073,0.54902893,1.775921,0.58443916,1.6307589
0.028319683,1.6500082,1.7094486,0.24571227,0.7229595,1.278017,0.81321317
0.22127937,2.25576,2.4556952,0.39225417,1.5791637,0.08110332,1.6526912
0.8585208,1.7103183,2.518647,1.3942468,0.46597096,0.9391676,0.60433185
0.591237,1.8025426,2.1817021,1.6850138,0.6083424,1.0701127,0.68187684
0.51560444,2.1679657,2.3114629,0.35746738,1.7755724,0.17177805,2.365889
0.29031998,1.6700618,2.4330907,0.0461921,1.3082939,0.3616825,1.6051362
0.18114375,1.7775743,1.8392768,0.22254199,1.8119174,0.25882813,1.4575033
0.22983097,2.37605,2.0731077,0.92860603,0.27469593,1.2936689,0.6173466
0.5436906,1.6601142,2.9578538,1.2848016,0.94129646,1.5144706,0.692577
0.25724855,2.0364583,2.1299727,0.34972885,1.9668884,0.04603853,1.7692428
0.20201057,2.1192732,1.9764261,0.046755534,1.4764837,0.015942274,1.8771073
0.033840597,2.212277,2.3884294,0.04517164,1.9594538,0.20866688,1.6716118
0.24206273,2.0067809,1.858373,0.4208653,1.9000168,0.0062925224,2.1578164
0.7249275,1.9239734,1.8023854,1.4908955,0.5078543,1.5166664,0.70430446
0.46268448,2.1295066,2.1424472,0.21507591,2.6937852,0.09284868,1.943982
0.025909884,2.3477964,1.4812232,0.13877633,1.625151,0.0025582872,2.1741242
0.051050942,2.9674442,1.6985253,0.03427397,1.782433,0.14083181,2.237089
0.10907649,2.1682873,2.2419767,0.22497758,1.5803946,0.0015163666,1.9685155
0.016628582,2.3036516,1.5566972,0.111334935,2.3319213,0.11101676,1.7963455
0.054668564,2.2962267,1.9358027,0.04476572,2.4876692,0.02383454,1.8692825
0.012809308,2.5322278,1.4451149,0.08529979,2.432914,0.12025136,1.8543429
0.15133406,1.7402118,1.8228054,0.10282894,1.6889493,0.025863666,1.7821052
0.09945853,1.70507,1.3760915,0.16973513,1.4936717,0.0641723,1.6691881
0.47161207,2.0609002,1.8302453,0.28186074,2.3758364,0.014980009,2.314535
0.28193328,1.0495822,1.8142918,1.0181642,0.97668874,1.2881281,0.698655
0.7049405,1.7845421,2.0587952,1.5527282,0.72678745,1.794265,0.535637
0.009174953,1.7927327,2.2445254,0.056515705,2.0242467,0.0016618213,1.633919
0.076325424,1.5977565,1.4674402,0.28962585,1.9154478,0.011056833,1.6065502
0.13524762,1.7859037,2.3192058,0.16710413,1.5704005,0.1397232,2.2492065
0.04929214,1.8966287,1.9094563,0.11208071,2.4032848,0.004062009,2.2558277
0.4297261,1.7683208,2.43515,2.2088149,0.7734713,1.4177998,0.31442952
0.039622385,1.7500697,2.0023391,0.055939775,2.3738873,0.0023677086,2.5420406
0.124246605,2.073396,1.6554768,0.8945611,0.16874911,1.7442265,0.39940715
0.40103278,1.132332,2.1422255,1.8470982,0.80992043,1.1954406,0.5255154
0.0252967,1.5979676,1.7044184,0.07285972,1.9063329,0.09430933,2.1845593
0.11983497,1.6435872,1.5304208,0.0084230555,1.8226372,0.0034419314,2.169687
0.12714675,1.8773563,2.0403259,0.10440087,1.7578089,0.012550089,2.798118
0.61675066,0.52929366,1.8508265,1.5025232,0.9710071,1.1707261,0.91151655
0.3945432,2.3366873,1.8215979,1.362915,0.105107635,1.8647637,0.8264303
0.5234306,1.1649594,1.8033267,0.42783904,2.2028744,0.23494305,1.651498
0.24497974,2.6757395,1.8331211,0.9107851,0.38744467,2.2454252,0.3993006
0.64030635,1.5669733,1.5856842,1.5830513,0.23749919,1.6247315,0.40368053
0.1076875,1.4305968,2.5402088,0.007335952,1.8804588,0.013908337,2.1883502
0.2160355,1.6051884,1.3384364,0.10247607,2.5322096,0.056963094,2.0004764
0.35899195,2.0957608,1.7857323,1.1856362,0.11768861,1.7630264,0.17733073
0.3585008,2.2453952,1.5691137,1.6238316,0.33076763,2.0840201,0.25228047
0.14684245,2.5536845,2.1190314,2.3149307,0.03097445,1.8137383,0.14528714
0.25274247,2.1182482,2.1578534,1.8840882,0.19836691,2.2194564,0.14528115
0.39103943,1.5665559,1.8730683,2.6343117,0.31494063,1.5392658,0.5154463
0.054751687,1.4942923,2.033092,1.3595662,0.048791636,1.4076362,0.15363131
0.5025728,1.8208528,2.0025432,2.136952,0.12788238,2.2399285,0.27350277
0.5440057,1.3180983,1.8509256,2.3878207,0.5317624,1.4899075,0.32402578
0.1815258,1.9929684,2.0112717,2.265269,0.24143757,1.7072073,0.106167406
0.14355525,1.1711073,2.2057087,0.091523066,1.3746895,0.058164243,1.9593832
0.17256315,1.799925,1.6128845,2.430983,0.17418763,1.7579713,0.13112547
0.013015415,1.7399579,2.1245334,2.0897102,0.03114496,1.654012,0.13205151
0.28694767,1.3807323,2.1527658,1.7956885,0.65298724,2.5109982,0.6744672
0.022853918,2.0492706,1.4620014,2.8669732,0.10602871,1.8963856,0.02414914
0.06429221,1.9896544,2.1733742,2.3093832,0.030985337,2.103078,0.051064845
0.0014040113,1.201712,1.8845176,0.010177995,1.7212667,0.07970288,1.609113
0.020287083,1.8572654,1.9176711,1.906073,0.042157743,2.2264168,0.06816092
0.0838918,1.7725483,2.1849096,2.2281065,0.088919796,1.8850307,0.08321173
0.03740064,2.015736,2.1854186,2.4481072,0.01939734,2.1428237,0.014056918
0.016108181,1.5933343,1.4955841,1.9164801,0.00937735,2.0149424,0.011995846
0.023410605,1.144136,1.9578094,0.049260482,1.8374733,0.013506615,2.0851676
0.14194651,1.3343625,2.1308553,1.9886589,0.1875409,1.4799948,0.15628184
0.01087286,1.361176,1.5512744,1.833523,0.0029581755,2.332896,0.0010983647
0.06953314,1.0728515,1.7713197,0.015185324,2.1191874,0.0645502,1.9935828
0.09300673,1.2228003,2.5603986,1.5106812,0.08130217,1.7418593,0.03614346
0.18116859,0.9878737,1.7063345,1.8474754,0.04230902,1.7698176,0.02521732
0.03124002,1.2607125,1.3032322,2.599471,0.0038572757,1.8453256,0.009464419
0.042259537,1.0425361,2.8815496,1.6744845,0.19794218,1.9712915,0.08239416
0.6114337,0.28409207,1.9084438,1.7810004,1.1808132,1.3077592,0.42647505
0.0052292743,0.8948314,2.2299898,0.0042447913,1.6050463,0.004051553,1.9940237
0.09682366,0.89649194,2.4149094,1.8797014,0.010772368,1.7982364,0.028735869
0.06834266,0.8370874,1.7491353,1.5994675,0.27699125,1.4857395,0.0750138
0.33371246,0.82328624,1.6334549,0.15139998,2.0884783,0.017993394,1.8917693
0.006307997,0.9264835,1.9133859,0.017978268,2.3481002,0.007815193,1.983568
0.03564472,0.8504531,2.3845623,0.009724748,1.9464593,0.0043832045,1.664573
0.034906607,0.95550466,1.5658761,0.0064278147,2.1292253,0.06308506,2.4233334
0.010477103,0.81931263,2.0902534,1.7926601,0.016673308,2.2057028,0.03902559
0.011639336,0.81646657,2.5380092,1.2237972,0.029936252,1.6233807,0.0064089885
0.05625889,0.66859466,2.2751913,1.815546,0.031989623,1.6836063,0.053205933
0.33394602,0.37577713,2.254109,2.2760365,0.48376873,1.3570685,0.24417472
0.07867661,0.6632939,2.4576192,1.7706678,0.002760038,2.340661,0.04903663
0.0936108,0.6224472,2.5311396,2.0897148,0.092493296,1.8119133,0.12399756
0.015364349,0.624025,2.0200503,1.6875215,0.0010700389,2.1987004,0.12611993
0.007962425,0.5058753,2.025464,1.7953013,0.103831284,1.7631967,0.00049379544
0.0017688709,0.46687794,2.343407,1.8579967,0.055902366,1.7741213,0.021690488
0.009006379,0.51639557,2.3202143,1.5445923,0.0017863452,2.5021107,0.025254508
0.0983653,0.24958299,2.5345225,1.460374,0.016975973,2.3357096,0.083844155
0.16394001,0.013241267,1.9227006,0.9314414,0.42655733,2.0280545,0.5086689
0.0012081192,0.45429465,2.139104,2.300728,0.0013425617,1.3092302,0.009351202
0.0030271802,0.5421209,2.3705924,2.2662609,0.0101405205,2.383991,0.011902923
0.17089994,0.47801363,2.2632992,0.15101746,2.123962,0.0043709376,2.3137546
0.008619472,0.169775,2.133444,1.8595386,0.018621212,2.2824574,0.026359038
0.090807,0.7091596,1.4688479,0.021459611,1.7260896,0.0019672047,2.211987
0.0015389782,0.2274783,2.1310482,1.8808964,0.015242761,2.1762443,0.004786857
0.21676268,0.0122353425,2.6205678,2.8014688,0.44799417,1.8820562,0.24039458
0.01419864,0.058456425,1.9727812,1.2175072,0.02714526,2.1390684,0.015366653
0.010763378,0.6156461,1.832057,0.05433468,2.2038596,0.035665523,1.5633358
0.08401054,0.2773083,1.7384388,1.309537,0.0045525637,1.8985693,0.001364866
0.024509702,0.008085764,2.1836982,1.8123097,0.024902089,1.9073001,0.017789789
0.000726727,0.018007785,2.1050036,1.8848511,0.027669152,2.311682,0.027825499
0.009724923,0.0012358517,1.9398332,1.6664929,0.045121647,1.3391348,0.0069109197
0.14966701,0.59577674,1.8392667,0.067561135,1.572574,0.020975279,3.0782664
0.017079586,0.040355112,1.9952692,1.6789261,0.036749043,1.9879442,0.02039432
0.004496235,0.41343525,2.0912173,0.008448041,1.2422305,0.054916814,1.8712289
0.26927966,0.12719718,1.6347698,1.3411705,0.3191713,1.5916946,0.5042619
0.4826806,0.055067826,2.02787,0.26362318,1.5266969,0.037019573,2.1091626
0.022662593,0.29269895,2.2120728,0.007102343,1.8725525,0.032391272,1.7155443
0.0050049433,0.2916331,2.1534412,0.21642493,1.9470357,0.012296973,1.4806575
0.041517645,0.06463319,1.8653173,1.8492985,0.048915252,1.7436426,0.0049350783
0.11706867,0.3256037,1.9501737,0.11650715,2.0337346,0.0041060606,1.9256641
0.0011562168,0.3033511,1.7476305,0.00234266,1.7421654,0.02199158,1.7348013
0.010434805,0.16217653,1.9116523,2.259713,0.01759814,2.0228248,0.055913012
0.0039645415,0.0614128,1.732038,1.7217982,0.0021699585,2.3986797,0.0037475578
0.026596516,0.23208414,2.0466497,0.005325867,2.729849,0.0043633007,2.393803
0.010138541,0.005112747,1.78268,1.7564883,0.00679055,2.2079384,0.01192401
0.012550915,0.10726793,2.6085935,0.005388802,2.5668318,0.022452474,1.8173493
0.0061189802,0.040132694,1.8086525,1.9589663,0.01815569,2.1650767,0.042855434
0.0004707707,0.2291567,1.7068696,0.047952626,1.6402841,0.0022744488,1.6459581
0.0047289133,0.122042015,2.2198253,0.31413355,1.7665982,0.023763657,1.7590822
0.064207375,0.23254266,1.9050804,0.09626011,2.1077335,0.026821349,1.9279721
0.030526144,0.077984154,2.128801,0.091354266,2.1171553,0.01733048,2.0322955
0.00076151354,0.052202187,1.8880417,1.8327614,0.0020767953,1.3589655,0.015035641
0.03025606,0.001590905,2.072052,0.0018199903,1.8505871,0.012931936,1.6716111
0.004567448,0.004002992,2.3646276,0.002595425,2.0900414,0.084505916,2.4339662
0.08513268,0.010107621,2.0897508,0.016521432,1.8669772,0.010659046,2.0791705
0.0033902433,0.0393496,2.2186902,0.010741608,1.8594187,0.045127716,2.3887925
0.0017498313,0.013178449,2.119747,0.015940204,1.4942203,0.03107789,2.0058994
0.0042325705,0.11141665,2.005766,0.035208408,2.3450909,0.01433743,1.8141869
0.2979323,0.026907116,1.7969964,0.04732166,1.746003,0.026289003,1.6141865
0.025352882,0.044565648,1.9576889,0.064288065,2.1518831,0.020101562,1.993494
0.117650345,0.0489054,1.9967057,2.3747437,0.14896601,1.831454,0.11619041
0.01811551,0.1684962,1.8724996,0.020497706,2.0488315,0.006153078,1.6542071
0.010213335,0.0068433047,1.8783015,2.1030514,0.016033044,1.8018888,0.051653113
0.028905513,0.008223197,1.9670615,0.1035539,1.9622223,0.0040254043,1.5909547
0.0105634965,0.002314643,1.6351668,2.0852714,0.00026281367,2.5736632,0.008916593
0.21007694,0.20127055,1.7654405,2.4709256,0.18412869,1.6658419,0.30327362
0.0035479907,0.34120294,1.6313102,0.109820314,2.012109,0.0028074922,2.1692395
0.0016665843,0.018213244,1.8291161,0.02650101,2.4730275,0.007292255,1.6270622
0.0069636228,0.0034703887,1.6970406,0.0013229287,1.6917574,0.009899932,1.8396573
0.10761309,0.26313075,1.5637883,0.1895577,1.6854419,0.22889747,1.866355
0.0144543,0.063945845,1.643036,0.031469584,1.7520999,0.21422927,1.6465622
0.006287287,0.005969283,1.6320722,0.008416796,1.4681293,0.0052419505,2.0857253
0.01807901,0.16854213,1.599545,0.005510609,2.1354303,0.0003739203,1.9890014
0.0036115334,0.117362365,1.6304948,0.044378,2.2561092,0.0072725653,1.9584751
0.035012852,0.011357889,1.5280476,0.001733157,1.6496662,0.05292149,2.0332818
0.016531035,0.079771645,1.3972976,1.7145452,0.021427775,1.9067591,0.0037430944
0.004014892,0.020470122,1.667528,2.3793702,0.050769806,1.8560461,0.03108683
0.01683155,0.044427417,1.5394028,0.025223292,1.9516104,0.028236961,1.4950176
0.07275662,0.10712319,1.5882933,2.2714882,0.051013324,1.9148638,0.0003008721
0.0068837153,0.32529876,1.3084352,1.9153221,0.08364691,2.2063084,0.064476155
0.009272098,0.048682693,1.4392173,1.869689,0.0016287426,1.635806,0.015865143
0.03425431,0.0038668988,1.4161308,1.8731052,0.046059858,1.7227795,0.09512348
0.108464934,0.010176275,1.4161488,0.0013335429,1.4780989,0.015055304,1.8240995
0.0076359776,0.03600809,1.345134,1.9933357,0.030909454,1.8025049,0.011478414
0.18787567,0.5984129,1.2559923,0.01567683,2.6123233,0.0024665243,2.3111072
0.043422565,0.42321146,1.3190633,0.09991357,1.7350157,0.011317836,2.474181
0.048426285,0.08270723,1.24218,2.1944525,0.08189784,1.9516621,0.047274854
0.02565294,0.0026654669,1.2865595,0.16024259,2.8848116,0.005018148,1.4173859
0.121464856,0.024013707,1.3080428,2.3451812,0.058168784,1.5811098,0.07379591
0.020027744,0.0014608973,1.2186068,0.008100309,2.0521545,0.036691666,1.697069
0.17802759,0.03201639,1.2910534,2.3633833,0.02638057,2.4151163,0.018709248
0.0026165152,0.053415053,1.1746101,0.020431865,1.961966,0.03821594,1.8594385
0.0015617221,0.03131507,1.1677077,0.004567778,2.1334755,0.002244312,1.8575687
0.08398209,0.026074372,1.1630201,0.025542587,1.9971071,0.088601194,2.0833263
0.02078348,0.06302598,1.139223,0.052282885,2.1534586,0.033858135,2.0805035
0.008973409,0.15085657,1.0355936,0.035231166,1.8430427,0.02203933,2.4685204
0.022086993,0.018292915,1.1384345,1.8993502,0.04283284,1.6557871,0.065961316
0.18896616,0.0027774589,1.1469834,2.5653956,0.07411363,1.6022754,0.18020257
0.026431669,0.0090315975,1.0405384,2.0328422,0.07611259,1.3967109,0.04140194
0.0309543,0.012520085,1.041646,2.052142,0.063942805,1.8150635,0.013369081
0.037427884,0.016217241,0.96724755,0.010625042,2.1998422,0.04365662,2.4789827
0.021744864,0.0022863324,0.97362256,1.842636,0.018125547,1.560533,0.023180617
0.011848546,0.011109115,0.87778896,0.04949252,2.146855,0.03605109,2.1435158
0.028337168,0.006193519,0.82079184,0.105083436,1.9164672,0.0027016157,2.0362732
0.0016736442,0.051115423,0.8246878,0.008922618,1.6191707,0.0043860483,1.5265884
0.018700741,0.01281672,0.75438803,0.03469198,2.0139225,0.00058317493,2.095342
0.0008633544,0.006204801,0.6361004,0.018010154,1.9622679,0.03942186,1.5831089
0.004238287,0.007933702,0.74175143,0.0007627222,2.163655,0.0102311345,2.5897555
0.023375444,0.0071587213,0.5977931,0.03368301,1.7386698,0.0015733066,2.0057933
0.070092544,0.033548884,0.4766584,0.12152573,1.8561823,0.05011077,2.209018
0.0032959373,0.000115169154,0.722525,2.2970402,0.0149416,1.9466506,0.0729795
0.10160132,0.00017300402,0.7433595,2.3758838,0.017364848,2.098558,0.019568525
0.01257773,0.053807832,0.4196865,0.0077055697,2.0512452,0.0031260562,1.7976474
0.008508588,0.003009955,0.46323496,0.00208078,1.7475402,0.010436721,2.091492
0.023067052,0.021741485,0.032876797,0.021215014,2.2105496,0.05920312,2.1065452
0.008947137,0.004956188,0.0003555922,0.03226171,2.1944904,0.09354162,1.9634258
0.010127058,0.0049823322,0.003836625,0.015836097,2.1406343,0.0013765885,1.9865149
0.0043336963,0.039458506,0.067562826,0.04821954,2.2281387,0.02904767,2.1208968
0.017092668,0.0076007093,0.0043092016,0.0023637791,2.1798747,0.010892434,2.0491006
0.13582718,0.025167696,0.007054651,0.010430451,1.9117482,0.01729552,2.1127646
0.0007831696,0.009095606,0.028238803,0.0044386494,2.248836,0.022202287,2.1077497
0.015784709,0.013703322,0.4045231,0.04101554,1.9671423,0.0020846927,1.8684359
0.012047958,0.004354312,0.696416,2.4678707,0.00041617916,2.1218367,0.12405704
0.024451315,0.013337336,0.26236656,0.0016562042,2.0476294,0.0076427115,1.8737723
0.0032721295,0.03475826,0.0026735263,0.030244442,1.8004917,0.008806807,1.922438
0.0020032898,0.007679922,0.17885059,0.016710151,2.2929165,0.008872678,2.0386102
0.050756972,0.003354422,0.0019058972,0.003507455,1.9142406,0.0052438197,1.7960794
0.019553723,0.009225741,0.007383659,0.015358606,2.135567,0.019362269,1.9112484
0.037595317,0.0008593473,0.030549599,0.032652073,2.2016675,0.010870311,1.9260638
0.0154713895,0.00048854033,0.0019983763,0.036278713,2.0240226,0.0065583163,2.0234232
0.02932566,0.0045233564,0.008971944,0.019549934,2.0375624,0.051761676,1.9584694
0.17512083,0.030528577,0.027962735,0.027554182,1.9887642,0.0011491785,1.8567472
0.001885357,0.00583003,0.0038588874,0.008539144,1.8408254,0.0061136214,2.123849
0.003690782,0.012391612,0.3691031,0.008822074,2.1914496,0.0009920889,1.6848893
0.0063038776,0.0151445065,1.4799841e-06,0.00727028,1.9749672,0.0576712,1.7916236
0.019007528,0.02415298,0.012026349,0.002344755,1.9265863,0.011117146,1.7981135
0.01297249,0.030639851,0.0013124247,0.00069456064,2.1990979,0.008909974,1.8601766
0.00568352,0.035510376,0.0200866,0.060629826,1.8420181,0.007690854,1.9735916
0.0029226278,0.040662095,0.08099473,0.0040830183,2.2427256,0.038654443,2.1688542
0.003893095,0.002088309,0.026416143,0.012124316,1.883649,0.0015609236,1.8434474
0.0032103239,8.335194e-05,0.005719031,0.0075481706,1.994217,0.0008093374,1.9264458
0.031866077,0.0049958997,0.0013309385,0.009748729,2.008754,1.8005881e-05,1.9879458
0.013400503,0.008062196,0.019603219,0.02914095,1.8722905,0.0016063263,2.0265977
0.010660527,0.008461871,0.3647407,0.044620637,2.28847,0.00013792583,1.7762192
0.06179012,0.0066169635,0.0019681596,0.0052712546,1.972968,0.004836469,1.8003345
0.0063559213,0.061956782,0.00036535927,0.00013893505,2.0342596,0.008674496,1.9690099
0.018739825,0.063208655,0.018753892,0.007474742,2.1147099,0.014523397,1.9723495
0.040470485,0.035244565,0.004411526,0.0040422273,1.8127633,0.00038079036,1.9170682
0.003797549,0.003513658,0.10046539,0.0129240425,2.0990462,0.022665698,1.8662593
0.0018860719,0.024615178,0.02997514,0.004902657,2.028073,0.0018894476,2.0007153
0.054671165,0.074900776,0.004883921,0.0019811015,1.8342665,0.011745907,1.9539171
0.013791326,0.017841017,0.0035443562,8.285814e-05,2.31047,0.00047325643,2.142848
0.025802273,0.14506565,0.0021064049,1.9492358,0.031149646,2.1054006,0.017684322
0.016396558,0.043246653,0.003992522,0.08771383,2.1358113,0.0141933635,2.1618721
0.008707203,0.016237088,0.004655033,0.029180624,2.064983,0.031155953,2.1897426
0.08759817,0.0019333208,0.01707992,0.008095761,1.9249458,0.0010830595,2.201814
0.0015884514,0.009418252,0.0051853256,0.00227947,1.9385202,0.040578395,2.1207383
0.029339619,0.009801851,0.013696279,0.001136,2.3038814,0.0010567332,1.9841408
0.085858196,0.017864412,0.0007314179,0.03486762,1.9583023,0.039321568,1.970427
0.0064140265,0.0017908551,0.026266707,0.061775755,1.7715676,0.011081506,2.0783374
0.04265993,0.0031295177,7.396681e-06,0.057738833,1.939134,0.0007482096,2.0834482
0.008630845,0.004395342,0.0022775347,0.030335197,1.9957701,0.031142727,2.0947578
0.017025927,0.0052281083,0.004426286,0.038646303,2.0199804,0.03603277,2.14363
0.0005410453,0.00508157,0.0061391513,0.018519409,2.0299711,0.004443513,2.149819
0.03953981,0.030124439,0.0014183427,0.009857676,1.9682219,0.026899582,1.9713447
0.013119474,0.0094183665,0.023533065,0.009000112,1.8290952,0.0034767145,2.181635
0.039629716,0.008544929,0.019374115,0.0023517166,1.814199,0.0092089465,2.0921364
0.1693857,0.002177512,0.035349697,0.08169309,1.9149555,0.024944274,1.8154773
0.072510116,0.0059983586,0.04357109,0.009221271,1.8770397,0.011823607,1.7720225
0.0024939862,0.001562196,0.00080067915,0.012961991,2.253818,0.01977554,2.244457
0.028895326,0.055070635,0.07392562,0.0031430877,1.7148448,0.00869079,1.9796283
0.028526511,0.0016355022,0.010478321,0.027631093,2.314236,0.01390787,1.9431801
0.002341257,0.016731676,0.0075231665,0.0154815,2.0710282,0.004206129,2.1883538
0.033063184,0.0014445487,0.0001796061,0.024747942,2.3184927,0.0005536747,1.9441644
0.0073958817,0.018276252,0.0022305723,0.013627645,1.9611956,0.015848845,2.2059882
0.045182947,0.058306634,0.0047664503,0.0006709953,2.273348,0.036674596,2.2262433
0.007232924,0.14196658,0.009770945,0.0029206385,2.0200865,0.0029536719,2.024704
0.008833612,0.008845189,0.048600327,0.0002842241,1.975104,0.01962022,2.0316792
0.0185558,0.003833133,0.00062531134,0.021840207,2.1024914,0.0019630105,2.232105
0.0004499228,0.03818461,0.0010417931,0.00519009,2.3156297,0.0020058528,1.907888
0.012007341,0.008902698,0.22982746,0.0019556128,2.3044312,0.008984059,1.9197625
0.063799106,0.0028804862,0.0074471477,0.08979088,2.1601162,0.019249307,1.7835948
0.029930485,0.06937158,0.007887106,0.04872341,1.8928076,0.008851787,2.1883287
0.0016229099,0.16227078,0.09417761,0.025588784,1.879701,0.01325146,2.0981414
0.019494418,0.009340286,0.0015483849,0.005240766,1.8061011,0.034361634,1.7467296
0.015148122,0.010518825,0.5058724,2.050653,0.001218868,1.63789,0.007295282
0.0022330815,0.06113539,0.0009895673,1.864395,0.03642551,2.0617285,0.01461155
0.10214764,4.160148e-05,0.28159383,2.2570355,0.047049474,1.9173186,0.018793732
0.0018002816,0.05481282,0.017836273,1.8425143,0.005737426,2.0855427,0.023737146
0.03819082,0.005734456,0.06011219,0.017710146,1.7637892,0.04000384,2.1115174
0.007951091,0.02398885,0.0077669416,1.9536582,0.0034351724,2.0711198,0.00044818508
0.008602962,0.03981481,0.4703919,2.1930518,0.011396898,1.8364812,0.0009415391
0.03442153,0.040837042,0.01157702,1.8784555,0.027235674,2.12794,0.0048187617
0.0019216972,0.0009189175,0.009094823,2.2903435,0.009156999,1.8763515,0.0060053836
0.036701303,0.0048991186,0.016078223,0.027650587,1.9890254,0.02472035,1.6521983
0.08818571,0.026240148,0.031358823,0.0008824207,2.365032,0.0008803636,2.0003204
0.025076624,0.0008871645,0.005633655,1.8392797,0.060247447,1.9793618,0.15252163
0.052955523,0.010361336,0.023621442,0.02415947,2.3052716,0.0022919138,2.2297502
0.009606076,0.31262705,0.4605081,0.03125145,2.6226134,0.00017890798,2.1102922
0.0375461,0.047609042,0.0018812517,0.051617153,1.924219,0.0033733186,2.214125
0.009718835,0.0015573556,0.0037826952,0.005720021,1.9685544,0.11568872,1.6331064
0.011618445,0.101989895,0.028578687,0.00042893304,1.8813804,0.0050940528,2.1236815
0.02945087,0.005676544,0.026322702,0.06609037,1.732188,0.03412032,1.8599234
0.0035035498,0.0010449679,0.010899786,1.9065846,0.035661906,2.1443133,0.040353406
0.012889242,0.033202466,0.044326622,1.9524074,0.0009887205,1.9940453,0.005548224
0.02038019,0.10417332,0.0034524018,0.0017511421,1.9828618,0.032160204,2.1463592
0.0015251203,0.05457564,0.009375114,0.008308621,2.1424365,0.014568054,1.7208927
0.005898738,0.013212065,0.025070002,2.166174,0.011991404,2.0035174,0.19881834
0.014591049,0.0024311384,0.0016639249,2.3154783,0.01471912,1.8289304,0.006475601
0.0053076176,0.003111081,0.030860769,0.012081022,1.7917793,0.006013391,2.2223244
0.0048811487,0.04988955,0.021822698,0.008058726,1.6716212,0.009707608,1.970771
0.0012052092,0.081304654,0.0086146975,1.8705345,0.024237791,1.9861064,0.0101886075
0.003623949,0.031835478,0.0017518947,1.9285862,0.029557623,1.9850533,0.0019601646
0.005519659,0.34682766,0.01719115,0.023124782,2.0159075,0.004648256,2.15521
0.0006592759,0.0032544495,0.0007742529,1.9847337,0.007352684,2.0227349,0.040561467
0.037647925,0.030107435,0.13422626,0.013016434,1.7490572,0.02700581,2.1337528
0.016686976,0.13829914,0.042073265,0.012103784,2.2681916,0.015070771,2.230584
0.026716903,0.01904048,0.003917768,2.2400954,0.010010212,1.7976226,0.016208146
0.033496834,0.01132541,0.012068764,2.2453291,0.019366998,1.7935735,0.013211102
0.00488841,0.15570141,0.0008345271,2.2675695,0.022696337,1.7409621,0.0035871128
0.00026666746,0.007617818,0.00010966798,2.196482,0.0004517959,1.9172243,0.0017465828
0.008149064,0.0007558417,0.026064832,1.8236388,0.00035862272,2.133522,0.13378206
0.06025831,0.00740279,0.39311582,2.3577905,0.124233305,1.7018055,0.22713949
0.002744309,0.008632081,0.002153893,1.9899017,0.026468748,2.013273,0.0037889024
0.004639839,0.08018159,0.19160323,1.9579469,0.0040442687,2.1287396,0.019821558
0.069063544,0.027364617,0.022907142,0.01531164,1.9918913,0.0008012602,2.2476141
0.00449141,0.0038075557,0.18389124,1.8939824,0.0018239855,2.0497122,0.022269594
0.047573607,0.0035165776,0.001173801,2.1661503,0.055366978,1.9563936,0.004789632
0.008112342,0.04154553,0.012905169,2.0275736,0.013996679,2.1330087,0.0076930444
0.0142696025,0.00072045304,0.0032083204,1.8962892,0.016516345,1.986344,0.024278449
0.010801693,0.0010259757,0.17205921,1.9566118,0.0075521767,2.124767,0.009025428
0.004815776,0.08841684,0.04744789,0.02977661,1.6611172,0.008773585,1.9267517
0.02582216,0.0652865,0.07384356,0.0015304149,1.6711118,0.0068586753,1.917829
0.080471806,0.009589814,0.011751418,1.9195846,0.019646673,2.0904152,0.04580892
0.029560316,0.023363698,0.05199509,0.0005557088,1.8067014,0.037478156,2.2074606
0.029363418,0.031678498,7.516707e-05,0.0032145262,1.6794007,0.0048217066,1.9106529
0.0046944376,0.020043604,0.020895587,2.126926,0.039157756,1.8695529,0.00057231175
0.01589106,0.004986267,0.13074134,1.9919146,0.01896473,1.9315104,0.0052371603
0.017455665,0.012814309,0.0566603,2.0888023,0.0009777837,1.971869,0.0026552042
0.018464955,0.016925275,0.0019410931,0.056095835,2.2965043,0.04891746,2.3049462
0.007596292,0.0142703485,0.0010272537,0.00022965089,1.9203566,0.011848824,1.6028177
0.0005112456,0.0430202,0.0025646354,0.0048633115,2.3461604,0.0029547976,1.8213148
0.025246505,0.0022970391,0.034151193,0.0034815744,1.6517901,0.008545505,1.8954427
0.013263164,0.0051364033,0.0059779147,2.19529,0.005806249,1.9583559,0.006365928
0.018131347,0.0009259809,0.39926946,2.1930995,0.020321015,1.9548292,0.009045989
0.04837972,0.00010581478,0.02134919,0.0143198,2.207106,0.0020874157,1.7202847
0.15723619,0.017449938,0.018865775,2.3609154,0.014073135,1.9158878,0.04150735
0.0064638946,0.03909774,0.016482897,2.1287444,0.015484405,1.9201598,0.019628841
0.0018889493,0.0036304607,0.024229996,0.016141078,1.7095991,0.0045052962,1.8034793
0.0069552897,0.062375568,0.018366896,0.07964226,2.4005358,0.013845298,2.1145914
0.007637413,0.023105768,0.026171263,0.047473125,1.87755,0.0031225106,2.2485776
0.012911439,0.00012120278,0.0015793921,2.3639798,0.16046442,1.9258124,0.07709966
0.013666253,0.13059798,0.013883707,0.0018139622,1.605218,0.31181732,2.1111832
0.0078069814,0.014329433,0.04050917,2.1388614,0.006385539,1.9828013,0.074951366
0.11183663,0.12522194,0.0114127975,0.0037432932,1.8234386,0.008826511,1.6801881
0.05961774,0.021106832,0.004632693,0.010367368,1.6613752,0.0059538074,2.0417235
0.119630836,0.009005811,0.0003993613,2.2228787,0.0031574287,1.9426651,0.0056044515
0.17673264,0.013556408,0.013747998,1.8307328,0.01635365,2.207953,0.038999174
0.05507574,0.014289836,0.0071720257,1.7890921,0.0013656972,2.0458608,0.04716242
0.007353922,0.0011127203,0.033081155,0.032270636,1.9591392,0.017898211,1.5988659
0.102363184,0.0020072886,0.009803273,0.0029465202,1.6606555,0.0006450307,2.013359
0.002214364,0.026579617,0.0025367236,1.7578084,0.02672706,2.131138,0.002553689
0.050459694,0.0010617237,0.015797911,0.10391846,2.081288,0.003162059,1.6266333
0.04121628,0.010356456,0.022564687,1.8314993,0.049400672,1.9722435,0.023262266
0.019871458,0.015767535,0.003974071,0.001105301,2.4240127,0.0008114071,1.856307
0.040306576,0.0017236647,0.0021144203,2.055883,0.002147459,2.1602702,0.029327363
0.045085926,0.023120783,0.0013547136,1.9569842,0.004604917,1.87451,0.0020802175
0.057817914,0.0007664569,0.009145039,0.03084553,2.0473483,0.0034292194,1.6011384
0.030354168,0.26569182,0.49688014,2.2480617,0.0889316,2.1618013,0.12646168
0.013971975,0.011352493,0.0071343067,1.8220782,0.11921838,2.2363307,0.041662496
0.025751522,0.0048257755,0.016637955,0.020137848,2.4364693,0.0007040114,1.9433051
0.016751744,0.036658034,0.005798302,0.045766633,1.6930411,0.058049947,2.1594672
0.0021268737,0.023596615,0.0016000333,2.086072,0.010995247,2.1228921,0.016270773
0.07628861,0.026142303,0.0072728046,1.7531726,0.017691359,2.155301,0.0047331518
0.006011486,0.06353671,0.013528267,0.0009725717,2.3605275,0.012367188,2.3165765
0.0005005677,0.0060700746,0.03306561,0.23008835,2.1166713,0.0010542528,1.6269693
0.00366362,0.0029733353,0.031198632,0.0021005224,1.6234609,0.020203857,1.8778216
0.13000925,0.08566661,0.04087001,0.21358734,1.9526556,0.032119747,1.5696542
0.042875476,0.0067246985,0.007535785,0.0010242688,2.1418126,0.004643305,1.5982057
0.0035865929,0.0011047287,0.01346615,2.3739662,0.045112908,1.9107015,0.018058361
0.035804056,0.004681806,0.000748895,0.13929652,2.0574932,0.056988724,1.6071504
0.003493729,0.015279956,0.045045394,1.8960998,0.00037194314,1.9111172,0.010275803
0.06287629,0.0012498841,0.0039813686,0.017543228,1.6374276,0.018904485,1.8371139
0.0032635673,0.008676528,0.02530027,1.9734613,0.0029326123,1.9246377,0.058849197
0.021165686,0.015213201,0.0006678735,1.8777092,0.03428689,2.2702549,0.0057335715
0.002224805,0.0034986122,0.019572992,1.951108,0.040522367,1.8458388,0.00020119846
0.026426397,0.007273447,0.010603011,2.1320448,0.0045602424,2.052759,0.068318225
0.014994903,0.052767828,0.006012434,0.03108094,2.3318846,0.0022823708,1.7802273
0.12387217,0.0015911591,0.00648038,1.7540714,0.050071113,2.1166377,0.008606469
0.0077898805,0.0023827176,0.006419092,0.035971794,1.7771156,0.03467625,1.658408
0.013518917,0.00072590786,0.07135568,0.004203246,1.7923259,0.07907223,1.6247392
0.026258407,0.0083396165,0.006129031,0.0015694123,2.2016027,0.009696749,1.62451
0.029387832,0.00042954372,0.27239814,1.876029,0.002091467,2.050223,0.0015106748
0.0025882109,0.010347382,0.00021904826,2.3534312,0.014041489,1.9543929,0.0026314997
0.20479761,0.004758896,0.02128673,2.077434,0.032312166,2.1753168,0.023330068
0.0056375074,0.0038311076,0.05508325,0.0072191632,1.6977876,0.064451024,2.198037
0.04224868,0.0843877,0.07774014,1.8802166,0.04016578,1.9703465,0.056856494
0.01885661,0.020664584,0.0028655855,1.8676187,0.097792596,1.8896744,0.0132883
0.0037224602,0.008114456,0.00048387377,1.9999644,0.0126526235,1.7987546,0.008399173
0.020561112,0.0015146411,0.011166752,0.005088823,1.5952395,0.004962407,2.0133617
0.023314847,0.00018067223,0.34155354,1.9635344,0.038451295,2.129725,0.042346645
0.12802835,0.21906309,0.010930863,0.0071497182,2.0833123,0.00788781,2.3116949
0.17790228,8.61944e-05,0.03374905,0.060456086,1.6729108,0.009690384,1.8139076
0.18754601,0.030642126,0.004165814,2.1275647,0.017246194,2.0841882,0.01908074
0.0036792976,0.00023874048,0.0055058235,0.008819681,2.2571092,0.013556344,1.6703064
0.021635953,0.02326923,0.0073845857,1.7096616,0.020005573,2.0305896,0.016604748
0.040796492,0.06406926,0.039093286,2.061754,0.1428927,2.204047,0.08048845
0.042032465,0.023298033,0.000540128,0.028392894,2.2511153,0.0003318126,2.3939035
0.008012613,0.039418757,0.6071384,1.765365,0.0031054632,1.8610461,0.05177561
0.018633775,0.0010059552,0.06416571,0.0053597554,1.7760576,0.011100886,1.6706392
0.009390866,0.027425563,0.0012895283,0.008071896,2.409173,0.009382755,1.7808436
0.0005469236,0.019749809,0.058725394,2.0137072,0.005009597,1.8016589,0.022524578
0.024676463,0.0007225493,0.0029325134,1.7923982,0.0025559936,2.2431486,0.004253563
0.020387841,0.0024421006,0.033605322,2.4348354,0.022235908,1.8538749,0.011600804
0.10209832,0.05134779,0.017232897,0.008061346,1.6200404,0.0030673272,1.8171943
0.00080245186,0.007875722,0.014042533,0.038000915,1.5911971,0.0032623177,1.905655
0.0047707744,0.005482992,0.01779377,0.012685029,1.9679768,0.008992844,2.3624403
0.026597274,0.03142768,0.0020624644,0.041562665,1.6016184,0.0064684595,1.944135
0.0034107969,0.016826302,0.016004195,1.7747697,0.0015710011,1.8234324,0.012752952
0.006110365,0.02270845,0.04652784,0.014915607,2.4532783,0.0021830818,2.3126328
0.06791362,0.0037193957,0.019201703,0.009846852,1.629865,0.06707279,1.9212372
0.00045904846,0.026657388,0.0024078202,1.8756006,0.0024164352,1.8400255,0.038576335
0.018774023,0.035106055,0.13110034,0.1166808,1.9092568,0.01269332,1.5087883
0.00035785066,0.11504377,0.00045092637,1.900245,0.0012860261,1.7794424,0.03954273
0.1188207,7.25579e-07,0.020070234,2.1506913,0.14416556,2.0925968,0.003977317
0.01976519,0.12365315,0.10979536,2.3804462,0.014446563,1.9307797,0.06075779
0.0069619925,0.0026562144,0.054298725,0.0035864662,2.3476112,0.006137144,2.4003453
0.0313592,0.0020303368,0.0185413,0.04153173,2.3340864,0.0068706768,2.3985472
0.006974831,0.0014905039,0.017476853,2.1051972,0.009979709,2.144291,0.018231537
0.015038492,0.006502763,0.08618267,0.0033904512,2.5065703,0.014430527,2.1036923
0.0055978717,0.0036720803,0.008764383,1.9674144,0.03165751,1.7779013,0.014194534
0.029288225,0.0045720516,0.09744663,0.019755198,1.603679,0.048043367,1.776562
0.013367618,0.009049716,0.0046847523,2.2931335,0.031840883,1.6950781,0.071789496
0.0007667843,0.005229048,0.04807782,2.4382913,0.010188438,1.7668792,0.055931486
0.1269399,0.011439922,0.063622504,1.8050956,0.110821865,1.921966,0.046345197
0.00626281,0.0020865998,0.01297084,1.8501793,0.0067551895,1.7617193,0.022875262
0.03882752,0.020786222,0.002423614,0.011576896,2.2424672,0.022865167,1.5569899
0.11814438,0.021759411,0.015127428,2.274785,0.01060715,1.703067,0.0038496288
0.0038532594,0.005865457,0.027349439,1.9056553,0.04870156,1.7804545,0.015203255
0.014870568,0.020529347,0.1049065,2.3833606,0.07165197,1.7371546,0.001955903
0.12893018,0.079910524,0.0655006,1.6823715,0.0015457891,1.9397047,0.004844923
0.041833326,0.010989086,0.040191732,0.00035422825,2.5064802,0.003707865,1.8091767
0.033158798,0.010690138,0.053186137,2.376988,0.008574004,1.9757451,0.031068778
0.002064874,0.01762086,0.057867184,1.90149,0.016134264,2.3019018,0.0013943468
0.011214848,0.026985662,0.024664953,0.013783889,1.8596951,0.014995008,1.4588747
0.059905596,0.002268771,0.00053838873,0.0040080813,1.5978515,0.15154836,1.7757622
0.025403593,0.025359275,0.115339264,1.748687,0.058282334,2.1754868,0.0025247189
0.016333368,0.079181865,0.0064684744,0.00884953,1.7708682,0.02310837,2.3639405
0.0016672373,0.020630285,0.050553367,2.3624167,0.040110964,1.7033743,0.03187806
0.040451232,0.00023329594,0.011938044,1.8511332,0.005023968,1.7327288,0.015646655
0.016848153,0.020078253,0.011608996,0.035255864,2.294449,0.0011957884,1.5771037
0.013881416,0.00073517964,0.0064733317,2.0592284,0.011005756,1.7414069,0.07278359
0.021098783,0.014926295,0.0017760511,0.033597853,1.9424533,0.033417214,1.4798104
0.0067074876,0.0033266875,0.11444775,0.012426671,2.545765,0.00082787033,2.10309
0.009620261,0.011840765,0.014819369,1.6648737,0.018815681,1.8161925,0.049714852
0.10684327,0.095675826,0.021352833,0.035070833,2.4189506,0.0602797,2.4293933
0.001181978,0.034489047,0.0006595556,1.7175134,0.00083655294,1.7009999,0.003073661
0.010372486,0.010521357,0.032033984,0.0053556697,1.6429951,0.004092707,1.7141781
0.123529226,0.01352677,0.0003594457,1.8941197,0.009234373,1.8194321,0.17048363
0.0049802666,0.004078275,0.39031217,1.6441078,0.057909124,1.8094933,0.22914536
0.07426673,0.02626624,0.022540221,1.7171618,0.013129369,2.2104402,0.0042573395
0.05897324,0.05057546,0.008502605,2.1660857,0.013696416,2.1116798,0.023115547
0.004626001,0.002238927,0.010670865,1.6589307,0.010094921,2.057585,0.0010633953
0.006361206,0.0020289647,0.00037367182,0.0035756365,2.0598824,0.0091869645,1.4837024
0.079078056,0.0044006105,0.0034036674,2.147312,0.024042575,1.6641428,0.00802558
0.0016280164,0.0013908785,0.0034822286,0.07506777,1.5192821,0.012690613,1.9264815
0.008992477,0.013452576,0.03617705,0.0032577408,2.49306,0.00017459427,2.380506
0.07078083,0.0043163225,0.121402636,1.7165093,0.07663319,2.003181,0.034946457
0.0039798347,0.054017577,0.09262743,2.0924907,0.008278046,2.2800355,0.004664217
0.0021726212,0.026944991,0.033814866,2.1575956,0.0018818002,1.6493717,0.031919193
0.013086907,0.0037941984,0.24326889,0.0521512,1.863153,0.0064720307,2.5095754
0.048768777,0.024698397,0.006957962,1.931366,0.01585496,2.3163936,0.006334422
0.012597653,0.016506862,0.51350504,1.588587,0.027709335,1.916516,0.04775754
0.0012272145,0.008852028,0.0400093,0.008424559,1.7268842,0.012617427,1.5290369
0.0046092244,0.011009092,0.31950873,1.8192271,0.02802777,2.281124,0.022446392
0.0027206016,0.028711563,0.0063508535,0.009074855,1.5712453,0.009199734,2.15835
0.04355171,0.0070625045,0.009504194,0.010429971,2.5598,0.005097119,2.1123576
0.0018042685,0.029251862,0.004970731,0.00027894665,2.5865455,0.0042878697,1.9377943
0.03984355,0.18867423,0.03856309,0.006763284,2.5756698,0.012392357,1.9513972
0.0022767796,0.011417144,0.0062560067,1.9449371,0.010965648,1.7135862,0.00942649
0.0048765684,0.032392815,0.08645819,0.15557282,1.5519917,0.002939534,1.7411871
0.002058145,0.0021941434,0.0018673154,1.6367908,0.0027276494,1.9803797,0.021002045
0.023070343,0.0028804708,0.02687297,0.037305262,1.660258,0.0033397446,2.2784626
0.019166986,0.0031781418,0.2498396,2.43767,0.0019436918,1.6397308,0.010662263
0.00038656566,0.021513574,0.01603892,2.4043238,0.00072300166,2.100082,0.0009130908
0.0065073995,0.016257305,0.006369624,0.18987238,2.5473638,0.019055674,2.2914755
0.006245797,0.025882669,0.044456318,2.3828337,0.0039768214,1.672142,0.11306366
0.023645328,0.09707624,0.05941755,1.6497853,0.008012957,1.772846,0.010753219
0.00014452942,0.0054465733,0.20497157,2.3014314,0.009764714,1.5521095,0.0011826601
0.0043246634,0.043677434,3.2982465e-05,0.01585668,1.5973668,0.0006113279,2.204416
0.014462237,0.008085755,0.0033613346,0.010304678,2.131862,0.0072271,1.4273126
0.0042735958,0.11103746,0.023761492,0.0075821755,1.4916197,0.003559605,1.9348162
0.011519027,0.047359318,0.0034302685,0.005795754,1.6704427,0.10309631,1.6537294
0.038061883,0.02369018,0.00036364983,2.0173006,0.0006428692,1.672224,0.03927534
0.06702287,0.021604897,0.013668206,0.04004513,1.8847752,0.0035693154,1.4026576
0.081379674,0.09005919,0.0029699986,0.08439409,2.2131352,0.020284742,1.4396029
0.21268591,0.0457073,0.058733426,0.012959049,1.5463508,0.14118196,1.7175388
0.05977408,0.0068060416,0.070784226,2.0057237,0.044130582,2.3164506,0.13279644
0.05116235,0.011970866,0.0060585244,1.6409652,0.004308052,1.9658002,0.024521021
0.10844693,0.02245935,0.018960305,2.0612283,0.028029196,2.3169103,0.06447723
0.0022235776,0.004612705,0.06724577,0.01209958,2.5758018,0.0017468763,2.3530226
0.021840967,0.004611409,0.067118004,2.3922908,0.060988393,1.6402034,0.05911997
0.024860738,0.002830471,0.00093205785,1.6997838,0.0043323627,2.2716932,0.05256646
0.00017675564,3.510101e-05,0.008935404,1.7709064,0.0071927235,2.3169928,0.0063169817
0.031083133,0.023474924,0.09595885,1.7376171,0.058203626,1.7383233,0.025320806
0.09803614,0.00064128556,0.0059278975,0.0022036177,1.8763508,0.034252375,1.3571013
0.19839446,0.011224151,0.029959172,2.180289,0.005565484,1.6037729,0.12042574
0.029478997,0.0027148821,0.021513846,0.07437291,2.3959377,0.0013863493,1.426516
0.00242403,0.0026534991,0.04700358,1.7646466,0.00047668992,1.6174325,0.0019940655
0.006861933,0.020263702,0.2346849,1.9167534,0.095654786,1.5639026,0.02393774
0.012536868,0.11793968,0.0002238249,2.300141,0.0056635877,2.1630092,0.08631106
0.041194312,0.022746291,0.038624145,0.0018855721,1.865761,6.692899e-05,1.3425487
0.0062657776,0.018692143,0.0062949057,0.0029344268,1.9197702,0.01665934,2.458459
0.0059840134,0.005328332,0.016509708,0.001511476,2.2375736,0.0525922,2.6038535
0.08107687,0.009496209,0.006544252,2.3705752,0.00077355985,2.1369293,0.045154773
0.013066009,0.018122708,0.0009890298,0.0070534036,1.7306452,0.014800934,1.3986777
0.21077064,0.00032800387,0.57107276,1.4378648,0.14980148,1.8034476,0.2445123
0.010927235,0.0064489967,0.00507793,0.0047268365,2.6089275,0.007432873,2.1956725
0.01297541,0.0017318376,0.0343047,0.0024171914,1.7203841,0.019461961,1.3782642
0.08830803,0.00012582095,0.001048337,1.5723162,0.00086240226,2.018863,0.03273396
0.0070459074,0.0042971056,0.0049918117,2.571412,0.07141765,1.8474966,0.0064376467
0.01464322,0.00017950858,0.11577494,0.0053168344,1.4899061,0.004715126,2.0513322
0.031517833,0.00082440744,0.036262386,1.9676036,0.030485261,2.3837302,0.02577358
0.0046559754,0.014578777,0.058306374,0.008297856,2.320264,0.009759353,2.6509094
0.025486955,0.022260653,0.041409027,2.412361,0.0009605964,2.1071749,0.068616964
0.0046406905,0.019317804,0.019258829,0.00084201933,1.4570494,0.0056332597,1.8629612
0.005373518,0.0065249377,0.050441686,1.9703839,0.07345315,1.5720556,0.007148868
0.09110504,0.0038537388,0.00030547913,1.8713672,0.08694361,1.6332352,0.01018191
0.01203519,0.013178196,0.006645329,2.2732959,0.01763392,2.2044158,0.008539844
0.09085362,0.0124389585,0.000988083,0.011422164,2.0498188,0.009792828,1.3411292
0.0867809,0.049528327,0.0573246,2.4547875,0.0052630524,2.1033838,0.0011059699
0.008652883,0.009682483,0.070876054,0.04677733,2.4324656,0.00091450836,1.2345951
0.00010450105,0.00075649703,0.00026165592,0.04365403,2.308289,0.0032889473,2.6973698
0.01236085,0.0010649451,0.005475028,0.021227013,2.3462858,0.027610373,1.2565808
0.008910128,0.026570233,0.031236375,1.7163174,0.0023109035,1.5775192,0.014834289
0.01895133,0.01043059,0.043157857,2.5458305,3.24255e-05,1.6411626,0.008077729
0.019695466,0.08019151,0.008191308,0.021743966,2.6371942,0.013509584,2.6318283
0.037743762,0.034008518,0.0017555852,0.0058660307,1.7060562,0.017446158,1.263619
0.002402722,0.041414633,0.0832966,1.645341,4.9893515e-05,2.2846723,0.007032583
0.00022541643,0.010537269,0.0056494386,0.07075992,1.5962695,0.045677833,1.2545938
0.0062786816,0.0063696206,0.0069722235,0.028455853,2.4896324,0.028121054,2.709586
0.0022233427,0.000988815,0.07720341,1.5650266,0.02592297,1.9625714,0.0026155112
0.0011515586,0.002727687,0.013413382,2.5154383,0.011384567,2.056388,0.10996124
0.026668422,0.013036833,0.0068421583,0.009371868,2.8453372,0.018350415,1.8276943
0.012145264,0.04741391,0.002593177,1.5932896,0.019397028,1.6932822,0.16821034
0.0072968304,0.023811134,0.0011213764,1.7204239,0.024113452,2.3623252,0.0074980785
0.014753478,0.012685848,0.0010365125,1.6730975,0.0020027375,1.5547905,0.0007965976
0.02773674,0.019741766,0.002404648,0.06701109,1.9367908,0.0052913637,1.2145845
0.016258743,0.03387476,0.05421275,2.362108,0.072467595,2.2484186,0.010225735
5.9784637e-05,0.09347393,0.08021103,1.7551024,0.028233485,1.5723584,0.033688866
0.066426344,0.0038338532,0.021942658,0.009553775,2.8746054,0.017687354,1.8297734
0.0034592557,0.028085114,0.00040500963,2.551986,0.009320168,1.6169783,0.03485775
0.10555124,0.0021159353,0.0032085113,1.5145489,0.023360996,1.9310724,0.0034374592
0.014702715,0.07159124,0.004359396,2.2133315,0.012632331,1.5049744,0.07495699
0.0043074894,0.0022108236,0.007367362,1.6707731,0.028775383,1.5442375,0.006012182
0.017441956,0.009588591,0.015120227,2.5284004,0.007852743,2.124723,0.057545394
0.095615156,0.012216348,0.003044012,1.8846133,0.024995979,1.4783514,0.010006975
0.038859364,0.0016385599,0.03359026,2.2071438,0.021543156,2.3157673,0.0021202713
0.026672658,0.0022534325,0.36439165,2.290077,0.007057403,2.421524,0.00018875816
0.018145144,0.028559878,0.0055930098,1.5234929,0.019686397,1.7392249,0.009235671
0.022182275,0.022361156,0.051663373,0.026385302,1.3921573,0.002635367,2.0444038
0.024873555,0.0028092419,0.034912154,0.009580745,1.4502636,0.00040689786,2.185877
0.112509966,0.07714713,0.040008016,1.6405983,0.08591042,2.2985418,0.0050761974
0.0013749575,0.0025297718,0.01628041,1.8228129,0.046969235,1.5055236,0.0018521487
0.028876921,0.0076928674,0.0024813106,1.7473626,0.0017622757,1.5503194,0.067926124
0.0055070473,0.014257121,0.0028440114,2.2053149,0.0004085221,2.3669403,0.0063999267
0.012530558,0.012850423,0.0764334,1.9236275,0.017457629,1.438458,0.07613775
0.005423217,0.00042846217,0.021681013,0.03004929,2.037335,0.0066018356,2.5904121
0.020150932,0.0011703614,0.01035004,1.5152779,0.02433241,1.9470536,0.052027762
0.11038302,0.013242864,0.013283213,1.7479593,0.0017714069,1.5653958,0.057827186
0.043637432,0.015788574,0.2609199,0.022564005,1.4190216,0.023194103,2.320641
0.005975383,0.003082908,0.076202504,2.4492514,0.004670706,2.2595148,0.0018151808
0.104472525,0.0019849157,0.006078155,2.506051,0.0016191948,2.1525226,0.003297507
0.1711147,0.0010812534,0.00016062704,0.019195238,2.7442765,0.00092168705,2.2388628
0.06528809,0.009780608,0.0010856008,1.9373577,0.006147677,2.470124,0.020628242
0.01404038,3.219816e-05,0.0023918196,0.021245,1.3452379,0.0026655844,1.9829584
0.034267783,0.013526128,0.004529129,1.4531794,0.016362846,1.9503412,0.01252392
0.015122227,0.0019129035,0.06984344,0.020903347,1.5360861,0.02473726,2.315351
0.10574292,0.0071586715,0.000113689566,2.3751204,0.032322682,1.4837352,0.17306812
0.116649196,0.004518571,0.2596002,2.4940882,0.09305848,1.3221647,0.009664469
0.020648493,0.0060915877,0.0014676315,1.4676172,0.00062175834,1.9318603,0.08421591
0.01774551,0.0153846,0.013173698,0.011035995,1.7630831,0.00031094658,2.567849
0.045407865,0.029642861,0.22581974,1.6451601,0.015608938,2.2993872,0.005494159
0.024799747,0.012255108,0.00563009,1.52916,0.01448448,2.101671,0.025157493
0.016360573,0.036642376,0.016130304,1.511137,0.020636858,2.082683,0.008468594
0.009753826,0.0034695005,0.1968232,1.6814263,0.031093404,2.3399434,0.0014133758
0.15388201,0.011196933,0.18167996,1.6563002,0.008123307,2.2486494,0.11778122
0.016646458,0.011281473,0.045520276,0.03111662,1.7152448,0.004145175,2.5600822
0.17161082,0.0003410277,0.01154055,0.028490255,1.9048377,0.0054079993,2.6361759
0.0062670517,0.048666045,0.0092825005,0.031663135,2.1167748,0.013907674,2.6682272
0.016301665,0.001007146,0.0055313176,2.1319659,0.0038761084,1.4347944,0.00403825
0.040463176,0.004331603,0.0015357023,1.4288892,0.0149055,1.8512758,0.010533658
0.010224028,0.012825763,0.03999546,1.4903185,0.10623517,1.7650882,0.031076446
0.09739432,0.016761929,0.009313018,0.027821526,1.3534489,0.0485863,1.861377
0.062612295,0.009764488,0.024393622,2.000234,0.020029822,1.4546689,0.025672719
0.00058304856,0.010676942,0.0032164415,0.0029098813,1.4871134,0.08220802,1.5201422
0.023913963,0.00520764,0.004223238,2.5602705,0.07232431,1.5260142,0.021645255
0.00095608615,0.006162117,0.0031292897,0.0029559408,1.6839722,0.056008447,2.5869288
0.024838317,0.053128254,0.009299681,1.4578009,0.023533497,1.7643037,0.06329356
0.00013511104,0.008437711,0.00055669603,1.715119,0.00014355498,2.445835,0.010504002
0.008256526,0.00093914743,0.08785728,0.0002402244,1.27154,0.16011883,1.666649
0.025287665,0.00039740786,0.0032346298,0.018539561,2.8607733,0.05398031,2.3427784
0.13938405,0.005515598,0.0011363479,2.377659,0.011403758,1.3413204,0.03811115
0.00072603446,0.0016090913,0.008362299,0.0063684294,1.2379565,0.00031317727,2.1910357
0.24201499,0.0422693,0.0067767934,2.0942166,0.01923708,1.4837852,0.30234784
0.026728174,0.06152463,0.021223376,2.7266965,0.009506208,1.6838602,0.06865415
0.06350247,0.047591973,0.002217664,1.5192564,0.13886593,1.6200767,0.10434133
0.03573052,0.02492389,0.011572913,0.0041625514,1.913192,0.0015152884,2.778271
0.069472864,0.0016179066,0.1090357,1.4539614,0.007244661,1.7304089,0.023042316
0.0072483257,0.0013050822,0.020352192,0.026336445,1.9883721,0.027720666,2.8601341
0.23685323,0.042858515,0.0038154253,1.629774,0.0048046764,1.513439,0.1563081
0.016277356,0.04059103,0.017655108,1.4313077,0.0018906526,1.7414287,0.0685639
0.030248895,0.0069611077,0.0010097721,0.00868987,1.9415932,0.019279907,2.7921152
0.09558664,0.0030741477,0.014904533,1.4205251,0.0027713238,1.9103451,0.14330797
0.025460469,0.012053447,0.07069924,0.02271998,1.6063432,0.004674732,2.7899077
0.02871381,0.010808652,0.034942824,0.078555115,3.069649,0.02397289,2.3075347
0.0032198247,0.05563657,0.024099233,2.4555638,0.102077745,1.1514937,0.019064622
0.012055273,0.009612218,0.011445332,1.3035808,0.016676918,1.9492104,0.019579321
0.0039086845,0.020029,0.0024528615,1.6730009,0.0060504493,1.3637751,0.012005914
0.0094741825,0.0014095807,0.017173246,1.6084265,0.09519358,1.4229385,0.05339617
0.0092557175,0.010228464,0.008632359,1.4707515,0.03414177,1.4152895,0.012968843
0.0016543188,0.07175333,0.01074012,0.013608736,1.8427296,0.044365294,2.7333465
0.00637563,0.011912968,0.015005497,1.1522853,0.0010610521,1.9535788,0.011212396
0.007439057,0.021878263,0.02191174,1.7904578,0.004751619,2.506184,0.003357273
0.027732708,0.0067077447,0.022007318,0.0008679851,1.3707563,0.010038941,2.53366
0.019599704,0.019389914,0.0049883965,1.8072873,0.03954807,2.5085015,0.058589343
0.1473109,0.022232207,0.015377524,1.5723386,0.006768894,1.5547007,0.33319205
0.026279029,0.016848836,0.0087792445,2.506245,0.1007559,2.431896,0.0030993856
0.09838572,0.0158623,0.001845854,1.3843688,0.09258067,1.6550907,0.0897485
0.08781955,0.004107411,0.0112779755,2.4633598,0.00014587576,2.4049947,0.0107543785
0.00601174,0.0075815804,0.030386401,1.4816686,0.03504642,2.2121558,0.0069022644
0.042468984,0.006048932,0.004260072,2.7270954,0.054838516,2.1571617,0.104985856
0.009384745,0.00467919,0.04754849,1.9120837,0.010703087,2.570994,0.14009519
0.0010894863,0.035357848,0.0003694125,2.8349633,0.004293102,1.5642605,0.004631683
0.0015939681,0.04367829,0.009712095,2.1075432,0.0037377572,2.5594575,8.678048e-05
0.016137619,0.0010630802,0.0407397,1.2284102,0.0069884,1.8716407,0.008201749
0.02195132,0.00087682524,0.01645876,2.8474104,0.0004094439,1.874366,0.0059945816
0.0903814,0.010238653,0.30304316,1.7459779,0.07946632,2.4604084,0.079056315
0.009100955,0.012704428,0.030426407,0.0014584722,1.1056644,0.10101327,2.1648786
0.02045322,0.011456072,0.013878485,3.2078385,0.008355452,1.8049198,0.023214117
0.19733848,0.00973013,0.021387056,1.2610469,0.18963253,1.2393047,0.3669896
0.022485038,0.013733311,0.011872499,1.2522023,0.18114232,2.0982249,0.030999962
0.017109944,0.0008314826,0.008005642,1.7405225,0.04897891,0.95582855,0.020617764
0.03753541,0.0011256653,0.06987941,1.3606031,0.00034721557,2.0922346,0.041763537
0.0009206359,0.037033707,0.0020374428,3.03427,0.007829818,2.5390031,0.003985424
0.009353697,0.0048831473,0.0052539227,1.8318174,0.0011732718,2.6354654,0.020930521
0.0052751256,0.027019888,0.043331064,1.8771697,0.0353561,2.6966166,0.101541206
0.0678695,0.004549676,0.047147986,2.0416596,0.07108385,2.7970264,0.19574203
0.0122419065,0.017763922,0.05921977,1.3449373,0.0060426802,2.5124502,0.0024669163
0.010315548,0.011877828,0.013622761,1.3047733,0.0016205529,2.5567763,0.0041126735
0.0073645515,0.015099137,0.0366888,2.2332523,0.006194328,2.666334,0.009080208
0.017133022,0.060101807,0.027614772,1.9220204,0.013761284,2.7829523,0.0010693049
0.028903473,0.1470119,0.12566866,1.8087989,0.12401434,2.8217607,0.18784283
0.0010370538,0.009979215,0.052763082,2.084171,0.029516915,2.9906168,0.017318077
0.018875936,0.041075572,0.06976034,2.1247492,0.0027313356,2.8785083,0.009553184
0.0074815922,0.0059553855,0.016932582,1.8263717,0.0006444443,2.7447066,0.0061203865
0.015338218,0.029299205,0.13337046,1.3745883,0.0055981516,2.6991127,0.010632362
0.0007154405,0.00027412246,0.052472,1.6415025,0.050484374,3.02194,0.008303605
