0.8792363,1.1176962,1.1256438,0.09174143,0.0037703172,0.115758695
1.002304,0.9960824,0.98534006,0.09536044,0.0049296296,0.11458057
1.1697847,1.0526643,0.76018715,0.2174053,0.0039698677,0.27303123
1.1816034,1.1518553,1.26238,0.23321532,0.014927439,0.1968314
2.0747368,1.686036,0.40093246,0.84316355,0.009544333,0.33935836
1.647425,1.2484645,0.05417326,0.0039482447,0.010048192,0.10739811
1.6291635,1.3464191,0.11095139,7.727586e-05,0.029222693,0.07804952
1.5491472,1.3793542,0.01011295,0.0015286425,0.00078266684,0.0035924746
1.1675528,1.695856,0.29114902,0.0025837175,0.0027518938,0.043193918
1.7003577,1.666314,0.028169991,0.009908934,0.005167063,0.2984425
1.7249978,1.4491811,0.036118876,0.0026088674,0.0031883614,0.36496934
1.2010329,1.5651661,0.0029038845,0.1654037,0.007431554,0.0044270824
1.9717401,1.2385458,0.0049314345,0.001490057,0.061732166,0.015669532
1.6142501,1.5606244,0.0026392434,0.00016234662,0.0074387426,0.018694015
1.6770476,1.6405505,0.017229816,0.026240991,0.044496324,0.02632898
1.5855289,1.7351729,0.025586054,0.0016281571,0.011423448,0.117395274
1.7274503,0.939571,1.0787135,0.33867678,0.013214099,0.3255742
1.7583704,1.1975679,0.0034140847,0.010772115,0.018524004,0.62039936
1.5643818,1.6706634,0.0061569535,0.012194144,0.0059517766,0.046239346
1.8209013,1.4511261,0.06665545,0.0009932494,0.005318999,0.6244614
1.3673102,1.6766263,0.023452349,0.02508023,0.0030831897,0.029801823
1.6459705,1.7416155,0.021589067,0.0155474655,0.020129845,0.012056445
1.4552083,1.3908818,1.2334129,0.6039847,0.0059931283,0.3155093
1.4491358,1.7061352,0.0014384161,0.0069145584,0.03683785,0.009254575
2.014302,1.4033353,0.0049501974,0.035121754,0.0075976453,0.37029046
1.8914715,1.6173228,0.0030842193,0.0014379272,0.0044690943,0.030470924
1.5368508,0.8623384,0.8722864,0.47426972,0.0022406604,0.4457861
2.2915986,1.1909437,0.16649036,0.054007445,0.008345019,0.4395391
2.0154462,1.4579784,0.02204155,0.024647895,0.007973128,0.3409358
1.9225512,1.591131,0.007084467,0.06319968,0.042647026,0.073784456
2.0129492,1.3934156,0.037964612,0.0007212871,0.012493662,0.1745402
1.8105261,1.4402248,0.0119604785,0.010442679,0.0026608608,0.8957076
1.8946673,1.7452376,0.024144467,0.0035924634,0.042473592,0.3032784
2.0629296,1.5855489,0.0057788896,0.042111076,0.00039714767,0.22783388
2.0263247,1.6479561,0.058106225,0.0011365875,0.1335271,0.12067143
2.0686333,1.4608612,0.89582455,0.4818879,0.0028114007,0.37538058
1.971643,1.1238151,0.028108982,0.024259426,0.031400792,0.7721753
1.4744395,0.8637796,1.0511588,0.6534321,0.061688874,0.5856176
2.2547238,1.535828,0.0018376766,0.003636872,0.00910409,0.55182636
1.4866731,1.9537166,0.005738542,0.003951521,0.001929462,0.02481407
1.4270545,1.9307822,0.0010069717,0.005950685,0.023602743,0.014009539
1.3179611,1.8483701,0.041209213,0.02206788,0.006604762,0.0033784155
2.1124585,1.6536903,0.009608295,0.0062552616,0.056927145,0.061102275
1.8065325,1.0985103,0.0068901414,0.0063222307,0.0016416768,0.88719785
2.052331,1.1740361,0.6137574,0.60520774,0.002210992,0.63689876
1.4374431,1.9643697,0.016098239,0.01913207,0.009171969,0.018976083
1.5461506,1.1415043,0.5232881,0.8200655,0.012787398,0.6923346
2.2536492,1.5219276,0.00028421765,0.07727592,0.037942562,0.19197437
1.5262696,1.0217171,0.9652687,0.7333593,0.007937185,0.72104055
1.5184865,2.006617,0.033017058,0.0019168961,0.056773517,0.008590929
1.4089279,1.0334458,0.92806256,0.5537476,0.0037192309,0.9609581
1.6385357,0.9230334,0.8406471,0.7669335,0.0037904729,0.63334435
1.6857928,1.9896998,0.0025421963,0.009403416,0.026967986,0.00013125432
1.3410344,1.9788172,0.028838424,0.0008589101,0.00835977,0.00607281
1.407,1.9862251,0.0034058897,0.113514066,0.0051901704,0.0037671651
2.288502,1.582067,0.8698348,1.1662861,0.0016706374,0.20330591
1.5894947,0.8641195,1.2528472,0.7109266,0.004852284,0.71974194
2.389945,1.7146536,0.005221487,0.00347606,0.0062111653,0.6997638
1.4869722,2.0422366,0.015146793,0.0004388432,0.013151684,0.059364453
1.4801408,2.0498667,0.003926783,0.00757705,0.019567491,0.01577707
2.5013893,1.5914116,0.025566174,0.025603732,0.03835418,0.6107488
1.656065,2.0394669,0.006192334,0.027492601,0.021325067,0.014031558
1.4856136,1.1301398,0.008970233,0.00055436586,0.053387363,1.0720203
2.1988776,1.8007672,0.018502744,0.011308953,0.016593067,0.017466124
1.0703526,1.7660556,0.022643065,0.12275547,0.008870379,0.024116855
1.7809811,1.911461,1.1035265,1.1687422,0.0033523699,0.2051785
1.8995675,1.423759,1.0402851,0.8667801,0.042565458,0.51456535
1.4708267,2.1185625,0.037792973,0.0051906467,0.0022002442,0.0019625637
1.8973471,1.3625287,1.0406041,0.9249204,1.1619341e-05,0.3892029
2.12737,1.8703241,0.027417444,0.0027812466,0.0035441315,0.15509091
2.3223479,1.7776157,0.011759068,0.0042613763,0.061654076,0.08007086
1.9849409,1.9063019,0.016272698,0.0019000642,0.010570958,0.043460235
2.1773794,1.8197515,0.008431606,0.0028718049,0.029915804,0.007837133
2.633655,1.8093221,0.007823991,0.3280131,0.013146121,0.23882695
1.2694877,2.0063982,0.002263372,0.04608551,0.0015428091,0.0013177961
2.6783638,1.5482144,0.010543641,0.0005247774,0.006755588,0.39830676
2.5671372,1.6371685,0.0059672873,0.016159361,0.0017474614,0.005478675
2.1106222,1.1681793,0.0028103546,0.014269963,0.000850587,0.9813479
2.0437667,1.9394982,0.012479058,0.03577184,0.005144236,0.005849562
1.9318515,1.121935,1.2203187,0.98819816,0.019498108,0.28179199
1.812107,2.044542,0.0008059066,0.029656194,0.011240224,0.040449087
1.7316122,0.9167008,0.6104226,0.81790495,0.010547256,0.7655567
1.5218302,2.257595,0.0175917,0.02399316,0.044924397,0.013329222
1.1051899,1.9129595,0.081921056,0.052079808,0.0028236078,0.004993316
1.4292579,1.598988,1.4009086,0.89571166,0.06405718,0.937365
1.8689058,2.0528092,0.017532216,0.01837394,0.07936218,0.0070117027
2.3111877,1.4471662,0.8652295,1.3407177,0.0026809275,0.45620936
1.3468844,2.2110522,0.2151179,0.005449877,0.059934977,0.018930709
1.6593659,2.1375234,0.0022994762,0.0017669249,0.18756782,0.037131645
1.5937338,1.2225885,1.6087245,0.88915426,0.0026071072,0.60055304
1.2009902,1.0499597,1.6632686,1.019568,0.017685886,0.6430631
1.5407525,2.2683492,0.0018230118,0.020650394,0.0030350944,0.030421993
1.2490569,2.1081882,0.0018670299,0.014359744,0.0025808357,0.18350515
2.1680543,1.9658682,0.0006420968,0.00345713,0.039204776,0.007883502
1.7761489,0.9005551,0.8348687,0.9503084,0.011148029,0.73862135
1.85761,2.0981624,0.006818654,0.029524012,0.015379278,0.050120894
2.084447,0.82609797,0.51604193,0.35482603,0.0074847788,0.8217678
1.5271242,2.3364587,0.0110454075,0.0075469967,0.019221261,0.028140739
2.227993,2.0246649,0.008378396,0.0052324827,0.0040157987,0.4279934
1.7322594,2.1776786,0.0057347934,0.052093983,0.039037403,0.035623975
1.1855729,2.1318216,0.0035661575,0.122760355,0.0094689485,0.0041351477
1.5809784,0.71775466,0.6737876,0.5944398,0.15731458,1.0217614
1.9308549,2.0782378,0.032035574,0.01637829,0.0012022653,0.0039254227
1.6028389,2.301372,0.027108401,0.16023563,0.009467648,0.053911105
1.1979891,2.1749227,0.022324314,0.0017508278,0.0158465,0.00021877534
1.8065819,2.1729345,0.0066994904,0.005407121,0.0038285588,0.0052428986
1.8505131,1.0904387,1.6264253,0.9006978,0.00014480429,0.61140615
2.1034076,2.0920343,0.0061987797,0.062189925,0.00021161493,0.05369193
1.7925991,0.568586,0.651,0.62176454,0.024650682,0.90147257
1.9832852,2.1165912,0.17878827,0.027156712,0.011831627,0.012024464
2.269792,2.0320852,0.11681599,0.021267626,0.04338768,0.036808256
1.4651078,2.562469,0.008624131,0.009734208,0.055430505,0.06590138
1.8922487,1.2712258,0.9326986,1.2875763,0.009705974,0.8875581
2.047749,2.1374152,0.08536492,0.0010239034,0.027710143,0.06881554
1.3682795,2.5546496,0.0012755533,0.00420979,0.0043384614,0.001237016
1.6368396,2.4653695,0.002165237,0.02488457,0.0027910096,0.0062742173
1.3572831,0.8325042,0.016292,0.009923045,0.019404849,0.9819472
1.7640778,0.5275136,0.124637686,0.9933056,0.012875268,0.7664389
2.8103719,2.1508157,0.0015881758,0.003012469,0.023020534,0.02425956
2.1177642,1.265027,0.64861894,1.4193313,0.0015784543,0.95002806
2.0248961,2.2866452,0.007901054,0.029497534,0.027781224,0.08075422
1.935062,2.339982,0.0060968488,0.048052818,0.0011154251,0.04949193
1.9409108,2.5316243,0.0722757,0.0036150266,0.16836564,0.020049129
2.192311,2.4658306,0.026037866,0.04143915,0.017784003,0.005630243
1.035582,2.188175,0.0018573987,0.011805903,0.0005214012,0.043390486
2.1783226,2.5637743,0.007581188,0.0018672479,0.013630346,0.038394988
2.3428044,0.9370329,1.3754188,0.5491856,0.01240226,0.7718553
1.2902148,1.1170908,1.2395276,0.97661906,0.023505494,1.2981195
0.98359466,2.1882823,0.017459236,0.02325233,0.008451913,0.046782337
2.0076833,0.5421284,0.04141066,0.13662128,0.05708082,0.82878685
0.8622194,1.8757671,0.05347976,0.05957441,0.02646432,0.049900856
1.2171311,0.87887734,0.7087172,1.2294271,0.0003010956,1.0729007
0.9454218,2.2127547,0.009424136,0.0007709335,0.012836734,0.019711139
1.5326258,0.78046393,0.7822199,0.2071523,0.004711066,1.3319625
1.7740748,0.8276637,0.053570006,0.0057754284,0.015953239,1.36232
2.014576,0.6872826,0.054858718,0.01147948,0.002736894,1.1121984
1.6415617,0.6694721,0.073281914,0.014879441,0.020942833,1.2068285
0.9901112,2.7225688,0.020549648,0.020859824,0.03429657,0.03675783
2.207202,0.79489714,0.0030424006,0.02061129,0.010996999,1.2274115
2.0230565,0.9216552,0.56616366,1.1904953,0.014686476,1.3872969
0.750012,1.874126,0.0010711444,0.012086349,0.06297105,0.024386562
1.725676,0.67157257,0.656846,0.27214703,0.024330812,1.3421971
2.0959613,1.3745472,2.533433,1.1556183,0.012605874,0.49905244
1.0974827,0.5805147,0.3629651,0.8176938,0.0012810535,1.6243005
2.2538893,0.6639929,0.56405145,0.17756441,0.013659005,1.0934167
0.6574318,1.5860432,0.005156602,0.0101591805,0.018054895,0.010392687
1.5103984,0.5657563,0.90437376,1.1892182,0.019127313,1.3242697
2.0582972,0.38749218,0.3118552,0.68473154,0.008777181,1.3795978
1.5545461,0.6181702,1.5706517,1.0784702,0.063588224,1.0247823
0.72244745,2.0083737,0.07243689,0.023531038,0.0067255977,0.00919683
2.2177892,0.64961433,0.01960851,0.01404152,0.0017509728,1.4418212
1.9579865,0.393471,0.0061899414,0.007365462,0.0065584923,1.1146517
1.7991941,0.7413174,0.71510494,1.0446882,0.002982834,1.4930464
0.8044854,2.3570132,0.0038390835,0.016575482,0.07279894,0.0051170997
2.721135,0.74716824,0.019457566,0.1322912,0.030338017,1.1470425
0.55940706,1.1413829,0.0019076428,0.030773781,0.0036593387,0.0052517513
0.763492,2.2843297,0.024238773,0.033445496,0.17807645,0.031234292
2.348414,0.69143534,0.004844396,0.019697761,0.009551456,1.4247462
2.432296,1.1862108,1.8623214,1.5116825,0.00430189,0.8197648
2.278764,0.42466313,0.052026104,0.01591114,0.028323667,1.3407587
0.78008187,2.5772932,0.021050632,0.122666605,0.0017209495,0.011147352
2.7368107,0.841541,0.00081998407,0.016294321,0.0029774592,1.3523384
1.9337385,0.3851819,0.14397004,0.0013268196,0.0048086396,1.5646584
2.10386,0.42105478,0.00015866623,0.0065865014,0.04309416,1.5737373
1.9725914,0.48440492,0.00039266865,0.0055553485,0.00014048061,1.717316
2.6809192,0.46751073,0.0042700353,0.023896163,0.007959378,1.2278005
2.2783968,0.31069747,0.009527265,0.002035567,0.005151995,1.4822297
1.8880422,0.51475924,1.6267211,1.1497463,0.0030021677,0.8915473
1.5023772,0.10511585,0.013680844,0.016616426,0.001247763,1.434971
1.6792619,0.6433339,0.8458813,1.9179224,0.00035763864,1.1338845
1.7949021,0.16215505,0.0043965722,0.013866238,0.0078517655,1.5879263
2.097852,0.24339622,0.12462027,0.0011386967,0.0013018792,1.5637641
1.6983632,0.15864561,0.03563174,0.047248296,0.012556182,1.6212481
1.768911,0.2638159,0.07735393,0.0023624008,0.01249638,1.7447855
1.440814,0.0013593335,0.08607652,0.065951355,0.004064565,1.4049073
0.5252221,1.5471369,0.00059892214,0.005687516,0.007813331,0.0011801013
2.071223,0.39207616,0.09006702,0.01355476,0.0139114,1.7215554
1.8375992,0.08684072,0.0035861393,0.02698617,0.033022027,1.6211663
1.9095128,0.08736644,0.24113145,0.04940711,0.0021366286,1.5546173
0.55975467,2.1112056,0.0030356622,0.061536726,0.011891193,0.018594628
2.4596336,0.013849059,0.13609995,0.0042497865,0.0312864,1.4416552
2.6168215,0.5054717,0.012457264,0.05466463,0.05633371,1.5991045
2.0146332,0.11046301,0.44768217,0.053678572,0.008637564,1.6323483
2.4836936,0.15919064,0.049039476,0.010415286,0.0062041907,1.7595503
0.498562,1.449022,0.003948423,0.0027493092,0.07870322,0.014049676
0.47756812,1.9021151,0.015775716,0.021060063,0.0075581525,0.013471407
1.3894506,0.1715797,0.398232,0.007052864,0.045485202,1.7220337
1.9732866,0.35139647,0.021306513,0.01082287,0.023985254,1.9944296
2.3904824,0.09338368,0.20240408,0.013402989,0.002010987,1.7345396
1.6650695,0.016800161,0.27914122,0.040554754,0.020268843,1.6404225
2.1318219,0.14313114,0.5878646,0.20396473,0.019886218,1.6687984
1.8246208,0.25950167,0.094888985,0.0042580017,0.0718994,1.9528435
0.3821653,1.3800966,0.14560641,0.008864047,0.085831426,0.0048626442
1.952203,0.6169817,1.7147366,1.4023046,0.012038186,1.1263644
2.099329,0.0147224115,0.6464875,0.0040404415,0.0027101107,1.4952395
1.9546378,0.24424787,0.021592485,0.006327477,0.02437664,2.0389652
2.9840462,0.017621038,0.015307965,0.013397779,0.01594201,1.802079
0.41072387,1.667987,0.13352275,0.00480169,0.0006708462,0.0022144218
0.40204018,1.8366084,0.030096997,0.0072340267,0.0023576315,0.0032596658
1.8761954,0.03826171,0.7863837,0.026611328,0.0078105517,1.4019748
2.7270248,0.100980096,0.06813424,0.07004877,0.0014259219,1.8446658
1.779507,0.20032145,0.14035642,0.055149604,0.004538037,2.0789032
2.025268,0.60928845,1.5178686,0.9489288,0.0013470863,1.5553739
2.0675852,0.16346139,0.36048177,0.026158156,0.01905975,2.0016851
2.1055794,0.46387273,0.89992356,1.3628197,0.009940039,1.4483287
2.0659828,0.41267163,0.55801934,1.7296786,0.00046849062,1.5915756
2.077172,0.07650394,0.2981222,0.0063988334,0.03164494,2.0217876
1.9369235,0.23474748,0.54245853,0.5907949,0.007491911,2.058088
1.646677,0.31105852,0.12698266,0.0069449493,0.034150656,2.193902
0.33433524,1.8584218,0.43773937,1.1367829e-05,0.024395641,0.05992838
2.4172637,0.104005605,0.43928412,0.006256468,0.009230715,1.841664
0.37118575,1.7472657,0.009094702,0.0080565205,0.049921937,0.00011113241
1.7849593,0.44766617,0.8058127,1.3200314,0.034534726,1.7172695
1.5309916,0.5257039,1.3247347,0.9953541,0.09520737,1.9272408
2.2044585,0.016492823,0.5678431,0.5000774,0.010369234,2.0238035
2.4289882,0.08105578,0.10517512,0.006609622,0.053230908,2.065403
2.097687,0.006785001,0.12321543,0.040757366,0.00019201385,2.1604202
1.9058048,0.012093301,0.41598603,0.021699851,0.008916209,1.9909598
0.6545474,2.8935626,0.03164047,0.07023855,0.03401929,0.007620163
0.32927358,1.5351617,0.062626146,0.016968325,0.0018565075,0.08151444
2.3183682,0.003974062,0.4177494,0.004093769,0.02742793,2.0145571
2.4321194,0.71945286,1.2781539,0.05222804,0.010513659,1.1796805
1.918298,0.07734825,0.33076307,0.01949277,0.022604462,2.2101583
2.445745,0.037231237,0.58266544,0.007429072,0.0021226502,2.0140254
2.4332888,0.054071087,0.053650536,0.009817314,0.009511896,2.345079
1.7366984,0.01585618,0.020294728,0.0026165973,0.04016276,2.524823
2.4487014,0.9926411,1.8820444,0.6989996,0.03034522,1.6123023
1.7228729,0.54558766,1.851241,1.5003344,0.09898274,1.4063046
2.4530363,0.11411625,0.73344904,0.023329351,0.009280575,1.8913134
2.0705943,0.06911425,0.81022346,0.015898021,0.0047801603,1.8145864
2.2223017,0.14290701,0.89364916,0.7148727,0.017941333,1.9557921
0.29078805,1.4380454,0.002788084,0.026546327,0.0028768138,0.010943322
2.120996,0.38641706,0.9590388,1.4630264,0.007247601,1.8884623
2.2179508,0.006433274,0.9133423,0.008631491,0.019428434,1.8006383
2.7933912,0.5737403,0.90133834,0.033241954,0.0019191412,1.7538439
1.7826368,0.26560336,0.49027053,1.9458032,0.010360469,1.6683533
1.9995353,0.025037482,0.876388,0.09750053,0.09699792,1.9549644
0.42728445,2.248275,0.015543648,0.0014846807,0.0014999065,0.012136973
2.3662558,0.4855954,1.801379,1.6195139,0.0027270978,1.0332662
2.2194088,0.1497818,0.20390826,0.010447107,0.00039699508,2.5826933
2.256123,0.6240862,1.9158218,1.0793347,0.010680192,1.4301455
0.4143384,2.2498097,0.019795226,0.0008050502,0.05121666,0.00053930515
0.3925226,2.1768618,0.08804991,0.012950325,0.012807213,0.0016608413
2.0290911,0.4033231,1.3085628,0.13682313,0.01700696,1.4845072
1.8628069,0.21744964,1.2249867,1.1102785,0.021920672,1.9996089
0.20929202,1.8409662,0.06837637,0.07438676,0.013964281,0.0028084952
0.07546625,1.437409,0.011652335,0.008021997,0.003086571,0.006777773
2.5325494,0.46253753,1.3525692,1.136965,0.020693973,1.614981
1.8167639,0.01566535,1.6362486,0.79933095,0.0012822988,1.578701
1.6415087,0.110628754,1.574087,1.0694871,0.0061911345,1.7362862
0.20832126,1.8494399,0.019483445,0.029901588,0.0072201993,0.06990951
0.113540165,1.5161837,0.068151385,0.0120332735,0.104617536,0.007443758
2.3482633,0.42953977,1.3219455,0.57366306,0.007183254,1.5162731
1.5019038,0.023270134,0.96591777,0.017120892,0.0017665994,1.7696728
0.18755952,1.6622021,0.0007638777,0.0017589335,0.08734347,0.004151452
0.04105953,1.4799736,0.011968727,0.01982008,0.0016154834,0.003497993
1.8801649,0.06606424,0.34078288,0.0006311107,0.002497002,2.804106
2.9194682,0.011019112,1.3119731,0.6308706,0.050038736,1.6340102
2.1709719,0.16142897,1.2866285,0.034493536,0.054994278,1.7040874
1.8841758,0.14511707,1.2362949,0.46477562,0.015114803,1.7913222
1.8867371,0.28974757,2.0273025,0.93188286,0.010171206,1.5884049
0.013496455,1.6012471,0.0081460895,0.008231435,0.015568647,0.017645767
1.9803773,0.034317102,1.4577539,1.4051368,0.00059042836,1.6134927
2.5775452,0.08920147,0.7821554,0.078830205,0.0036096557,2.3310006
0.05008441,1.6487283,0.020407053,0.02353164,0.009435042,0.007860193
2.1233082,0.005776902,1.236816,0.21898402,6.542959e-05,1.4918497
1.4146712,0.036093,0.7231045,0.0074053626,0.06869695,2.453692
2.1970859,0.005419423,1.7244672,0.8364981,0.011933866,1.5790744
2.1944976,0.07938869,1.1317981,0.53190213,0.013568603,2.0663924
1.8010452,0.021636173,1.7655985,0.63625956,0.034739196,1.3912199
0.14897823,1.9080747,0.029152356,0.018594151,0.018631747,0.002045662
2.425316,0.05767731,1.2604043,0.008587993,0.00066438544,1.6750916
0.20836101,2.0211112,0.008587276,0.0034217567,0.0015837163,0.014785297
1.7559792,0.40062305,1.5016781,0.05081652,0.00929326,1.559377
2.1183176,0.008186341,1.1328964,0.009325293,0.0008169755,2.0691535
0.01993951,1.6851429,0.011086179,0.003112249,0.0022965262,0.0644233
0.046883248,1.7689152,0.0077070286,0.0058096517,0.014232508,0.014445394
0.064595,1.3232602,0.24847385,0.014788863,0.30186445,0.043995757
2.3053305,0.0073930826,1.2656255,0.14958978,0.008954078,2.13981
2.0233445,0.045796335,1.3309692,0.017744428,0.0045667086,1.8022202
2.3483863,0.069973186,1.2897542,0.121374406,0.02926999,2.0522444
2.3467183,0.006912448,1.3531162,0.00085253245,0.0005344235,1.9911323
1.7134459,0.15105335,1.6842986,0.72548854,0.0006985874,2.0190806
2.0396142,0.066082016,1.7311592,1.4857652,0.015842292,1.5151069
1.9652239,0.39018348,1.661077,1.4936916,0.07296826,1.8144512
2.1010423,0.00906733,1.3012016,0.6248705,0.037084088,2.1546135
2.2701583,0.002581365,1.3045142,1.6074555,0.006773103,1.666134
2.2124941,0.061648726,1.5513799,0.0035132498,0.0006693064,1.77389
1.7521822,0.014448312,1.355974,0.038892083,0.085712105,1.6063905
1.700991,0.15352473,1.8278891,1.5856587,0.0011884929,1.380958
1.6627266,0.008141243,1.4289385,0.23658322,0.0115941195,1.7244798
2.353777,0.2426079,1.4063545,1.5321406,0.011843749,2.0080118
2.0605543,0.12503426,1.637147,0.415294,0.0077660754,1.8583483
2.099639,0.0013212842,1.1735854,0.038951833,0.020743448,2.3577743
2.5850048,0.53238237,1.7553505,1.9409488,0.0039178086,1.3470429
2.3534186,0.07073457,1.7148051,1.5752925,0.017463772,1.5427318
1.9341146,0.04965912,1.7142476,0.21964933,0.008036008,1.1948739
0.029117994,1.9206052,0.009676567,0.014526673,0.027935177,0.0115189
2.1899083,0.006033209,1.6284558,0.64434314,0.002717182,1.9468876
1.9573833,0.011688281,1.5091748,0.0008503207,0.029769994,1.9262216
0.06435823,1.8112632,0.029505553,0.009700048,0.08246722,0.0055541093
1.8355005,0.025697237,1.9345329,1.1694,0.057518367,1.7606229
1.748986,0.057315003,1.7431111,1.4523141,0.030352985,1.7989385
0.0022549105,1.6910118,0.16219278,0.0041601053,0.04193325,0.00588493
0.15741757,1.7956287,0.0042311014,5.884241e-06,0.16138433,0.03521742
2.0356097,0.00737681,1.771135,0.81613404,0.027753308,2.1865056
0.017926332,1.8689793,0.0015295788,0.049655136,0.055795375,0.066991955
1.8684522,0.009152785,1.6156641,0.014313283,0.019067919,1.3380083
1.6261153,0.025644762,1.4339026,0.06446606,0.09914119,1.9707206
2.5324347,0.22499344,1.6794089,0.07736369,0.0007083684,1.7436808
1.7918665,0.018483384,1.8780794,0.8510852,0.007236718,2.0751772
1.4667931,0.07594608,1.347468,0.34741235,0.04417284,2.2165887
2.131924,0.0021205426,1.4782197,0.018073969,0.00065308594,2.4760249
1.9667225,0.0042730346,1.9330966,0.9735812,0.014128847,1.9954158
2.669914,0.12532851,1.6158487,0.07902616,0.018574374,2.7391958
2.444874,0.0023312606,1.8271885,0.2997501,0.40296373,2.4057918
1.8203213,0.02808994,1.498586,0.023289327,0.013901895,2.0928478
0.27980924,2.282142,0.0016275294,0.020750688,0.010999719,0.010475808
1.4610761,0.13947026,1.5074716,0.008921622,0.0032813097,1.4789065
1.9156092,0.07444088,1.983183,1.1192801,0.010342215,1.973985
2.505667,0.26730335,1.8040142,0.11606278,0.004519941,1.9152987
1.730306,0.0011019831,1.1395493,0.0009531638,0.096565306,2.4458525
2.2022243,0.010193647,1.7125568,1.1156422,0.055997714,2.3592594
0.02076576,1.5483459,0.019701732,0.0042555453,0.18517578,0.01545068
1.2527442,0.01889576,2.0300608,1.1958067,0.005480538,2.146115
0.006509484,1.8032898,0.01806554,0.0641447,0.097829655,0.0016938027
1.6296751,0.14234962,1.5260853,1.532275,0.016907146,2.0428722
1.7941343,0.058283594,1.8880204,1.4650174,0.036749654,1.7099943
1.5245478,0.0072641885,1.7093252,0.76821095,0.0031427124,2.4351988
2.4176323,0.012526318,1.9166908,0.5925779,0.2077768,1.8015193
0.0012486218,2.0266132,0.0380618,0.12985846,0.011945085,0.0033770858
0.054217003,1.9220055,0.23663968,0.014996271,0.08399965,0.022116117
0.288589,2.3627582,0.015711099,0.006572023,0.03432444,0.033415448
1.7031639,0.013985717,1.4919709,0.043858495,0.003141757,2.1987388
1.7709873,0.007998353,1.6667763,0.0043912255,0.005498314,1.8388497
1.5805489,0.22132951,2.2367544,0.9493356,0.00031944257,1.8063538
1.520437,0.018851487,1.5785322,0.002130454,0.021260368,1.8950713
0.018018562,2.0155008,0.002847165,0.013330069,0.02884156,0.11631721
0.021305718,2.05345,0.002293402,0.0025720582,0.06039744,0.00048432025
1.9362576,0.0020793993,1.9322037,0.4991148,0.00017545029,1.497315
2.3232214,0.15346883,1.9834569,1.4801745,0.0019372352,1.8316408
1.923902,0.048248693,1.7929089,0.0695547,0.04689321,1.793433
1.9129281,0.010733432,2.2368686,0.89779454,0.009386086,1.7601365
1.752484,0.12508175,1.7125801,0.021369822,0.03041178,1.937585
2.2744503,0.094003394,2.1421466,0.96190846,0.047424044,2.3328946
2.0620153,0.106504835,2.2572417,1.0900173,0.10917468,1.8997594
2.4091523,0.14245282,2.6205127,1.1773108,0.0013635381,1.7253842
2.0742397,0.052445944,1.8721032,1.0825906,0.008789235,2.34302
0.16863193,1.9879438,0.046550658,0.00802758,0.15869041,0.015582919
1.8031086,0.021953756,1.8013494,0.0016179652,0.046677697,1.6715515
2.1165533,0.16839823,1.9432706,0.040877536,0.07139439,1.8323961
1.4685197,0.013020922,1.6635386,0.009540995,0.077999644,2.146367
2.7460563,0.03295608,2.2254598,0.0020614732,0.008532292,1.7851557
1.9096932,0.033031616,1.6654978,1.4708833,0.043861564,2.1645792
2.0418293,0.025677025,1.9697665,0.2678801,0.009794102,1.8309492
1.8144698,0.29981098,1.8994101,0.22940373,0.014812169,1.6113794
1.6003201,0.047875933,1.7015837,0.004888392,0.02872352,2.1033928
0.1787772,2.2881367,0.02398632,0.012190576,0.016566854,0.015006445
1.8266599,0.07650084,1.7317272,0.005345054,0.01968341,2.154058
2.6295667,0.005055319,2.0376441,1.5949999,0.07560601,1.3524499
2.3357432,0.050447762,2.254512,0.5519531,0.00011549471,1.7015784
1.9230407,0.0013681558,1.910402,1.7024239,0.018816255,1.5992603
1.7521813,0.07288919,2.0429623,0.45890006,0.023521552,1.927499
2.2441404,0.027359879,2.150872,0.43926057,0.0072372756,1.3390415
0.04423099,1.9046656,0.21718875,0.0036253904,0.14292106,0.00089950894
2.55237,0.005255761,1.9382919,1.4957788,0.013640015,1.8775623
2.4612582,0.14616385,2.0228505,1.5250077,0.00083123724,1.9233854
2.2776666,0.14842334,1.6180687,1.7187304,0.0100974245,2.010906
0.09014269,2.1825066,0.07550804,0.021733474,0.0040177605,0.008246329
0.2613623,2.550627,0.021895552,0.020889584,0.02227609,0.0013060266
1.8525517,0.046607032,2.1113224,0.72415316,0.0011977687,2.312448
0.0036065276,2.1686602,0.00042153045,0.045611262,0.018250741,0.0020731129
1.9428668,0.00163784,1.4373708,1.7947421,0.058260635,2.0413828
1.9051147,0.0074078944,1.9556292,1.47448,0.06075345,2.0692189
2.1008976,0.006758591,1.3035711,1.5817902,0.23379722,2.4141965
1.9568752,0.21451204,2.0965347,1.534162,0.058937144,1.9558303
1.4852916,0.005577758,2.6983364,1.258869,0.022970824,2.313839
0.002937623,1.6822073,0.049432732,0.0026777643,0.23013644,0.036436185
1.7740575,0.0075482284,2.197274,0.009576615,0.004297196,1.8162172
1.5080309,0.015492139,2.1840205,0.06693893,0.025990952,1.3955249
0.08648333,1.7004083,0.012266858,0.0236237,0.2973914,0.00767323
2.3742182,0.01377867,2.0933244,1.473741,0.037518736,2.052237
0.011915921,1.7462538,0.0070137177,0.030490257,0.2558288,0.08268726
1.8748807,0.010233193,2.2812257,1.4866428,0.030911794,1.9637661
2.1557887,0.024940109,2.3493967,0.04364272,0.06643114,1.6375315
0.046114977,2.0685122,0.06436101,0.019082932,0.16364878,0.016638517
0.044252742,2.3350508,0.008406406,0.0018476715,0.002415541,0.010186803
2.0683415,0.054704838,2.3885708,1.6539358,0.031136647,1.7950214
1.3289479,0.08137051,2.2181606,0.05714053,0.04140714,2.3516026
1.4677998,0.03998907,2.4722946,0.01733028,0.088214874,2.5869217
1.6076195,0.003205092,2.2723348,0.024469662,0.02033813,1.7466282
0.037433833,2.182426,0.0044182064,0.021684784,0.14153297,9.795427e-06
2.3274872,0.0681383,1.897266,1.713343,0.25671035,1.700988
0.15638483,2.4108338,0.092158824,0.01984112,0.055972867,0.023446025
2.155828,0.0011457376,1.7495505,1.9479383,0.0028650018,1.8207792
0.07226066,2.286139,0.0813402,0.017974285,0.06951781,0.028434092
2.2069213,0.041392505,2.1480231,1.6863216,0.025858829,1.8762374
2.1754868,0.056442827,2.3077588,1.592816,0.012628919,2.2595327
1.728634,0.024200803,1.4147391,1.4475693,0.51728475,1.8733445
1.6713425,0.0072159767,2.7064283,0.09618807,0.02080178,1.7079822
1.7725352,0.048035342,2.5514412,0.15863353,0.017982643,1.8339466
1.8838435,0.09209667,2.8466952,0.04335852,0.0012911722,1.8613389
0.0009679715,2.5189443,0.018987875,0.016712429,0.0035399047,0.005693967
0.0198055,2.4435136,0.00013037377,0.013584167,0.050914925,0.034413133
2.0116038,0.0020439054,1.9605994,1.5347261,0.19544502,2.4855926
1.8266062,0.0040675714,1.9973656,1.7440804,0.2860155,1.7682072
2.021733,0.037637413,1.7130791,1.5453551,0.3419865,2.3009553
1.8303256,0.05111865,1.9137363,1.8380231,0.0019962925,2.518896
0.038685903,2.7197373,0.031711563,0.023382261,0.029250763,0.027925316
1.7866877,0.003826008,1.9158443,1.879454,0.04994708,2.2787685
2.0242703,0.0125201605,1.9774901,1.8383986,0.060268424,2.2395196
1.5810324,0.1017379,1.5674753,2.0843008,0.26616317,2.1981568
0.19267723,2.7533371,0.07470839,0.0060593043,0.18472135,0.0031761038
0.020586716,2.393426,0.04049726,0.0014984474,0.14619452,0.00922835
2.3375797,0.06880149,1.4374007,1.880366,0.43312824,1.9141105
1.8529692,0.0031976732,2.371611,1.8220778,0.060711868,2.3400114
1.6350986,0.01868237,1.9526995,1.6516536,0.59363973,1.4059964
0.041303318,1.8155817,0.012812363,0.027065778,0.3536618,0.0726088
1.6711454,0.004375483,1.7961279,1.6553595,0.5528476,2.0126452
2.3448253,0.0061651357,2.4191585,1.7778527,0.3356828,2.1541107
1.6532791,0.05020037,1.7057142,2.0073776,0.42666513,1.7106932
2.342112,0.107718885,2.3339067,1.7909766,0.36268666,2.0333138
1.9996468,0.103131056,2.5547721,2.1181545,0.122749075,1.4054092
0.028675731,2.305665,0.012453785,0.005276972,0.292235,0.0046415473
1.9828023,0.014084772,2.098449,2.2639265,0.12763277,1.53279
0.03422563,2.284981,0.009843234,0.01177366,0.30168474,0.10480925
2.1146715,0.08600711,2.0741951,1.5566076,0.69289917,1.8879822
2.0293279,0.029484639,1.6153399,2.337805,0.2055929,2.1735275
0.0019700746,2.5174692,0.26333857,0.07124873,0.3145964,0.029171253
2.103967,0.061868235,2.3879044,2.0628626,0.30312064,2.9309266
2.6672313,0.0019609497,1.9807296,2.2093184,0.4562723,1.9542215
1.8523022,0.015300487,2.1502411,2.342109,0.22309823,2.3204591
0.017141907,1.8226475,0.44059452,0.017059853,0.54143727,0.05918004
2.0633585,0.052728318,2.0915468,2.581514,0.1662237,1.6229435
2.2962782,0.06816174,1.716365,2.3100126,0.4682642,2.0374625
1.7459487,0.0947482,1.5715643,1.9027636,0.6904731,2.0880222
1.7891427,0.024139766,2.0951254,2.854018,0.03922656,2.2723768
0.06986782,1.9372941,0.064208366,0.0017130056,0.49457273,0.0033888882
2.1830125,0.096053526,2.0034146,2.1482596,0.6662815,2.3158908
0.042635776,1.827678,0.02067843,0.00010118051,0.52832466,0.003910815
1.4782338,0.059394974,2.208501,2.3640018,0.57279336,1.4821262
0.0044582193,2.6016698,0.015102427,0.11819632,0.54216224,0.0070375274
0.023074906,2.3257468,0.055276796,0.007924246,0.5411585,0.006982709
2.2201836,0.0014595516,1.9466387,1.7858086,0.9033674,2.4898612
2.243691,0.00015564449,2.3591444,2.422961,0.7635538,1.9307531
2.2795713,0.004790998,1.8204979,1.6496649,0.9271397,1.993353
0.12305203,1.9839928,0.022513455,0.009285729,0.5536835,0.0048734844
2.1225536,0.002653297,2.0689669,2.6086736,0.8120661,1.6152359
1.7600695,0.040431283,2.3451786,2.1290789,0.8022279,2.0079567
0.057420403,2.6138978,0.029677317,0.0049876887,0.62767726,0.042819187
2.1364758,0.0027437322,2.3905916,2.8462603,0.7128282,2.304232
0.0068857404,2.3154955,0.0033977288,5.6846166e-05,0.60760474,0.06860634
2.1744144,0.010128359,1.1845212,2.0233479,1.0084894,1.3629152
1.9550403,0.80549943,1.0802723,1.552391,1.2306944,1.4080926
1.7446228,0.0034014797,2.3200004,2.706149,0.83928764,2.206513
1.9935253,0.06304682,2.179416,2.439022,0.9676263,1.8619936
2.20924,0.0039489074,1.5424353,2.1686015,1.080859,1.8555461
0.020798953,1.7435932,0.039267156,0.040439304,0.65319216,0.033931807
1.7422656,0.111578785,2.0113437,1.666977,1.1958185,1.9107704
0.015354593,1.9686201,0.008017607,0.012367967,0.69313586,0.03587608
2.2194984,0.04451217,1.8493321,1.8330603,1.2408842,1.9674655
0.00040349422,2.586589,0.008489905,0.0022730168,0.7265976,0.002451524
0.0013132201,1.6367056,0.08935678,0.013681797,0.75653386,0.011435855
1.3510487,0.008468514,2.0766292,2.1353753,1.0411206,2.1261024
2.116739,0.005703457,1.719573,1.7377694,1.2800009,1.9546871
1.7300161,0.002885557,2.2033396,1.9757472,1.2517629,1.9629563
2.3630986,0.034660034,1.6926687,1.770441,1.2420664,2.142
1.9395849,0.0770068,1.6643727,2.2529526,1.4850314,2.005261
1.73519,0.0010044351,2.1988125,2.4838545,1.3032725,1.7617776
1.9752995,0.0036154513,1.9256605,3.0018053,1.4868134,1.8389119
1.7151356,0.0043612495,2.2261071,2.038406,1.2630249,2.0066268
0.01619756,2.0521374,0.007776208,0.0038298855,0.74424094,0.0161309
1.7791303,0.0603292,2.0482664,2.2147217,1.3968942,2.225578
1.7728809,0.36138994,0.88390625,1.6153591,1.2596638,1.7104008
2.2635167,0.009725052,1.8493347,2.1956892,1.3521281,1.8429871
1.8134509,0.03592762,1.8443809,1.442864,1.3717288,1.8993646
1.8551334,0.061909072,1.9462045,2.1993196,1.5427911,2.255127
1.6730863,0.017081983,1.9826192,2.5395207,1.4078163,2.109218
1.773176,0.0011398392,1.5129774,2.046269,1.677094,1.7673067
2.3413987,0.00029240607,1.8044373,1.8402411,1.439763,2.2493546
1.9736849,0.0006289252,1.8195643,1.5862088,1.561381,2.1928294
2.1988683,0.00046431733,1.855712,1.7914355,1.5449506,1.8695636
1.4284269,0.004933372,1.7565235,2.0348532,1.348537,1.9635077
2.1287243,0.023430258,1.4267255,2.120861,1.8811507,1.934823
1.9768708,0.07101823,1.9327784,2.2964911,1.7336177,2.2158127
1.7600516,0.014917044,1.8251644,2.3272986,1.6874751,1.3529466
1.7328439,0.005303504,1.7194177,2.208317,1.6784258,2.1915338
1.7197031,0.056381196,2.234564,2.4078748,1.6792748,1.8373778
2.1990755,0.01267864,1.3344605,1.5628471,1.6754073,2.0078945
2.0550873,0.006211237,1.8460813,2.0445611,1.8021897,1.8969871
1.6001887,0.03555666,1.9782043,2.0832846,1.6122363,2.0257132
1.8368391,0.012049209,2.512072,1.6912936,1.4455906,2.2364023
1.7995967,0.002317971,1.9934884,1.9866791,1.7940654,1.8809618
2.1928344,0.010778939,1.5977833,1.7228009,1.6300936,1.5161724
1.9138305,0.11026877,2.3495967,2.09862,1.629271,1.714784
1.8649131,0.029613195,1.8607719,2.1239252,1.8210063,1.640394
1.5273304,0.0285752,2.3567934,2.4609227,1.5712652,2.1060548
1.7904471,0.00025347035,2.5380785,2.3044724,1.6033183,1.6539385
1.7754073,0.007151386,1.9629905,2.6765404,1.8014655,2.2179956
0.033764157,1.809457,0.16652115,0.031397272,0.9000088,0.011566902
1.9774815,0.13582176,1.7122612,2.0990467,1.7532136,2.3838668
1.7476996,0.03260582,1.8340403,1.7085923,1.6863885,1.6873021
1.6734674,0.047648918,1.9046531,2.10584,1.8677031,2.1662786
0.049146697,1.7331691,0.000893009,0.03890762,0.87815887,0.0011454644
1.9352056,0.042961933,2.009354,1.3831834,1.7478434,1.8488381
2.7075222,0.028578578,1.8853308,2.04253,1.5906478,2.0967593
1.5543619,0.002529782,1.8826711,1.9280049,1.6784393,1.9162066
2.0126972,0.04899931,2.6449463,1.7414074,1.4381521,2.6234999
2.000757,0.006481573,3.2514906,2.370894,1.3852206,2.193322
1.754328,0.09807837,1.8066096,1.9709177,1.9377381,1.8274577
2.0559921,0.0059762453,1.4040632,2.0086458,2.0832765,1.671453
1.5766563,0.009753138,1.8297138,2.1318343,1.8569486,1.947285
0.106565066,2.1494274,0.0059945863,0.014509579,0.9041211,0.09927044
1.9887736,0.019439936,2.4323266,2.17238,1.6492447,1.5707185
2.0293407,0.018947866,1.8245927,1.792735,1.9582292,2.0310476
1.5871369,0.0027293353,1.6993908,2.033905,2.0480514,1.9758118
1.7599465,0.045102917,1.5682789,1.6189091,1.7919035,2.3164515
0.009903748,1.9433644,0.009746538,0.029313056,0.936391,0.041856106
1.5697842,0.12978244,1.953653,2.0096343,1.910432,2.1155655
2.5702908,0.15617453,1.68982,1.919869,1.6008136,1.397203
2.205899,0.027589442,1.9725674,2.1082718,1.7426275,1.5484813
1.8372294,0.010545277,2.2542126,2.3800585,1.7054507,2.5528724
2.0469005,0.006921108,1.7509735,1.55135,1.8819844,2.0591369
1.4726533,0.023968957,1.928443,1.9963537,1.4323652,2.5822055
2.2091138,0.011306683,2.1246083,2.3924792,1.7831422,2.4846761
3.086141,0.0027929728,2.0674431,1.9928548,1.5568684,1.9173537
3.0628548,0.016982788,1.6297348,2.3775904,2.1069448,2.2266965
1.4602993,0.0030043516,2.225052,2.250462,1.7398405,1.6575145
0.044940773,2.1912456,0.13172603,0.008843275,0.9346921,0.019779472
1.3097064,0.008466085,1.8783162,2.165461,1.6075593,1.7597324
2.4400456,0.0013640362,1.8367273,2.2565746,1.8142956,1.6606374
2.398352,0.08272525,1.8934289,2.213441,1.6751928,1.2728235
0.003256636,2.1616812,0.017424205,0.17762025,0.9160264,0.0023029426
1.3618599,0.033837683,2.238238,2.1117063,1.6577238,2.265492
1.4452161,0.11825327,1.4301965,1.7479246,1.87082,2.140384
1.5546988,0.07002558,1.3134463,1.4996746,2.0151105,2.2360666
0.0055070706,2.626455,0.0024432081,0.012649187,0.9404901,0.006174606
1.4004428,0.075105175,2.503248,1.9053046,1.9330584,1.7334448
2.1303554,0.014528132,1.6691698,1.7989646,2.073954,1.8698001
1.3943714,0.16394192,2.108624,1.751286,1.7686164,2.0483649
2.0148025,0.035348512,2.0881958,2.3364146,2.183781,1.8033246
2.5017772,0.08488455,1.6214001,2.0327551,1.9986728,1.7672709
1.2685207,0.008024065,1.821587,1.719161,1.5539646,1.4755516
1.7916362,0.019247953,2.2543268,1.4642125,1.927307,1.6114191
2.34625,0.00855405,2.1131928,2.17688,1.9596273,2.0373921
1.2177358,0.00233858,1.9583426,2.133891,1.4358498,2.5554898
0.98476577,0.005649943,2.004901,1.7757944,1.1054517,1.584618
1.7598475,0.050449092,2.252078,2.1214435,2.0452807,2.329753
1.5850506,0.006211812,2.1261127,1.7780719,1.9713825,1.5850242
2.1949987,0.012530316,2.5808077,2.3840415,1.9088547,2.8856764
1.9401722,0.0028690002,1.8271608,1.6963344,2.3982024,2.1901126
1.7070327,0.014423992,2.2258549,2.5669248,2.4476523,1.8996809
2.003341,0.011118691,1.9161574,2.2377005,2.2477498,1.9784713
2.021235,0.0006521555,1.9068502,2.0883977,2.290028,1.3119774
1.80236,0.017371131,1.793023,1.9462057,2.2168198,2.6173096
1.2221255,0.012162963,1.8414793,2.2300131,1.5776635,1.7573682
2.8348908,0.003000793,1.944406,1.8568394,2.0444388,1.8684018
2.199491,0.0050187097,2.2296133,1.6939712,1.8700227,1.6443965
0.0006787788,1.7422657,0.0073912526,0.006686374,0.971522,0.009153543
2.1407077,0.0029318423,2.5934887,2.2317245,1.9292978,1.8036572
1.4720129,0.009882854,1.9051608,1.9561573,2.0798562,1.4582688
1.8100628,0.0016943014,2.2629838,1.8555508,2.0674329,2.2834115
0.07953992,1.5959727,0.012054818,0.012932659,0.9654796,0.0011325391
2.224844,0.02419188,1.9327221,2.127296,2.3069313,1.5452738
1.727473,0.17569938,2.2809584,1.4313446,2.0434396,1.9734199
2.1751864,0.01062387,2.130414,1.5607696,2.3675141,2.2065628
1.5697924,0.08187297,1.9528537,1.8949236,2.1925545,2.372838
1.3222767,0.0062570656,1.9865009,2.1361248,1.6922439,2.672338
1.8875264,0.0019744115,2.103026,1.5819402,2.087257,1.6646043
0.24939632,2.5012965,0.0046904795,0.027283497,1.0583107,0.0061019426
1.3279847,0.007206345,1.659135,2.0652397,1.8974535,2.187522
2.3596206,0.0016141322,2.5212443,2.1522448,2.0751042,1.366232
0.13250928,1.6989944,0.07848664,0.17274567,1.0194026,0.00068198045
0.0020403985,1.7261925,0.0046450407,0.012311014,1.033115,0.06423036
1.1298127,0.010663011,1.8842639,2.004227,1.5686126,2.0431879
1.3112974,0.0038164908,2.258043,2.2650743,2.1857598,2.2819214
0.015528256,1.8241507,0.017068353,0.03853806,1.077889,0.03146472
1.2439578,0.018970741,1.5112736,1.6349878,1.8666738,2.292392
0.0052398965,1.7540344,0.01642422,0.00038048727,1.0692695,0.03414035
1.4036815,0.12535888,1.6906719,1.5673554,2.2971168,1.767186
2.1081476,1.2445757,1.6418039,1.7778593,2.8668373,0.9021253
0.0032366598,2.1299314,0.06075812,0.017629428,1.0733083,0.010921563
1.9727966,0.0725812,3.1810122,1.2459589,2.0584362,1.5399086
2.3455935,0.11474542,2.3219514,1.9304782,2.3785167,2.014952
0.0018396417,2.1127827,0.00048717964,0.17830104,1.1242037,0.05476512
1.242403,0.033972934,2.3214598,2.281525,2.5570173,1.9360471
0.057469044,2.4181187,0.0023649223,0.011700045,1.1386954,0.0030817618
1.0397983,0.0073454552,1.629176,2.0474474,1.520621,1.7484088
0.110710695,2.182177,0.349514,0.0017700352,1.1441765,0.0072840117
1.3958055,0.024346374,2.2014644,1.7743552,2.4116113,2.214842
1.306891,0.030564196,1.9454285,1.378193,2.1267467,1.6183804
2.0565662,0.0146944765,2.4254465,2.0508304,2.7226176,2.0288
2.260973,0.047035106,1.978423,1.7966758,3.1108093,1.9236945
1.1043285,0.011180449,1.8394252,2.3981037,1.9758874,2.088273
0.99556136,0.48224,1.598098,2.1251857,1.8331571,1.4405923
0.05450193,1.658646,0.0054295375,0.008284701,1.130338,0.0018161931
0.03566661,2.2333758,0.0067934087,0.006884941,1.1544436,0.005955875
0.10625282,1.7392323,0.0021333953,0.060233112,1.1536156,0.052020207
0.002142203,1.9139462,0.07413093,0.10865856,1.1798216,0.022465715
0.00901604,1.96155,0.0009926615,0.012825152,1.2060401,0.00038350475
0.9616822,0.0012212733,1.7956206,2.3651903,1.4776102,1.8434182
0.0068689347,2.372686,0.0020428859,0.020582182,1.1699337,0.00019580418
0.00875208,2.1704912,0.07435237,0.027545325,1.245855,0.006910929
0.9073467,0.013158439,1.6836895,1.8432257,1.8557636,1.8191413
0.8345366,0.016825346,1.965579,1.9812199,1.8409004,1.2940543
0.0042687748,2.226832,0.0035447564,0.2241851,1.2159917,0.15061393
0.97295904,0.021321325,2.102348,2.0515459,1.755027,2.344638
0.84649867,0.002698444,1.7541596,2.437465,1.6016417,2.530654
0.8241936,0.0043414426,1.9039582,1.8800006,1.673429,2.1185453
0.031060519,1.9666193,0.18176134,0.106386535,1.306404,0.011339726
0.83511114,0.008031755,1.4337696,1.8987712,2.1134958,2.466497
0.8885221,0.018408503,2.0107677,2.5152357,2.3550384,2.6286385
0.025632722,2.5502653,0.0012965979,0.027692996,1.2972949,0.0024271351
0.76952916,0.026767861,1.5577459,3.1309478,1.4349325,2.1642416
0.01007004,1.6845553,0.020009411,0.03217577,1.3375295,0.029692454
0.6985078,0.036860097,1.8815455,2.0004294,1.9767132,1.8964878
0.05921078,1.7147158,0.06474514,0.017098177,1.3544505,0.017780067
0.7701141,0.39482084,2.1065633,1.861545,1.7855341,1.5212957
0.025542647,2.6848867,0.008466441,0.034201205,1.2972662,0.009364545
0.0067105843,1.5779215,0.015326873,0.06618602,1.3746358,0.008878992
0.5906842,0.0014032315,1.5368818,1.5653001,2.4186153,1.9019114
0.039742347,1.655349,0.018567508,0.00012719321,1.3821876,0.007979388
0.5316487,0.08927977,1.8523116,2.178176,1.8814951,1.9981394
0.741855,0.018150294,2.0641716,1.965405,2.1605592,2.2990394
0.3879848,0.23479882,1.8632323,1.7816525,1.5509186,2.0184822
0.43169573,0.0005274575,1.9009014,2.0800471,1.8410124,1.9655356
0.013226105,0.058772523,1.6731185,2.2791936,2.1467366,2.4370124
0.020359227,2.0414073,0.030147111,0.00101412,1.4909103,0.0043704533
0.5053726,0.023298677,1.6357247,1.523568,2.0368378,2.5219276
0.7360236,0.0907901,2.3665955,1.5834422,2.1494222,2.087009
0.4774522,0.20847142,1.8626366,1.8255562,1.8542464,1.5536296
0.4205197,0.0277202,2.266432,2.1565034,1.9340394,1.7429087
0.53945214,0.06868027,2.2081673,2.1814237,1.6308956,2.0986803
0.23991437,0.053054664,1.9121441,2.01149,1.2876058,1.7715722
0.666623,0.008424687,1.9993523,2.1239386,2.5223064,1.9348279
0.23523864,0.07606588,1.8862133,1.933095,2.169896,2.0453033
0.14223538,0.025407497,2.403782,1.825193,1.8619388,2.1978042
0.64938146,0.48789376,1.9713385,1.9843961,2.1461868,1.4133319
0.6692614,0.055851292,2.2774446,1.4432957,2.0459867,1.6822114
0.59297955,0.20952287,2.0330427,1.333785,1.7975409,1.7437768
0.39726,0.031807415,2.3115928,2.028649,1.5377175,2.5618587
0.3485726,0.09120779,2.241526,1.5232036,2.104493,2.7308023
0.42924854,0.027672917,1.869372,1.4621077,1.6479411,2.167836
0.68492126,0.00088622747,2.3683748,2.2303846,2.0677102,1.7048621
0.016753329,2.560214,0.11698487,0.02901257,1.399672,0.002772598
0.4713418,0.011083649,1.8623047,1.7811022,1.7228616,2.6646287
0.39706662,0.035476964,1.9229168,1.6413664,2.0735965,1.8522757
0.21908073,2.041347,0.015268523,0.1020434,1.5183225,0.06767557
0.0036293494,0.13473648,1.9946167,1.9894788,1.651241,2.0133712
0.5252307,0.01273986,2.3508801,1.8344996,2.096734,2.1389897
0.40959635,0.0058559454,2.2780023,1.7206559,2.1234508,2.234634
0.14158586,0.013018373,1.6864629,2.1029484,2.1225176,1.9363849
0.02266753,0.018247208,2.213192,2.1948617,1.3766505,1.8481989
0.03142348,0.0013389107,1.6747252,2.310967,1.9716873,2.3850768
0.53414744,0.013787303,2.197624,2.0426831,2.309972,2.3677998
0.070803784,0.00073243334,2.2401338,2.1386886,1.8488512,1.7797445
0.16036384,0.017555522,1.9685385,1.7423103,1.8938124,2.0570445
0.08095423,0.004454325,1.4882188,1.9413884,1.9833447,1.8154753
0.000761023,2.2295144,0.016698452,0.09678815,1.5006437,0.03341845
0.26509935,0.02055527,2.066646,1.812509,2.1224675,2.2109694
0.1660828,0.3595522,1.5453099,2.1364565,2.0016227,1.9706293
0.31214392,0.09508831,1.8488121,2.7386653,1.1619043,1.6539552
0.36021423,0.0792559,2.0056376,2.0566466,1.7653134,2.1911912
0.14431013,0.03198991,1.560582,1.5696962,2.0978742,1.7637842
0.027736839,0.028366782,1.8698313,1.5829903,1.9376864,2.1508083
0.10697502,0.06827281,1.7884034,1.5940973,1.7536539,1.9835073
0.013860903,0.022778004,1.4544866,1.889012,2.0415747,2.0607882
0.30279952,0.009211665,2.152988,1.7817603,2.1807585,2.3566344
0.23636964,0.12970251,1.7510514,1.5488061,0.80989563,2.1235154
0.19967552,0.0028630008,2.1795976,1.8003435,2.4334965,1.9389416
0.53239626,0.16713962,2.5151138,1.8856175,2.1602252,2.190553
0.010224691,1.7992433,0.011612214,0.026926242,1.509133,0.0008644082
0.004540168,0.048020855,1.5914754,1.7896867,1.9245046,1.7841897
0.3210287,0.03902774,1.7256693,2.4000943,1.9192334,1.8705233
0.07051908,0.288544,2.0222185,2.0170343,1.3247211,1.8074096
0.42671502,0.029446667,1.7553852,2.3238082,2.1420038,1.8531369
0.115123585,0.17977366,2.0272892,1.7781549,1.8956368,1.7075601
0.1849987,0.09319408,1.592344,2.3067367,1.9369254,1.9787143
0.07300152,0.29650366,1.8583423,1.9417315,1.5821959,1.8151222
0.5229189,0.06822236,2.6314795,1.9908241,2.0174236,2.0274892
0.13707384,0.035655823,2.1705217,2.3077586,1.7853655,1.6613955
0.23153648,0.036070213,1.789083,1.9396094,2.331979,1.7261807
0.034680605,0.2564032,2.3280256,1.9077591,1.6252267,1.7589463
0.16508797,0.023834446,1.7847111,2.6425824,1.5592234,1.7629057
0.056497544,0.24047256,1.9179356,2.3042831,0.89502215,1.9679884
0.011507443,2.2242308,0.034058936,0.6514065,1.1460398,0.051498987
0.08821958,0.04813337,1.6788312,2.0833027,2.158771,1.8729926
0.13706765,0.17704795,2.2621703,1.7627567,1.8971244,1.6679105
0.16047902,0.17429213,1.8556694,2.1925383,1.9106461,1.5359908
0.010821849,2.3036435,0.015641773,0.30601147,1.4352913,0.0031966935
0.044261925,0.19217087,1.7737335,1.5789464,2.0809014,1.5995715
0.47216702,0.0069010747,2.9945593,1.6657196,2.262035,1.865554
0.26247513,0.2704351,1.6229851,1.4689196,1.6170684,1.5596292
0.009785011,0.24110383,1.7822909,2.276705,1.859121,1.7413287
0.0065864767,0.483634,1.9114875,2.3361843,1.6479746,1.7371018
0.122833505,0.06552759,1.2404798,2.4917223,2.1084564,2.098171
0.00093550945,2.1066146,0.29873678,0.24006023,1.556406,0.032361265
0.0057117306,1.8098844,0.0047521936,0.051577132,1.5541631,0.0010855268
0.008686577,1.7503057,0.01849492,0.026079023,1.5746608,0.005711862
0.0665809,0.265662,2.6213517,2.465801,1.9757986,2.0410247
0.08485781,0.26789266,1.6493363,1.4296126,1.6198064,1.4902813
0.0019036491,0.023490481,2.36514,1.9884216,2.4896443,1.776671
0.0007734801,0.32196644,1.7007738,2.290266,2.0963795,1.8876816
0.051273517,0.21083747,1.9583603,1.5996009,2.3804064,1.3603659
0.035652433,0.031860895,2.3703756,2.0466337,2.3396087,1.6081842
0.004261102,1.9393431,0.009774669,0.02516572,1.6406951,0.04530692
0.050394453,0.41061795,2.0471294,1.6117768,1.70659,1.227194
0.050655678,0.19685628,2.132375,2.1867127,2.5260422,1.6336108
0.2658028,0.299569,2.3544405,1.2237235,1.7476059,1.3802515
0.12889634,0.2929764,2.4395578,1.419238,1.7522454,1.1697266
0.020924373,0.6214152,1.4973109,1.7475713,2.293265,1.5262688
0.01578212,1.8925223,0.022550266,0.08356906,1.6865313,0.005758576
0.049155798,1.926177,0.014350044,0.030876933,1.7038411,0.0012170837
0.028036788,1.9910386,0.019335026,0.00050479255,1.7271645,6.0188097e-05
0.02386546,2.10801,0.07404467,0.08676945,1.7606398,0.029245945
0.054748144,0.85765386,2.1677003,1.5801952,1.7198316,1.5366063
0.02527615,2.2722328,0.031330846,0.04313121,1.6608921,0.020032056
0.00015664233,0.51308525,2.1505632,1.9323796,1.812869,1.3730493
0.013417137,2.0498364,0.017427668,0.051928625,1.7965529,0.007391388
0.073336944,1.6657232,0.0077939657,0.0035996502,1.6796916,0.013343255
0.005511007,2.2316794,0.0069459816,0.0085125705,1.7095094,0.004932975
0.05167672,0.41129914,1.7637205,2.400825,2.6539068,1.5905393
0.042644445,0.43937683,1.9680169,2.183182,1.964354,1.3863484
0.12187568,0.2798871,1.8112499,2.701169,2.0237095,1.4158823
0.2297783,0.44567803,1.966329,1.8674705,1.7755272,1.1846778
0.018513855,2.0990703,0.004381211,0.012109447,1.8614569,0.012913527
0.0011109721,2.142435,0.021856287,0.02315958,1.831033,0.0036040354
0.11074059,1.8913399,0.018785095,0.071710706,1.8512985,0.0013320191
0.073309004,0.4718343,1.9522989,1.8903834,2.035093,1.2737893
0.004457944,0.2590611,2.2111948,2.919703,2.6853526,1.5503613
0.025758374,0.17400059,2.1516566,3.4012418,2.9870749,1.6939592
0.15159035,0.55507576,2.5481014,2.1265967,2.2176902,1.4075975
0.03328322,0.4605224,1.8862383,2.300788,2.1992292,1.3835707
0.03676965,1.6840392,0.008767437,0.2902369,1.5563539,0.025047382
0.00010609242,0.88819784,1.8917156,1.891787,2.082999,1.5180407
0.11943531,2.4171677,0.010846558,0.0646915,1.6888274,0.00905684
0.0070720925,2.1308672,0.0664065,0.20252137,1.8757921,0.009796205
0.03705592,1.6140914,0.049911078,0.043623645,1.8508769,0.15481393
0.0010749239,1.990089,0.021945393,0.036854126,1.9463382,0.01382512
0.20597173,0.5708069,1.9960331,2.2674677,2.2248898,1.4009408
0.0016244259,1.8663858,0.057188824,0.027032947,1.9354569,0.037946552
0.1435798,2.3694031,0.03615266,0.00097026577,1.8129222,0.004566815
0.0110698715,1.471692,0.0039331806,0.1465623,1.7625178,0.0050487933
0.1691865,2.1379583,0.004403938,0.015181273,1.9532679,0.010863146
0.0072476366,0.6422251,2.4930136,1.493783,1.9781536,1.073326
0.0011075769,1.7710435,0.089491524,0.04623211,1.888516,0.09665586
0.013698348,2.5642607,0.034476437,0.03479521,1.7275519,0.0021586944
0.013466184,1.8397766,0.19935244,0.26470786,1.8231735,0.010461873
0.010455224,1.7622092,0.006605334,0.21401365,1.8536174,0.06083654
0.07613321,2.4692657,0.025265204,0.0122412015,1.8316875,0.021781847
0.0019673202,1.8854655,0.00500695,0.35183936,1.8234398,0.049982075
0.13849242,1.8086684,0.05009475,0.009177097,1.9697732,0.031286165
0.01405085,1.9918841,0.012846663,0.3883685,1.925747,0.0041310084
0.055972703,1.7330154,0.10003934,0.31770813,1.800616,0.007233584
0.0074630952,1.7167902,0.058192264,0.13174358,1.9377834,0.024105197
0.3047511,0.7978232,1.9582437,2.6378653,1.9215912,0.9929072
0.11756211,1.030947,2.218305,2.0460577,2.270619,1.2885005
0.023523808,2.0195894,0.006350936,0.2809378,2.0209703,0.0025004158
0.03495024,2.194298,0.034650695,0.05967319,2.0887454,0.008431968
0.043821592,0.6357095,2.4687319,2.5447316,1.7782954,0.8250484
0.15399112,0.7697542,1.9433794,2.0985155,1.8724355,0.99729526
0.042815696,1.062176,2.3253825,2.7297366,1.8137183,1.0764035
0.011636033,2.1144378,0.00258966,0.00086390926,2.1257322,0.0051448625
0.063137025,0.94268775,1.6299955,1.9750926,2.3201263,0.97680396
0.004778484,2.0057447,0.0019841345,0.6342694,1.4958348,0.015200208
0.0068042567,2.3606477,0.022100886,0.06501123,2.0858903,0.0035664923
0.0046686186,2.283153,0.0062552793,0.35645217,2.062454,0.014120151
0.01994225,1.6837823,0.009882494,0.1425489,2.0709517,0.0020664737
0.046446264,1.1655006,1.683242,1.8001628,1.7182883,1.0709254
0.010595493,2.3553333,0.00033727163,0.112821214,2.1794677,0.0028026549
0.004163471,1.0152814,1.6974447,1.8930825,2.6314518,0.8977312
0.0070015746,1.666543,0.0037871301,0.6870315,1.5839312,9.450019e-05
0.0029418732,1.9124702,0.0036785714,0.7184408,1.5890473,0.031636395
0.0040379036,1.8009052,0.045827817,0.6889765,1.6298351,0.009355566
0.018618986,1.8506392,0.036232766,0.04400694,2.2594988,0.004720904
0.012775397,1.9780523,0.0341381,0.0033329998,2.2676303,0.0005429331
0.027939066,1.9318815,0.032950845,0.039063234,2.3077848,0.048282523
0.051114965,2.8908246,0.060541857,0.0015272432,2.3673775,0.025430819
0.011098811,2.0008485,0.1042047,0.4035708,2.1547863,0.016721707
0.0066072596,1.7987958,0.015747024,0.7100228,1.8237212,0.055393446
0.029839985,2.4662325,0.10512437,0.15441233,2.2644417,0.038582522
0.0125698,0.90632254,1.9314916,2.2348738,1.7197665,0.76049024
0.0018524756,1.281007,1.8008633,2.103381,1.6824864,0.7337139
0.0046440717,2.1737852,0.007646963,0.7697052,1.5682613,0.007318518
0.100648664,1.1302011,1.6339675,1.8391148,1.5334725,0.86642534
0.0034985202,1.7512327,0.11001559,0.0059570447,2.311749,0.08619017
0.03780995,1.234436,2.3003888,2.872461,2.0125508,0.8851646
0.14670792,1.8248825,0.03404786,0.71898067,2.145798,0.008354589
0.112920485,2.4406276,0.15018219,0.40888768,2.1967316,0.019300865
0.060291436,1.5790911,1.7821198,2.2326715,1.3454449,0.030144263
0.000843948,0.9788917,1.6151959,1.4813598,2.0834463,0.6967744
0.092458986,2.0565808,0.015051439,0.7639925,1.7970256,0.068639055
0.0026026831,2.1561434,0.0022859229,0.7841124,1.8013313,0.007796628
0.0018999994,1.660808,0.009844485,0.016276268,2.3730912,0.0044593117
0.019914586,1.0737247,1.926914,1.8116935,1.4559482,0.51064026
0.01716387,2.4062388,0.07414844,0.5873128,2.1616175,0.04188825
0.06198514,1.2225015,1.8806363,2.4381707,1.5440505,0.65975153
0.010644881,1.8777708,0.14887081,0.68982774,2.0562012,0.031918485
0.36598608,1.1415633,1.6317356,1.8251367,1.7690983,0.33156946
0.06850553,1.0548426,2.3509312,2.2019129,1.856717,0.6831135
0.009256794,1.3870811,1.8921041,2.351436,1.579125,0.26346466
0.14361934,2.1313062,0.008353721,0.12910753,2.4182022,0.006737185
0.1751586,1.2767439,1.867319,2.5166147,1.8611392,0.53535354
0.020200236,1.4818356,1.8514351,2.3833456,1.8302077,0.012637018
0.09477765,2.0592346,2.0580857,2.0198176,1.5622178,0.59135634
0.034888554,1.0245444,2.1130495,2.0091128,2.0107105,0.68341845
0.027606063,1.4389143,0.00991051,0.3590182,2.2665594,0.05946808
0.23417206,1.4407359,0.013540597,0.6004609,2.2934933,0.019075222
0.038156934,1.7594687,0.003913069,0.2710408,2.3823848,0.02646277
0.0028706337,1.7324996,0.046082847,0.0033182227,2.4874713,0.004311015
0.23184402,1.3717302,1.9287503,1.9058403,1.8982046,0.6512897
0.047072005,1.203401,1.5407249,1.9246016,2.163673,0.54636323
0.04608947,1.2864082,1.5600739,2.0134234,1.801911,0.5248914
0.0020632988,1.4897058,1.688431,2.3567922,1.8408288,0.048003238
0.00034957708,1.9704298,0.040776506,1.6321646,2.053966,0.006382118
0.07019052,1.6504413,1.8064905,2.2141733,1.8704772,0.23210888
0.2354225,1.3162093,1.9766357,1.9638238,2.2844057,0.21120512
0.01051317,1.5233066,2.0447342,2.0092766,1.7104461,0.40246508
0.032764185,1.7813394,1.9642786,1.887787,1.9440979,0.09289985
0.108093604,1.3799187,1.5127206,2.4514272,1.8106371,0.31437653
0.0057667885,2.0377448,0.027091652,1.6956567,1.8793565,0.007786301
0.009049895,2.3524015,0.008346158,0.032590196,2.5513535,0.03859161
0.030715968,2.0417666,0.002886603,1.5837928,2.0192716,0.015245483
0.026598295,1.1184148,2.1959507,1.8874238,2.487141,0.1674967
0.049123313,1.6246989,2.012034,2.0569394,1.8055598,0.28353575
0.0047383523,2.1110065,0.02430807,1.5338342,1.8484846,0.009050609
0.0022097158,1.8836596,0.03524651,1.1669047,1.5872854,0.00072369137
0.023249768,2.2728791,0.31338927,0.7971891,2.2446854,0.009822565
0.12379262,1.5821303,2.1378648,1.9428698,2.669757,0.018483654
0.012687625,1.6658045,0.012467877,0.08805348,2.497489,0.009525238
0.0681703,2.0218086,0.11967713,1.1915804,1.6213522,0.058848813
0.06657093,1.7978659,0.39044338,0.9078123,1.6942196,0.0067360657
0.012129141,2.2213974,0.0013002326,1.1644412,1.565176,0.08340497
0.007167713,1.5178539,2.1784275,1.7651196,2.0642056,0.63461363
0.03625057,1.982588,0.010903228,0.03398861,2.6135674,0.0022389342
0.012270096,1.2604257,2.0280206,2.8683605,1.6515081,0.02351496
0.015086715,2.8938,0.40201488,0.8798285,1.5795516,0.0011599585
0.016954405,1.3756908,1.7761941,1.6364748,2.0173066,0.49629796
0.0070941728,1.7392536,2.0120273,2.0460627,1.9897895,0.006344942
0.00068971765,2.0228882,0.1541125,1.4703543,2.088741,0.0011441659
0.01866195,1.9678042,2.1008286,2.0662103,2.3110619,0.120985255
0.060571916,1.3287932,1.4094311,1.9942143,1.8589047,0.38353252
0.05813716,1.8052638,1.9078059,2.01699,2.2005033,0.032891493
0.012296423,1.5603644,2.20093,2.3936772,1.9346614,0.47160703
0.0083975,1.8148795,1.5730537,1.6684242,1.6943084,0.45113477
0.006823521,2.0884078,0.03845182,1.0196483,1.8950256,0.034261886
0.01879357,1.8924417,0.041606974,1.2338305,1.8461307,0.056053124
0.0030331076,1.7433859,1.9876338,2.1051946,1.7952664,0.02736489
0.06800665,2.0345666,1.9309971,1.8685243,1.8020449,0.34428948
0.009949478,1.575346,2.318837,2.7837446,2.008574,0.077654265
0.019487606,1.766555,2.023784,2.2832434,1.8133702,0.25328434
0.062660344,1.9740034,2.0069773,2.2041624,2.2730217,0.00119596
0.0014910311,1.8604062,1.7019453,1.1617053,1.7113918,0.00029563345
0.0010690144,1.6202111,0.7576747,0.14267829,2.7140625,0.009190685
0.0069870953,1.8522147,0.17647396,1.7626388,1.8207647,0.017678896
0.00029087893,1.4678059,2.4527783,2.4855883,1.4604429,0.19208007
0.09313128,1.3885379,2.2805688,1.9889686,2.326736,0.58932054
0.031960096,1.5739331,2.331336,2.1924684,1.9509443,0.42731088
0.15851443,1.4697329,2.1550727,2.184421,2.3249114,0.020668734
0.4475753,1.4699694,1.8751384,1.6400928,2.331366,0.31062186
0.06509418,2.2021852,0.02353626,0.12845366,2.6930442,0.03888916
0.01718638,2.122615,0.029145505,1.4222733,1.8361654,0.017467456
0.007964161,1.9867802,1.7406515,2.1688893,2.0219865,0.016620638
0.018904336,1.8317311,1.6114621,1.625189,1.8116417,0.1984344
0.069485545,1.8793806,0.11877905,1.8838109,1.9935478,0.010434049
0.026933637,1.3651344,3.1894202,1.8722744,1.5972512,0.36120954
0.07175869,1.6800978,1.4848397,1.7219107,2.0101497,0.17156948
0.0009972953,2.116194,0.10198574,1.2518957,1.2885183,0.012066072
0.011512933,1.5448314,2.1479468,2.5776184,1.9170353,0.072518595
0.012233921,1.7718899,2.16451,1.7276877,1.801015,0.0022856325
0.065901615,2.204088,0.0256054,1.9463325,2.0529728,0.048930805
0.5436741,1.6540712,2.4486227,1.7459956,1.814934,0.11441697
0.002874751,1.3181422,2.4709146,1.5745926,2.2501116,0.46737432
0.24808991,2.0686724,0.0033662522,1.6119361,2.366386,0.0130088935
0.0034134723,2.2470193,0.03723003,1.3983309,2.1804616,0.0012140388
0.10398525,1.4865986,2.4827354,1.7897553,1.7524743,0.049304694
0.013230109,1.970816,0.015726611,0.24797696,2.9520223,0.0022385677
0.008612486,2.1794853,0.014869202,1.3932608,2.212593,0.022461815
0.009992641,1.890533,0.029578071,1.9222007,2.177273,0.00065513706
0.018641656,1.5030273,1.7187921,1.5362494,2.0496507,0.33863413
0.008575061,1.57051,0.052140247,1.1212294,1.7570568,0.012516669
0.017893616,1.7870978,0.07762724,1.5427973,2.1277206,0.068191685
0.04946301,2.1511745,0.2647189,1.87905,2.023713,0.04286633
0.032627318,1.9406469,2.1283307,2.36269,2.5108624,0.18780532
0.018328998,1.5310535,0.033253696,0.14964199,2.6734102,0.003602407
0.027615586,1.588425,0.02012954,1.6250703,1.65096,0.0021444552
0.008021648,1.8379909,2.5887556,1.9480158,1.5165404,0.12699796
0.07045186,2.0589077,1.7848166,1.7802342,1.8311268,0.09659869
0.014887025,2.855594,0.053714268,0.9021113,2.1956832,0.0056969426
0.07359902,2.0801194,1.8374693,2.207958,1.6796688,0.020632256
0.009923491,1.8770782,0.0462546,0.9935743,2.0268135,0.107528046
0.13708772,2.27982,0.0043376056,1.776785,2.1554275,0.03763814
0.009380941,1.9326105,0.025851,1.9847395,1.9618342,0.006140027
0.00041083383,1.6138065,0.020170432,1.3326958,1.758335,0.03801761
0.05156004,1.511278,1.233378,2.1330817,2.1527936,0.025425995
0.07476492,2.3739498,0.20278087,1.1071671,2.001498,0.008111551
0.04735932,1.823088,1.6224593,1.8050642,2.2873628,0.0016753844
0.02118404,2.237438,0.1626245,1.3523053,2.249466,0.0010096048
0.007994186,1.8200655,0.025018953,1.919331,1.7913964,0.007979205
0.5477371,1.5813068,0.6149236,1.2849935,1.8417253,0.008602395
0.045156702,1.800678,2.1939354,1.5553864,1.8080503,0.20186768
0.005347371,1.3539543,0.08112029,0.91750693,2.3840523,0.16253042
0.009160101,1.7268069,0.17969042,1.9471713,2.0388222,0.013605622
0.0015946954,2.082735,1.6870476,1.9976822,2.1595907,0.11675071
0.016114103,1.7867031,2.748811,1.9364985,2.292027,0.57239866
0.123332635,1.9774011,2.1360166,1.8410043,1.5552502,0.08461639
0.00020676125,1.8767596,0.6251889,1.8314779,2.0368803,0.05176335
0.13962246,2.0752556,2.082451,2.7351387,2.0949323,0.086606115
0.005145442,2.072744,2.263553,2.2220821,2.1133068,0.0064308383
0.20677456,1.759562,0.0024322653,1.173506,2.1772234,0.019195808
0.017028581,1.6556456,0.16834964,1.513154,1.5907,0.05898448
0.00085387455,2.0935109,0.501339,1.793087,1.9622356,0.025297618
0.006562067,2.1957114,0.0029058042,1.570557,1.6581131,0.04537286
0.0001389432,1.4814864,0.005204299,1.4575802,2.4188902,0.015262903
0.018906677,1.7241646,0.47328222,1.9308324,1.9448211,0.042028446
0.06635244,2.074613,1.9045899,2.3663008,1.8176849,0.1365834
0.18156105,1.7713948,1.1514264,2.8554695,1.8201604,0.48575532
0.009737973,1.8218479,1.2409444,1.6906213,1.7170651,0.36173272
0.061619133,1.8166984,0.30398753,0.8889167,2.4220648,0.00065851375
0.020234356,2.368926,2.3075612,1.7369101,1.3937434,0.02318666
0.40055203,1.8660259,1.3235383,1.7132795,1.9458262,0.1113114
0.0035572494,2.3611336,1.9817964,2.3439095,1.6518135,0.35560155
0.05225566,1.7429498,0.43067917,1.7211757,1.7139971,0.030531446
0.012765017,2.424295,0.052194003,1.7929525,1.7337904,0.033974547
0.080906145,2.1467738,1.3507288,2.5669048,1.3733118,0.0037266999
0.006719939,2.0324066,0.13620354,1.9921043,2.3605723,0.01230249
0.011574196,2.0852277,1.6897587,2.5273502,1.605143,0.12958395
0.02127294,1.4663095,0.02692648,2.002894,2.3670797,0.011679505
0.019842945,1.863427,0.11318877,2.1381543,2.1859608,0.021605192
0.028946398,1.8873289,0.0583766,1.9834509,2.3372157,0.037020583
0.016423892,1.6830305,0.923836,1.732177,2.1193495,0.0015759285
0.35771587,2.0410445,1.9667962,2.9101703,2.0640552,0.12883665
0.012995831,2.4602337,1.9568383,2.5972652,2.24383,0.010596696
0.015711538,1.8627831,0.6355449,1.8032286,2.3238916,0.04295068
0.046175454,2.6648934,0.020195851,2.1539726,2.141271,0.011909089
0.10996052,2.1427557,0.2709049,1.91992,1.6912584,0.014795463
0.008524641,1.6195192,0.090023704,1.9301227,1.7799939,0.0041719805
0.002554198,2.0654075,1.4569244,2.0767128,1.6965578,0.28085196
0.027758852,1.5981959,0.05457079,1.8738588,1.5245482,0.0376851
0.013284531,2.2068827,0.2231585,1.8434662,2.452956,0.03430632
0.0058554383,2.2584646,0.06568171,1.5962439,1.3984998,0.01529809
0.046708524,2.0083683,0.18250768,1.4101502,2.674349,0.0063323323
0.10804356,2.189524,0.34401107,2.0950394,1.8889703,0.01116451
0.028300893,1.4415265,0.042718526,1.6561562,1.9224117,0.037039813
0.008857294,1.9825028,1.3241544,2.3858647,2.0378957,0.060445998
0.29570594,2.5665762,0.05921091,1.455887,2.213952,9.378822e-05
0.038651284,1.9617934,0.4589454,2.0176213,2.4019692,0.04512756
0.1898048,1.5079311,0.24261571,1.941229,2.1819978,0.013689941
0.026158782,2.2516336,0.20285167,2.0146475,1.7225837,0.004526788
0.0022403672,1.8348188,0.42893293,2.130907,1.9635196,0.023432516
0.006254845,2.4662066,0.84964615,1.8669003,2.1852815,0.0050728642
0.007847016,1.9453233,0.29396668,2.1795692,2.609701,0.0026832626
0.017128121,2.0051847,1.083842,1.5602013,2.2344873,0.050294366
0.009015851,2.360599,1.4787424,2.0810254,1.5422106,0.0037164877
0.06460949,2.1790526,1.4750775,2.018969,1.7962027,0.09506566
0.014835139,2.3852289,1.6022519,1.9737949,1.97948,0.0053872503
0.21875519,2.4784684,1.4703304,2.0284688,2.2206523,0.0119200405
0.08363478,1.5397799,0.2218249,2.013297,1.7828835,0.011366092
0.026683971,1.7155426,0.4825726,2.2095277,2.184932,0.0285564
0.036247507,2.1652844,1.2089056,1.8765216,2.1399477,0.012414219
0.034172878,1.4800669,0.54874986,1.9141811,2.2235014,0.024762055
0.00064368796,1.4473708,0.08453164,2.193835,1.9745053,0.00015684728
0.007722127,2.310605,0.69632494,1.9408437,2.3258624,0.005478786
0.008930664,2.221664,1.2659094,2.2023742,1.6997062,0.007870906
0.033173468,1.6026922,0.048953194,2.042441,1.6004261,0.0055087768
0.06760403,3.176296,1.9834656,1.7850344,1.5377738,0.006913916
0.012156804,1.501429,0.522341,1.8432357,1.4581528,0.05148224
0.0017959945,1.9110132,0.17924756,2.452965,2.119003,0.007583524
0.034219813,1.8838693,0.9824965,1.9694173,2.034429,0.019255403
0.00074611447,2.5188937,0.11008505,1.8879913,1.5922651,0.04196046
0.013345029,2.177415,1.2649796,1.5949041,1.8521751,0.013055639
0.014364383,1.5325166,0.06589111,2.2442937,2.0258722,0.01445755
0.019825343,1.673114,0.7555898,2.7338116,2.9290261,0.010128225
0.029300133,2.7988706,0.15059176,1.4750646,1.8492513,0.004431635
0.055765882,2.5173378,1.5600976,1.7859192,1.683823,0.0045927637
0.1514864,2.3059618,0.26585412,2.692556,1.9544785,0.01604763
0.0037137773,1.9326276,0.011532668,2.4363828,1.8298157,0.017557742
0.012608027,2.033536,1.0132843,2.1002445,2.1283584,0.0017233698
8.611454e-05,2.5704646,1.0051636,1.8855635,1.9709917,0.052549347
0.0190237,2.431177,0.33876535,1.855048,1.6725278,0.011288531
0.0005058704,1.302634,0.16786882,2.1885078,1.6205088,0.052446723
0.034599666,1.7436221,0.26912627,2.3403077,2.0078504,0.0636772
0.013049272,2.8979313,1.0758393,1.5642998,2.5846045,0.003044851
0.01949141,1.6645994,0.79714364,1.9869086,1.4495811,0.022307215
0.16774233,2.4175584,1.3878754,2.5156343,2.3642097,0.0037435158
0.059066914,2.3347037,0.24148236,1.7834867,1.1750503,0.03241378
0.038606234,2.6144485,0.6091057,1.7349416,1.3687413,0.08605495
0.0022062731,1.7745973,0.5215578,2.5288622,1.991967,0.0022242824
0.04701061,1.9105363,0.7736679,2.431459,1.8970542,0.04820931
0.00064875034,1.513154,0.2841771,2.5150273,1.8610594,0.031778283
0.015703984,2.2776036,0.45586935,1.9855189,1.4658935,0.0028857738
0.006416083,1.7149984,0.25504506,2.7169464,1.742874,0.03905199
0.0008892824,1.7768401,0.3727429,2.1366796,1.4208893,0.00540571
0.06296898,2.0898135,0.7243324,2.4976923,1.598568,0.06588068
0.08133093,2.863758,0.52683884,1.8852103,1.4982754,0.015580896
0.0168025,2.41323,0.48055688,2.0465446,1.1376683,0.007106076
0.016720247,1.717691,0.025551569,2.4996834,1.1856269,0.009428086
0.010032663,2.41098,0.51247144,2.316647,1.414999,0.0015235826
0.007394448,2.1021323,0.3815252,2.1210136,1.1235659,0.008529449
0.0069969445,2.170612,0.4354603,2.5448349,1.244963,0.0095714955
