_MEMBER_MyList,_LogP_MyList,GO,_PATTERN_,_RANK_,GiniIndex,Category,CategoryID,Description,PARENT_GO,LogP,Enrichment,Z-score,#TotalGeneInLibrary,#GeneInGO,#GeneInHitList,#GeneInGOAndHitList,%InGO,STDV %InGO,GeneID,Hits,Log(q-value),EvidenceCutoff,GROUP_ID,FirstInGroupByEnrichment,FirstInGroupByLogP,BestLogPInGroup,BestEnrichmentInGroup,URL
1,-12.797807232209276,GO:0045646,M1,1,0,GO Biological Processes,19,regulation of erythrocyte differentiation,19_GO:0042592 homeostatic process,-12.797807232209276,114.39372549019609,28.100845021949013,20836,51,25,7,28.0,8.97997772825746,12192|14460|14582|20375|21349|22761|23871,Zfp36l1|Gata1|Gfi1b|Spi1|Tal1|Zfpm1|Ets1,-8.529627233897788,0,1,1,1,-12.797807232209276,114.39372549019609,
1,-11.896077945618009,GO:1903706,M1,1,0,GO Biological Processes,19,regulation of hemopoiesis,19_GO:0002376 immune system process,-11.896077945618009,20.601887640449437,14.487015365459774,20836,445,25,11,44.0,9.927738916792686,12192|12394|12606|14460|14582|17260|20375|21349|22761|23871|239985,Zfp36l1|Runx1|Cebpa|Gata1|Gfi1b|Mef2c|Spi1|Tal1|Zfpm1|Ets1|Arid1b,-7.928927942970502,0,1,0,0,-12.797807232209276,114.39372549019609,
1,-11.370875197421949,GO:0045637,M1,1,0,GO Biological Processes,19,regulation of myeloid cell differentiation,19_GO:0002376 immune system process,-11.370875197421949,32.05538461538462,16.558097352802314,20836,234,25,9,36.0,9.6,12192|12394|14460|14582|17260|20375|21349|22761|23871,Zfp36l1|Runx1|Gata1|Gfi1b|Mef2c|Spi1|Tal1|Zfpm1|Ets1,-7.579816453830124,0,1,0,0,-12.797807232209276,114.39372549019609,
1,-8.41774724976587,GO:0045639,M1,1,0,GO Biological Processes,19,positive regulation of myeloid cell differentiation,19_GO:0002376 immune system process,-8.41774724976587,43.86526315789473,15.906050882251694,20836,114,25,6,24.0,8.541662601625049,12192|12394|14460|14582|21349|23871,Zfp36l1|Runx1|Gata1|Gfi1b|Tal1|Ets1,-4.99466529146864,0,1,0,0,-12.797807232209276,114.39372549019609,
1,-6.805546057210184,GO:1902105,M1,1,0,GO Biological Processes,19,regulation of leukocyte differentiation,19_GO:0002376 immune system process,-6.805546057210184,16.250919220055714,10.102534960235102,20836,359,25,7,28.0,8.97997772825746,12192|12394|14582|20375|21349|22761|239985,Zfp36l1|Runx1|Gfi1b|Spi1|Tal1|Zfpm1|Arid1b,-3.6513094112055327,0,1,0,0,-12.797807232209276,114.39372549019609,
1,-6.039330110537209,GO:0002761,M1,1,0,GO Biological Processes,19,regulation of myeloid leukocyte differentiation,19_GO:0002376 immune system process,-6.039330110537209,27.41578947368421,11.328917294113909,20836,152,25,5,20.0,8.0,12192|12394|14582|21349|22761,Zfp36l1|Runx1|Gfi1b|Tal1|Zfpm1,-2.975270094881646,0,1,0,0,-12.797807232209276,114.39372549019609,
1,-4.0291842300880925,GO:0002763,M1,1,0,GO Biological Processes,19,positive regulation of myeloid leukocyte differentiation,19_GO:0002376 immune system process,-4.0291842300880925,33.788108108108105,9.793048537098075,20836,74,25,3,12.0,6.499230723708768,12192|12394|14582,Zfp36l1|Runx1|Gfi1b,-1.4237620634581787,0,1,0,0,-12.797807232209276,114.39372549019609,
1,-3.654030068170173,GO:0045638,M1,1,0,GO Biological Processes,19,negative regulation of myeloid cell differentiation,19_GO:0002376 immune system process,-3.654030068170173,25.255757575757574,8.384550001583554,20836,99,25,3,12.0,6.499230723708768,12192|12394|22761,Zfp36l1|Runx1|Zfpm1,-1.1328032348789319,0,1,0,0,-12.797807232209276,114.39372549019609,
1,-10.143166898984957,GO:0030099,M1,1,0,GO Biological Processes,19,myeloid cell differentiation,19_GO:0032502 developmental process,-10.143166898984957,23.36747663551402,13.997614543239022,20836,321,25,9,36.0,9.6,12394|12606|14460|16477|17260|20375|21349|22038|22761,Runx1|Cebpa|Gata1|Junb|Mef2c|Spi1|Tal1|Plscr1|Zfpm1,-6.4770468920014315,0,2,1,1,-10.143166898984957,119.06285714285715,
1,-9.135046030141766,GO:0002573,M1,1,0,GO Biological Processes,19,myeloid leukocyte differentiation,19_GO:0032502 developmental process,-9.135046030141766,35.35806060606061,15.357133236424076,20836,165,25,7,28.0,8.97997772825746,12394|12606|14460|16477|17260|20375|22761,Runx1|Cebpa|Gata1|Junb|Mef2c|Spi1|Zfpm1,-5.565836036166297,0,2,0,0,-10.143166898984957,119.06285714285715,
1,-8.59471842152817,GO:0002521,M1,1,0,GO Biological Processes,19,leukocyte differentiation,19_GO:0032502 developmental process,-8.59471842152817,15.594511434511434,11.223978551091372,20836,481,25,9,36.0,9.6,12192|12394|12606|14025|14460|16477|17260|20375|22761,Zfp36l1|Runx1|Cebpa|Bcl11a|Gata1|Junb|Mef2c|Spi1|Zfpm1,-5.104689673600324,0,2,0,0,-10.143166898984957,119.06285714285715,
1,-7.490016349691773,GO:0030851,M1,1,0,GO Biological Processes,19,granulocyte differentiation,19_GO:0032502 developmental process,-7.490016349691773,119.06285714285715,21.66693184490667,20836,28,25,4,16.0,7.332121111929343,12606|14460|20375|22761,Cebpa|Gata1|Spi1|Zfpm1,-4.26322903653851,0,2,0,0,-10.143166898984957,119.06285714285715,
1,-6.271499457437954,GO:0002694,M1,1,0,GO Biological Processes,19,regulation of leukocyte activation,19_GO:0002376 immune system process,-6.271499457437954,10.369393468118197,8.364439100167901,20836,643,25,8,32.0,9.32952303175248,12192|12394|12606|14460|17260|20375|22038|239985,Zfp36l1|Runx1|Cebpa|Gata1|Mef2c|Spi1|Plscr1|Arid1b,-3.179410718182147,0,2,0,0,-10.143166898984957,119.06285714285715,
1,-5.99789572122812,GO:0050865,M1,1,0,GO Biological Processes,19,regulation of cell activation,19_GO:0032501 multicellular organismal process,-5.99789572122812,9.538655221745351,7.958861784497971,20836,699,25,8,32.0,9.32952303175248,12192|12394|12606|14460|17260|20375|22038|239985,Zfp36l1|Runx1|Cebpa|Gata1|Mef2c|Spi1|Plscr1|Arid1b,-2.9601646442949057,0,2,0,0,-10.143166898984957,119.06285714285715,
1,-5.153679181641588,GO:0002696,M1,1,0,GO Biological Processes,19,positive regulation of leukocyte activation,19_GO:0002376 immune system process,-5.153679181641588,12.256470588235294,7.958655020931295,20836,408,25,6,24.0,8.541662601625049,12394|12606|14460|17260|20375|239985,Runx1|Cebpa|Gata1|Mef2c|Spi1|Arid1b,-2.3168629474890876,0,2,0,0,-10.143166898984957,119.06285714285715,
1,-5.0235558602652155,GO:0050867,M1,1,0,GO Biological Processes,19,positive regulation of cell activation,19_GO:0048518 positive regulation of biological process,-5.0235558602652155,11.629395348837209,7.719410374200472,20836,430,25,6,24.0,8.541662601625049,12394|12606|14460|17260|20375|239985,Runx1|Cebpa|Gata1|Mef2c|Spi1|Arid1b,-2.202533893295947,0,2,0,0,-10.143166898984957,119.06285714285715,
1,-4.650021523525407,GO:0030279,M1,1,0,GO Biological Processes,19,negative regulation of ossification,19_GO:0048519 negative regulation of biological process,-4.650021523525407,54.35478260869564,12.555826562696232,20836,46,25,3,12.0,6.499230723708768,14460|17260|18022,Gata1|Mef2c|Nfe2,-1.9003554650918064,0,2,0,0,-10.143166898984957,119.06285714285715,
1,-3.8053827390246737,GO:0030500,M1,1,0,GO Biological Processes,19,regulation of bone mineralization,19_GO:0032502 developmental process,-3.8053827390246737,28.41272727272727,8.931527584843959,20836,88,25,3,12.0,6.499230723708768,14460|17260|18022,Gata1|Mef2c|Nfe2,-1.253206084347985,0,2,0,0,-10.143166898984957,119.06285714285715,
1,-3.6903653327908206,GO:0008285,M1,1,0,GO Biological Processes,19,negative regulation of cell population proliferation,19_GO:0048519 negative regulation of biological process,-3.6903653327908206,6.703270777479892,5.49824032651014,20836,746,25,6,24.0,8.541662601625049,12394|12606|13134|14460|17260|18022,Runx1|Cebpa|Dach1|Gata1|Mef2c|Nfe2,-1.1545790943023013,0,2,0,0,-10.143166898984957,119.06285714285715,
1,-3.5939838638371646,GO:0001503,M1,1,0,GO Biological Processes,19,ossification,19_GO:0032501 multicellular organismal process,-3.5939838638371646,12.675893536121674,6.604492778479951,20836,263,25,4,16.0,7.332121111929343,14460|16477|17260|18022,Gata1|Junb|Mef2c|Nfe2,-1.089231859088614,0,2,0,0,-10.143166898984957,119.06285714285715,
1,-3.5545327719947775,GO:0070167,M1,1,0,GO Biological Processes,19,regulation of biomineral tissue development,19_GO:0032502 developmental process,-3.5545327719947775,23.367476635514016,8.039702668144434,20836,107,25,3,12.0,6.499230723708768,14460|17260|18022,Gata1|Mef2c|Nfe2,-1.0645040240669332,0,2,0,0,-10.143166898984957,119.06285714285715,
1,-3.502351193081043,GO:0045165,M1,1,0,GO Biological Processes,19,cell fate commitment,19_GO:0032502 developmental process,-3.502351193081043,11.991942446043167,6.394796004954559,20836,278,25,4,16.0,7.332121111929343,12394|14460|17260|21349,Runx1|Gata1|Mef2c|Tal1,-1.0195010297803222,0,2,0,0,-10.143166898984957,119.06285714285715,
1,-3.4441409336010365,GO:0071222,M1,1,0,GO Biological Processes,19,cellular response to lipopolysaccharide,19_GO:0044419 biological process involved in interspecies interaction between organisms,-3.4441409336010365,11.575555555555557,6.263757539523901,20836,288,25,4,16.0,7.332121111929343,14460|17260|20375|22038,Gata1|Mef2c|Spi1|Plscr1,-0.9766866358677232,0,2,0,0,-10.143166898984957,119.06285714285715,
1,-3.3880485723501925,GO:0071219,M1,1,0,GO Biological Processes,19,cellular response to molecule of bacterial origin,19_GO:0044419 biological process involved in interspecies interaction between organisms,-3.3880485723501925,11.187114093959732,6.139040657294407,20836,298,25,4,16.0,7.332121111929343,14460|17260|20375|22038,Gata1|Mef2c|Spi1|Plscr1,-0.9451328116675823,0,2,0,0,-10.143166898984957,119.06285714285715,
1,-3.2563535048078815,GO:0071396,M1,1,0,GO Biological Processes,19,cellular response to lipid,19_GO:0050896 response to stimulus,-3.2563535048078815,7.172461273666093,5.229986867866984,20836,581,25,5,20.0,8.0,12192|14460|17260|20375|22038,Zfp36l1|Gata1|Mef2c|Spi1|Plscr1,-0.8394318552154689,0,2,0,0,-10.143166898984957,119.06285714285715,
1,-3.246122603359428,GO:0071216,M1,1,0,GO Biological Processes,19,cellular response to biotic stimulus,19_GO:0050896 response to stimulus,-3.246122603359428,10.257723076923078,5.830056062998859,20836,325,25,4,16.0,7.332121111929343,14460|17260|20375|22038,Gata1|Mef2c|Spi1|Plscr1,-0.8352751014792086,0,2,0,0,-10.143166898984957,119.06285714285715,
1,-3.1859326558269863,GO:0030278,M1,1,0,GO Biological Processes,19,regulation of ossification,19_GO:0032501 multicellular organismal process,-3.1859326558269863,17.48475524475524,6.855814770721746,20836,143,25,3,12.0,6.499230723708768,14460|17260|18022,Gata1|Mef2c|Nfe2,-0.7928139209071985,0,2,0,0,-10.143166898984957,119.06285714285715,
1,-3.0140019019363606,GO:0032496,M1,1,0,GO Biological Processes,19,response to lipopolysaccharide,19_GO:0044419 biological process involved in interspecies interaction between organisms,-3.0140019019363606,8.890026666666667,5.343809397139475,20836,375,25,4,16.0,7.332121111929343,14460|17260|20375|22038,Gata1|Mef2c|Spi1|Plscr1,-0.6596357560085895,0,2,0,0,-10.143166898984957,119.06285714285715,
1,-2.9304041467676227,GO:0002237,M1,1,0,GO Biological Processes,19,response to molecule of bacterial origin,19_GO:0044419 biological process involved in interspecies interaction between organisms,-2.9304041467676227,8.439898734177216,5.174099607583855,20836,395,25,4,16.0,7.332121111929343,14460|17260|20375|22038,Gata1|Mef2c|Spi1|Plscr1,-0.5916430741704277,0,2,0,0,-10.143166898984957,119.06285714285715,
1,-2.156720216449379,GO:0050778,M1,1,0,GO Biological Processes,19,positive regulation of immune response,19_GO:0002376 immune system process,-2.156720216449379,5.144691358024692,3.714953076704188,20836,648,25,4,16.0,7.332121111929343,14460|17260|20375|22038,Gata1|Mef2c|Spi1|Plscr1,0.0,0,2,0,0,-10.143166898984957,119.06285714285715,
1,-2.03844953015033,GO:1903530,M1,1,0,GO Biological Processes,19,regulation of secretion by cell,19_GO:0051179 localization,-2.03844953015033,4.755720399429387,3.505877419199701,20836,701,25,4,16.0,7.332121111929343,12394|14460|17260|20375,Runx1|Gata1|Mef2c|Spi1,0.0,0,2,0,0,-10.143166898984957,119.06285714285715,
1,-8.213269204305748,GO:0048568,M1,1,0,GO Biological Processes,19,embryonic organ development,19_GO:0032502 developmental process,-8.213269204305748,14.099548872180451,10.608198445307982,20836,532,25,9,36.0,9.6,12192|12394|12606|14460|16477|17260|18022|21349|22761,Zfp36l1|Runx1|Cebpa|Gata1|Junb|Mef2c|Nfe2|Tal1|Zfpm1,-4.848179192986204,0,3,1,1,-8.213269204305748,40.327741935483864,
1,-4.977158211641105,GO:0001892,M1,1,0,GO Biological Processes,19,embryonic placenta development,19_GO:0032502 developmental process,-4.977158211641105,28.739310344827587,10.383650469231618,20836,116,25,4,16.0,7.332121111929343,12192|12606|16477|18022,Zfp36l1|Cebpa|Junb|Nfe2,-2.1860994680492793,0,3,0,0,-8.213269204305748,40.327741935483864,
1,-4.3850698563502055,GO:0001701,M1,1,0,GO Biological Processes,19,in utero embryonic development,19_GO:0032502 developmental process,-4.3850698563502055,8.961720430107526,6.607417447811393,20836,558,25,6,24.0,8.541662601625049,12192|12394|12606|14460|16477|18022,Zfp36l1|Runx1|Cebpa|Gata1|Junb|Nfe2,-1.660957902388993,0,3,0,0,-8.213269204305748,40.327741935483864,
1,-4.259073285272218,GO:0060711,M1,1,0,GO Biological Processes,19,labyrinthine layer development,19_GO:0032502 developmental process,-4.259073285272218,40.327741935483864,10.748678539660947,20836,62,25,3,12.0,6.499230723708768,12192|16477|18022,Zfp36l1|Junb|Nfe2,-1.5929532782886928,0,3,0,0,-8.213269204305748,40.327741935483864,
1,-4.2095657720018185,GO:0001890,M1,1,0,GO Biological Processes,19,placenta development,19_GO:0032502 developmental process,-4.2095657720018185,18.31736263736264,8.132716646692483,20836,182,25,4,16.0,7.332121111929343,12192|12606|16477|18022,Zfp36l1|Cebpa|Junb|Nfe2,-1.554169630410066,0,3,0,0,-8.213269204305748,40.327741935483864,
1,-3.2681553615731196,WP447,M1,1,0,WikiPathways,27,Adipogenesis genes,,-3.2681553615731196,18.659104477611937,7.107800099941909,20836,134,25,3,12.0,6.499230723708768,12606|17260|23849,Cebpa|Mef2c|Klf6,-0.8450734032758886,0,3,0,0,-8.213269204305748,40.327741935483864,
1,-2.932127086957977,GO:0071248,M1,1,0,GO Biological Processes,19,cellular response to metal ion,19_GO:0050896 response to stimulus,-2.932127086957977,14.287542857142855,6.117983704717149,20836,175,25,3,12.0,6.499230723708768,12606|16477|17260,Cebpa|Junb|Mef2c,-0.5916430741704277,0,3,0,0,-8.213269204305748,40.327741935483864,
1,-2.5106188839324153,GO:0071241,M1,1,0,GO Biological Processes,19,cellular response to inorganic substance,19_GO:0050896 response to stimulus,-2.5106188839324153,10.163902439024389,5.011181345034167,20836,246,25,3,12.0,6.499230723708768,12606|16477|17260,Cebpa|Junb|Mef2c,-0.24243888562092739,0,3,0,0,-8.213269204305748,40.327741935483864,
1,-2.245767012225643,GO:0010038,M1,1,0,GO Biological Processes,19,response to metal ion,19_GO:0050896 response to stimulus,-2.245767012225643,8.170980392156862,4.379908680093451,20836,306,25,3,12.0,6.499230723708768,12606|16477|17260,Cebpa|Junb|Mef2c,-0.0028928791789254176,0,3,0,0,-8.213269204305748,40.327741935483864,
1,-8.113143105151016,GO:0030220,M1,1,0,GO Biological Processes,19,platelet formation,19_GO:0032502 developmental process,-8.113143105151016,166.68800000000002,25.69376194364797,20836,20,25,4,16.0,7.332121111929343,14460|17260|21349|22761,Gata1|Mef2c|Tal1|Zfpm1,-4.799205616278853,0,4,1,1,-8.113143105151016,250.03199999999998,
1,-7.934923386437596,GO:0036344,M1,1,0,GO Biological Processes,19,platelet morphogenesis,19_GO:0032502 developmental process,-7.934923386437596,151.53454545454545,24.48443140405053,20836,22,25,4,16.0,7.332121111929343,14460|17260|21349|22761,Gata1|Mef2c|Tal1|Zfpm1,-4.6667433881261084,0,4,0,0,-8.113143105151016,250.03199999999998,
1,-7.304463824790439,GO:0035162,M1,1,0,GO Biological Processes,19,embryonic hemopoiesis,19_GO:0032502 developmental process,-7.304463824790439,107.54064516129033,20.574656407677274,20836,31,25,4,16.0,7.332121111929343,12394|14460|21349|22761,Runx1|Gata1|Tal1|Zfpm1,-4.115465072526575,0,4,0,0,-8.113143105151016,250.03199999999998,
1,-6.739728797378564,GO:0060215,M1,1,0,GO Biological Processes,19,primitive hemopoiesis,19_GO:0032502 developmental process,-6.739728797378564,250.03199999999998,27.300619781478748,20836,10,25,3,12.0,6.499230723708768,14460|21349|22761,Gata1|Tal1|Zfpm1,-3.6176768347453137,0,4,0,0,-8.113143105151016,250.03199999999998,
1,-5.635517807363937,GO:0060216,M1,1,0,GO Biological Processes,19,definitive hemopoiesis,19_GO:0032502 developmental process,-5.635517807363937,113.65090909090908,18.322661073654643,20836,22,25,3,12.0,6.499230723708768,12394|21349|22761,Runx1|Tal1|Zfpm1,-2.689557103786368,0,4,0,0,-8.113143105151016,250.03199999999998,
1,-5.173404716558613,GO:0030219,M1,1,0,GO Biological Processes,19,megakaryocyte differentiation,19_GO:0032502 developmental process,-5.173404716558613,80.65548387096773,15.382713415629851,20836,31,25,3,12.0,6.499230723708768,14460|21349|22761,Gata1|Tal1|Zfpm1,-2.320198066217943,0,4,0,0,-8.113143105151016,250.03199999999998,
1,-4.977158211641105,GO:0030218,M1,1,0,GO Biological Processes,19,erythrocyte differentiation,19_GO:0042592 homeostatic process,-4.977158211641105,28.739310344827587,10.383650469231618,20836,116,25,4,16.0,7.332121111929343,14460|20375|21349|22761,Gata1|Spi1|Tal1|Zfpm1,-2.1860994680492793,0,4,0,0,-8.113143105151016,250.03199999999998,
1,-4.808210503277076,GO:0034101,M1,1,0,GO Biological Processes,19,erythrocyte homeostasis,19_GO:0042592 homeostatic process,-4.808210503277076,26.045,9.850929814048381,20836,128,25,4,16.0,7.332121111929343,14460|20375|21349|22761,Gata1|Spi1|Tal1|Zfpm1,-2.0313921987998604,0,4,0,0,-8.113143105151016,250.03199999999998,
1,-4.355028276170255,GO:0002262,M1,1,0,GO Biological Processes,19,myeloid cell homeostasis,19_GO:0042592 homeostatic process,-4.355028276170255,19.962634730538923,8.527416284929545,20836,167,25,4,16.0,7.332121111929343,14460|20375|21349|22761,Gata1|Spi1|Tal1|Zfpm1,-1.6523568892998408,0,4,0,0,-8.113143105151016,250.03199999999998,
1,-4.340753290994519,GO:0048872,M1,1,0,GO Biological Processes,19,homeostasis of number of cells,19_GO:0042592 homeostatic process,-4.340753290994519,12.256470588235294,7.253162798293596,20836,340,25,5,20.0,8.0,14460|17260|20375|21349|22761,Gata1|Mef2c|Spi1|Tal1|Zfpm1,-1.6523568892998408,0,4,0,0,-8.113143105151016,250.03199999999998,
1,-4.303977484820567,GO:0000904,M1,1,0,GO Biological Processes,19,cell morphogenesis involved in differentiation,19_GO:0032502 developmental process,-4.303977484820567,8.666620450606585,6.472963375649486,20836,577,25,6,24.0,8.541662601625049,14460|17260|20375|21349|22761|24136,Gata1|Mef2c|Spi1|Tal1|Zfpm1|Zeb2,-1.6268620935355786,0,4,0,0,-8.113143105151016,250.03199999999998,
1,-4.1106538031970485,R-MMU-8878171,M1,1,0,Reactome Gene Sets,6,Transcriptional regulation by RUNX1,,-4.1106538031970485,17.27336787564767,7.872088584353084,20836,193,25,4,16.0,7.332121111929343,14460|21349|22761|239985,Gata1|Tal1|Zfpm1|Arid1b,-1.4765129444781062,0,4,0,0,-8.113143105151016,250.03199999999998,
1,-3.8201028200970626,GO:0061515,M1,1,0,GO Biological Processes,19,myeloid cell development,19_GO:0032502 developmental process,-3.8201028200970626,28.739310344827583,8.986218670965233,20836,87,25,3,12.0,6.499230723708768,14460|21349|22761,Gata1|Tal1|Zfpm1,-1.2594929978835112,0,4,0,0,-8.113143105151016,250.03199999999998,
1,-3.7251882708451602,GO:0060348,M1,1,0,GO Biological Processes,19,bone development,19_GO:0032502 developmental process,-3.7251882708451602,13.71917695473251,6.912300636398317,20836,243,25,4,16.0,7.332121111929343,17260|21349|22761|71375,Mef2c|Tal1|Zfpm1|Foxn3,-1.1812841421344615,0,4,0,0,-8.113143105151016,250.03199999999998,
1,-3.6404192216330276,GO:0000902,M1,1,0,GO Biological Processes,19,cell morphogenesis,19_GO:0032502 developmental process,-3.6404192216330276,6.562519685039369,5.4219108049581655,20836,762,25,6,24.0,8.541662601625049,14460|17260|20375|21349|22761|24136,Gata1|Mef2c|Spi1|Tal1|Zfpm1|Zeb2,-1.1281140789940312,0,4,0,0,-8.113143105151016,250.03199999999998,
1,-3.419973534473162,GO:0001501,M1,1,0,GO Biological Processes,19,skeletal system development,19_GO:0032502 developmental process,-3.419973534473162,7.789158878504672,5.513843427342322,20836,535,25,5,20.0,8.0,12394|17260|21349|22761|71375,Runx1|Mef2c|Tal1|Zfpm1|Foxn3,-0.9647068928045296,0,4,0,0,-8.113143105151016,250.03199999999998,
1,-3.3872380072782438,R-MMU-983231,M1,1,0,Reactome Gene Sets,6,Factors involved in megakaryocyte development and platelet production,,-3.3872380072782438,20.494426229508193,7.484773608995291,20836,122,25,3,12.0,6.499230723708768,14460|18022|22761,Gata1|Nfe2|Zfpm1,-0.9451328116675823,0,4,0,0,-8.113143105151016,250.03199999999998,
1,-3.0481379024485267,GO:0048729,M1,1,0,GO Biological Processes,19,tissue morphogenesis,19_GO:0032502 developmental process,-3.0481379024485267,6.450773993808049,4.877828836831542,20836,646,25,5,20.0,8.0,12394|17260|21349|22761|24136,Runx1|Mef2c|Tal1|Zfpm1|Zeb2,-0.6884429230156885,0,4,0,0,-8.113143105151016,250.03199999999998,
1,-2.968440462877515,GO:0048871,M1,1,0,GO Biological Processes,19,multicellular organismal homeostasis,19_GO:0042592 homeostatic process,-2.968440462877515,6.191976225854383,4.745510452669075,20836,673,25,5,20.0,8.0,14460|17260|20375|21349|22761,Gata1|Mef2c|Spi1|Tal1|Zfpm1,-0.6193385569421013,0,4,0,0,-8.113143105151016,250.03199999999998,
1,-2.8969307046965005,GO:0051100,M1,1,0,GO Biological Processes,19,negative regulation of binding,19_GO:0065007 biological regulation,-2.8969307046965005,13.890666666666664,6.020170628541384,20836,180,25,3,12.0,6.499230723708768,14460|22038|22761,Gata1|Plscr1|Zfpm1,-0.5632491576285804,0,4,0,0,-8.113143105151016,250.03199999999998,
1,-5.735941575788313,GO:0006351,M1,1,0,GO Biological Processes,19,DNA-templated transcription,19_GO:0008152 metabolic process,-5.735941575788313,11.262702702702704,8.197972027872412,20836,518,25,7,28.0,8.97997772825746,12606|14025|14460|16477|17260|21349|23871,Cebpa|Bcl11a|Gata1|Junb|Mef2c|Tal1|Ets1,-2.7409514145930203,0,5,1,1,-5.735941575788313,89.29714285714284,
1,-5.730377811951679,GO:0097659,M1,1,0,GO Biological Processes,19,nucleic acid-templated transcription,19_GO:0008152 metabolic process,-5.730377811951679,11.241001926782275,8.18873126082946,20836,519,25,7,28.0,8.97997772825746,12606|14025|14460|16477|17260|21349|23871,Cebpa|Bcl11a|Gata1|Junb|Mef2c|Tal1|Ets1,-2.7409514145930203,0,5,0,0,-5.735941575788313,89.29714285714284,
1,-5.664491610032401,GO:0032774,M1,1,0,GO Biological Processes,19,RNA biosynthetic process,19_GO:0008152 metabolic process,-5.664491610032401,10.986967984934088,8.079783119109045,20836,531,25,7,28.0,8.97997772825746,12606|14025|14460|16477|17260|21349|23871,Cebpa|Bcl11a|Gata1|Junb|Mef2c|Tal1|Ets1,-2.6973416073848946,0,5,0,0,-5.735941575788313,89.29714285714284,
1,-5.309758604015118,GO:0045648,M1,1,0,GO Biological Processes,19,positive regulation of erythrocyte differentiation,19_GO:0042592 homeostatic process,-5.309758604015118,89.29714285714284,16.204318806809827,20836,28,25,3,12.0,6.499230723708768,14460|21349|23871,Gata1|Tal1|Ets1,-2.439518614375668,0,5,0,0,-5.735941575788313,89.29714285714284,
1,-3.2261779527184036,GO:0006366,M1,1,0,GO Biological Processes,19,transcription by RNA polymerase II,19_GO:0008152 metabolic process,-3.2261779527184036,10.133009118541034,5.787367440590066,20836,329,25,4,16.0,7.332121111929343,14460|16477|21349|23871,Gata1|Junb|Tal1|Ets1,-0.8213208145273716,0,5,0,0,-5.735941575788313,89.29714285714284,
1,-5.589606520425756,GO:0010720,M1,1,0,GO Biological Processes,19,positive regulation of cell development,19_GO:0032502 developmental process,-5.589606520425756,10.70473394495413,7.95701985122061,20836,545,25,7,28.0,8.97997772825746,12192|12394|14025|14582|20375|24136|239985,Zfp36l1|Runx1|Bcl11a|Gfi1b|Spi1|Zeb2|Arid1b,-2.663849202936474,0,6,1,1,-5.589606520425756,24.334014598540147,
1,-5.339581637646801,GO:1902107,M1,1,0,GO Biological Processes,19,positive regulation of leukocyte differentiation,19_GO:0002376 immune system process,-5.339581637646801,19.749763033175356,9.487686249578445,20836,211,25,5,20.0,8.0,12192|12394|14582|20375|239985,Zfp36l1|Runx1|Gfi1b|Spi1|Arid1b,-2.4516128810469193,0,6,0,0,-5.589606520425756,24.334014598540147,
1,-5.339581637646801,GO:1903708,M1,1,0,GO Biological Processes,19,positive regulation of hemopoiesis,19_GO:0002376 immune system process,-5.339581637646801,19.749763033175356,9.487686249578445,20836,211,25,5,20.0,8.0,12192|12394|14582|20375|239985,Zfp36l1|Runx1|Gfi1b|Spi1|Arid1b,-2.4516128810469193,0,6,0,0,-5.589606520425756,24.334014598540147,
1,-4.691962443433097,GO:0071560,M1,1,0,GO Biological Processes,19,cellular response to transforming growth factor beta stimulus,19_GO:0050896 response to stimulus,-4.691962443433097,24.334014598540147,9.497194857364496,20836,137,25,4,16.0,7.332121111929343,12192|12394|17260|20375,Zfp36l1|Runx1|Mef2c|Spi1,-1.9289324234415148,0,6,0,0,-5.589606520425756,24.334014598540147,
1,-4.630763440900638,GO:0071559,M1,1,0,GO Biological Processes,19,response to transforming growth factor beta,19_GO:0050896 response to stimulus,-4.630763440900638,23.47718309859155,9.315026940621689,20836,142,25,4,16.0,7.332121111929343,12192|12394|17260|20375,Zfp36l1|Runx1|Mef2c|Spi1,-1.894062359631405,0,6,0,0,-5.589606520425756,24.334014598540147,
1,-4.0586623016364305,GO:1903131,M1,1,0,GO Biological Processes,19,mononuclear cell differentiation,19_GO:0032502 developmental process,-4.0586623016364305,10.685128205128205,6.691966857146908,20836,390,25,5,20.0,8.0,12192|14025|14460|17260|20375,Zfp36l1|Bcl11a|Gata1|Mef2c|Spi1,-1.4436948171002864,0,6,0,0,-5.589606520425756,24.334014598540147,
1,-3.875859364598933,GO:0045619,M1,1,0,GO Biological Processes,19,regulation of lymphocyte differentiation,19_GO:0002376 immune system process,-3.875859364598933,15.016936936936938,7.277274433491422,20836,222,25,4,16.0,7.332121111929343,12192|12394|20375|239985,Zfp36l1|Runx1|Spi1|Arid1b,-1.2889206036630325,0,6,0,0,-5.589606520425756,24.334014598540147,
1,-3.5826093312635923,GO:0001775,M1,1,0,GO Biological Processes,19,cell activation,19_GO:0032501 multicellular organismal process,-3.5826093312635923,6.402868117797695,5.334071496818696,20836,781,25,6,24.0,8.541662601625049,12192|14025|14460|17260|20375|21413,Zfp36l1|Bcl11a|Gata1|Mef2c|Spi1|Tcf4,-1.0852813445942486,0,6,0,0,-5.589606520425756,24.334014598540147,
1,-3.438686660195324,GO:0051249,M1,1,0,GO Biological Processes,19,regulation of lymphocyte activation,19_GO:0002376 immune system process,-3.438686660195324,7.862641509433962,5.546733993950811,20836,530,25,5,20.0,8.0,12192|12394|17260|20375|239985,Zfp36l1|Runx1|Mef2c|Spi1|Arid1b,-0.9766866358677232,0,6,0,0,-5.589606520425756,24.334014598540147,
1,-3.163116021315966,GO:0051251,M1,1,0,GO Biological Processes,19,positive regulation of lymphocyte activation,19_GO:0002376 immune system process,-3.163116021315966,9.747836257309942,5.6535418909206765,20836,342,25,4,16.0,7.332121111929343,12394|17260|20375|239985,Runx1|Mef2c|Spi1|Arid1b,-0.7757496152852694,0,6,0,0,-5.589606520425756,24.334014598540147,
1,-3.14256094162428,GO:0050864,M1,1,0,GO Biological Processes,19,regulation of B cell activation,19_GO:0002376 immune system process,-3.14256094162428,16.894054054054052,6.725530890070622,20836,148,25,3,12.0,6.499230723708768,12192|17260|20375,Zfp36l1|Mef2c|Spi1,-0.760871668485274,0,6,0,0,-5.589606520425756,24.334014598540147,
1,-2.72314729177555,GO:0030217,M1,1,0,GO Biological Processes,19,T cell differentiation,19_GO:0002376 immune system process,-2.72314729177555,12.078840579710144,5.552143470479805,20836,207,25,3,12.0,6.499230723708768,12192|14025|20375,Zfp36l1|Bcl11a|Spi1,-0.40435730010897486,0,6,0,0,-5.589606520425756,24.334014598540147,
1,-2.6705530087488576,GO:0071363,M1,1,0,GO Biological Processes,19,cellular response to growth factor stimulus,19_GO:0050896 response to stimulus,-2.6705530087488576,7.169376344086022,4.6631764393607655,20836,465,25,4,16.0,7.332121111929343,12192|12394|17260|20375,Zfp36l1|Runx1|Mef2c|Spi1,-0.36616083778292496,0,6,0,0,-5.589606520425756,24.334014598540147,
1,-2.6172138135118903,GO:0070848,M1,1,0,GO Biological Processes,19,response to growth factor,19_GO:0050896 response to stimulus,-2.6172138135118903,6.930893970893972,4.561182264772366,20836,481,25,4,16.0,7.332121111929343,12192|12394|17260|20375,Zfp36l1|Runx1|Mef2c|Spi1,-0.3221616688001011,0,6,0,0,-5.589606520425756,24.334014598540147,
1,-2.598486423910272,GO:0042113,M1,1,0,GO Biological Processes,19,B cell activation,19_GO:0002376 immune system process,-2.598486423910272,10.918427947598252,5.230864623459002,20836,229,25,3,12.0,6.499230723708768,14025|17260|20375,Bcl11a|Mef2c|Spi1,-0.30803003088763203,0,6,0,0,-5.589606520425756,24.334014598540147,
1,-2.391090270493113,GO:0046649,M1,1,0,GO Biological Processes,19,lymphocyte activation,19_GO:0002376 immune system process,-2.391090270493113,5.995971223021583,4.138506396090404,20836,556,25,4,16.0,7.332121111929343,12192|14025|17260|20375,Zfp36l1|Bcl11a|Mef2c|Spi1,-0.13574749688679735,0,6,0,0,-5.589606520425756,24.334014598540147,
1,-2.1232088671679445,GO:0030098,M1,1,0,GO Biological Processes,19,lymphocyte differentiation,19_GO:0002376 immune system process,-2.1232088671679445,7.375575221238937,4.1019877090118815,20836,339,25,3,12.0,6.499230723708768,12192|14025|20375,Zfp36l1|Bcl11a|Spi1,0.0,0,6,0,0,-5.589606520425756,24.334014598540147,
1,-2.075221879207363,GO:0045321,M1,1,0,GO Biological Processes,19,leukocyte activation,19_GO:0002376 immune system process,-2.075221879207363,4.873918128654971,3.570587611655652,20836,684,25,4,16.0,7.332121111929343,12192|14025|17260|20375,Zfp36l1|Bcl11a|Mef2c|Spi1,0.0,0,6,0,0,-5.589606520425756,24.334014598540147,
1,-2.0005176282789354,GO:0042110,M1,1,0,GO Biological Processes,19,T cell activation,19_GO:0002376 immune system process,-2.0005176282789354,6.649787234042552,3.8317175035972357,20836,376,25,3,12.0,6.499230723708768,12192|14025|20375,Zfp36l1|Bcl11a|Spi1,0.0,0,6,0,0,-5.589606520425756,24.334014598540147,
1,-4.350565479564976,GO:0001568,M1,1,0,GO Biological Processes,19,blood vessel development,19_GO:0032502 developmental process,-4.350565479564976,8.835053003533568,6.550034117868812,20836,566,25,6,24.0,8.541662601625049,12192|16477|17260|18022|20375|21349,Zfp36l1|Junb|Mef2c|Nfe2|Spi1|Tal1,-1.6523568892998408,0,7,1,1,-4.350565479564976,11.31366515837104,
1,-4.197598699294424,GO:0001944,M1,1,0,GO Biological Processes,19,vasculature development,19_GO:0032502 developmental process,-4.197598699294424,8.292935323383084,6.298703417422522,20836,603,25,6,24.0,8.541662601625049,12192|16477|17260|18022|20375|21349,Zfp36l1|Junb|Mef2c|Nfe2|Spi1|Tal1,-1.552667991380837,0,7,0,0,-4.350565479564976,11.31366515837104,
1,-3.6527952061842193,GO:0035239,M1,1,0,GO Biological Processes,19,tube morphogenesis,19_GO:0032502 developmental process,-3.6527952061842193,6.597150395778363,5.440785902818932,20836,758,25,6,24.0,8.541662601625049,12192|16477|17260|20375|21349|24136,Zfp36l1|Junb|Mef2c|Spi1|Tal1|Zeb2,-1.1328032348789319,0,7,0,0,-4.350565479564976,11.31366515837104,
1,-2.697990355812127,GO:0048514,M1,1,0,GO Biological Processes,19,blood vessel morphogenesis,19_GO:0032502 developmental process,-2.697990355812127,7.294879649890591,4.716006324755497,20836,457,25,4,16.0,7.332121111929343,12192|16477|20375|21349,Zfp36l1|Junb|Spi1|Tal1,-0.38885174982173293,0,7,0,0,-4.350565479564976,11.31366515837104,
1,-2.642280656237828,GO:0048863,M1,1,0,GO Biological Processes,19,stem cell differentiation,19_GO:0032502 developmental process,-2.642280656237828,11.31366515837104,5.342416917534676,20836,221,25,3,12.0,6.499230723708768,17260|21349|24136,Mef2c|Tal1|Zeb2,-0.3425836064802753,0,7,0,0,-4.350565479564976,11.31366515837104,
1,-2.5256430073319898,GO:0060485,M1,1,0,GO Biological Processes,19,mesenchyme development,19_GO:0032502 developmental process,-2.5256430073319898,10.289382716049381,5.048361720921278,20836,243,25,3,12.0,6.499230723708768,12192|17260|24136,Zfp36l1|Mef2c|Zeb2,-0.246722485563192,0,7,0,0,-4.350565479564976,11.31366515837104,
1,-2.1684523705318157,GO:0048598,M1,1,0,GO Biological Processes,19,embryonic morphogenesis,19_GO:0032502 developmental process,-2.1684523705318157,5.184696734059099,3.7358491885109157,20836,643,25,4,16.0,7.332121111929343,12192|17260|21349|24136,Zfp36l1|Mef2c|Tal1|Zeb2,0.0,0,7,0,0,-4.350565479564976,11.31366515837104,
1,-4.101240266303407,mmu05221,M1,1,0,KEGG Pathway,24,Acute myeloid leukemia - Mus musculus (house mouse),,-4.101240266303407,35.71885714285714,10.08459120656281,20836,70,25,3,12.0,6.499230723708768,12394|12606|20375,Runx1|Cebpa|Spi1,-1.4765129444781062,0,8,1,1,-4.101240266303407,35.71885714285714,
1,-3.941659776863512,GO:0031349,M1,1,0,GO Biological Processes,19,positive regulation of defense response,19_GO:0048518 positive regulation of biological process,-3.941659776863512,10.09007263922518,6.467000477034998,20836,413,25,5,20.0,8.0,12606|17260|20375|22038|23871,Cebpa|Mef2c|Spi1|Plscr1|Ets1,-1.3455776364877419,0,8,0,0,-4.101240266303407,35.71885714285714,
1,-3.860874849916121,mmu05202,M1,1,0,KEGG Pathway,24,Transcriptional misregulation in cancer - Mus musculus (house mouse),,-3.860874849916121,14.882857142857144,7.240408659315903,20836,224,25,4,16.0,7.332121111929343,12394|12606|17260|20375,Runx1|Cebpa|Mef2c|Spi1,-1.2828909316331467,0,8,0,0,-4.101240266303407,35.71885714285714,
1,-3.4728638753979384,GO:0002683,M1,1,0,GO Biological Processes,19,negative regulation of immune system process,19_GO:0002376 immune system process,-3.4728638753979384,7.998464491362763,5.607037928544676,20836,521,25,5,20.0,8.0,12394|12606|14605|20375|22761,Runx1|Cebpa|Tsc22d3|Spi1|Zfpm1,-0.9970755665847044,0,8,0,0,-4.101240266303407,35.71885714285714,
1,-3.117268321526022,GO:0002244,M1,1,0,GO Biological Processes,19,hematopoietic progenitor cell differentiation,19_GO:0032502 developmental process,-3.117268321526022,16.558410596026487,6.650376329995732,20836,151,25,3,12.0,6.499230723708768,12394|20375|21349,Runx1|Spi1|Tal1,-0.7411829259050144,0,8,0,0,-4.101240266303407,35.71885714285714,
1,-2.704411638860964,GO:0031347,M1,1,0,GO Biological Processes,19,regulation of defense response,19_GO:0050896 response to stimulus,-2.704411638860964,5.397927461139896,4.315868806948227,20836,772,25,5,20.0,8.0,12606|17260|20375|22038|23871,Cebpa|Mef2c|Spi1|Plscr1|Ets1,-0.39047414998880103,0,8,0,0,-4.101240266303407,35.71885714285714,
1,-2.4277389065247825,mmu05200,M1,1,0,KEGG Pathway,24,Pathways in cancer - Mus musculus (house mouse),,-2.4277389065247825,6.139521178637201,4.206004463637872,20836,543,25,4,16.0,7.332121111929343,12394|12606|20375|23871,Runx1|Cebpa|Spi1|Ets1,-0.16388028199593727,0,8,0,0,-4.101240266303407,35.71885714285714,
1,-2.393874914243802,GO:0032103,M1,1,0,GO Biological Processes,19,positive regulation of response to external stimulus,19_GO:0048518 positive regulation of biological process,-2.393874914243802,6.006774774774775,4.143622156700377,20836,555,25,4,16.0,7.332121111929343,12606|20375|22038|23871,Cebpa|Spi1|Plscr1|Ets1,-0.13574749688679735,0,8,0,0,-4.101240266303407,35.71885714285714,
1,-2.184627452537349,GO:0019221,M1,1,0,GO Biological Processes,19,cytokine-mediated signaling pathway,19_GO:0023052 signaling,-2.184627452537349,7.764968944099378,4.240224485830733,20836,322,25,3,12.0,6.499230723708768,12606|20375|23849,Cebpa|Spi1|Klf6,0.0,0,8,0,0,-4.101240266303407,35.71885714285714,
1,-3.834999115859977,GO:0045661,M1,1,0,GO Biological Processes,19,regulation of myoblast differentiation,19_GO:0032502 developmental process,-3.834999115859977,29.07348837209302,9.041840423178638,20836,86,25,3,12.0,6.499230723708768,12192|17260|239985,Zfp36l1|Mef2c|Arid1b,-1.2657891218845079,0,9,1,1,-3.834999115859977,29.07348837209302,
1,-3.0889606294568885,GO:0045786,M1,1,0,GO Biological Processes,19,negative regulation of cell cycle,19_GO:0048519 negative regulation of biological process,-3.0889606294568885,9.312178770949721,5.498356578110086,20836,358,25,4,16.0,7.332121111929343,12192|12606|23871|71375,Zfp36l1|Cebpa|Ets1|Foxn3,-0.7238706181373442,0,9,0,0,-3.834999115859977,29.07348837209302,
1,-2.51926728927713,GO:0007346,M1,1,0,GO Biological Processes,19,regulation of mitotic cell cycle,19_GO:0050789 regulation of biological process,-2.51926728927713,6.51125,4.376236472602788,20836,512,25,4,16.0,7.332121111929343,12192|21349|71375|239985,Zfp36l1|Tal1|Foxn3|Arid1b,-0.246722485563192,0,9,0,0,-3.834999115859977,29.07348837209302,
1,-2.10578694964905,GO:1901990,M1,1,0,GO Biological Processes,19,regulation of mitotic cell cycle phase transition,19_GO:0050789 regulation of biological process,-2.10578694964905,7.268372093023255,4.063142915022669,20836,344,25,3,12.0,6.499230723708768,12192|71375|239985,Zfp36l1|Foxn3|Arid1b,0.0,0,9,0,0,-3.834999115859977,29.07348837209302,
1,-3.356358040855757,GO:1903707,M1,1,0,GO Biological Processes,19,negative regulation of hemopoiesis,19_GO:0002376 immune system process,-3.356358040855757,20.00256,7.3856184339604045,20836,125,25,3,12.0,6.499230723708768,12394|12606|22761,Runx1|Cebpa|Zfpm1,-0.9206869552505056,0,10,1,1,-3.356358040855757,20.00256,
1,-3.2816689551738687,GO:0010721,M1,1,0,GO Biological Processes,19,negative regulation of cell development,19_GO:0048519 negative regulation of biological process,-3.2816689551738687,10.483522012578616,5.906578578118194,20836,318,25,4,16.0,7.332121111929343,12394|12606|14025|22761,Runx1|Cebpa|Bcl11a|Zfpm1,-0.852338047599636,0,10,0,0,-3.356358040855757,20.00256,
1,-3.1089543066211456,GO:0045598,M1,1,0,GO Biological Processes,19,regulation of fat cell differentiation,19_GO:0032502 developmental process,-3.1089543066211456,16.449473684210524,6.625802714712487,20836,152,25,3,12.0,6.499230723708768,12192|12606|22761,Zfp36l1|Cebpa|Zfpm1,-0.7384013996000991,0,10,0,0,-3.356358040855757,20.00256,
1,-2.764727440024956,GO:0045596,M1,1,0,GO Biological Processes,19,negative regulation of cell differentiation,19_GO:0048519 negative regulation of biological process,-2.764727440024956,5.571122994652407,4.4129157707871896,20836,748,25,5,20.0,8.0,12192|12394|12606|14025|22761,Zfp36l1|Runx1|Cebpa|Bcl11a|Zfpm1,-0.4410301138636369,0,10,0,0,-3.356358040855757,20.00256,
1,-3.212724140328609,GO:0045621,M1,1,0,GO Biological Processes,19,positive regulation of lymphocyte differentiation,19_GO:0002376 immune system process,-3.212724140328609,17.85942857142857,6.937195645186959,20836,140,25,3,12.0,6.499230723708768,12394|20375|239985,Runx1|Spi1|Arid1b,-0.8137758617480972,0,11,1,1,-3.212724140328609,17.85942857142857,
1,-2.5470071770638993,GO:0022407,M1,1,0,GO Biological Processes,19,regulation of cell-cell adhesion,19_GO:0050789 regulation of biological process,-2.5470071770638993,6.627753479125249,4.428316054486723,20836,503,25,4,16.0,7.332121111929343,12394|20375|23871|239985,Runx1|Spi1|Ets1|Arid1b,-0.2610984117919799,0,11,0,0,-3.212724140328609,17.85942857142857,
1,-2.361640243765737,GO:1903039,M1,1,0,GO Biological Processes,19,positive regulation of leukocyte cell-cell adhesion,19_GO:0048518 positive regulation of biological process,-2.361640243765737,8.993956834532373,4.650654193303994,20836,278,25,3,12.0,6.499230723708768,12394|23871|239985,Runx1|Ets1|Arid1b,-0.11049358475302933,0,11,0,0,-3.212724140328609,17.85942857142857,
1,-2.2497034729906304,GO:0045765,M1,1,0,GO Biological Processes,19,regulation of angiogenesis,19_GO:0032502 developmental process,-2.2497034729906304,8.197770491803277,4.388975382475372,20836,305,25,3,12.0,6.499230723708768,12394|21413|23871,Runx1|Tcf4|Ets1,-0.0028928791789254176,0,11,0,0,-3.212724140328609,17.85942857142857,
1,-2.2340412613878957,GO:1901342,M1,1,0,GO Biological Processes,19,regulation of vasculature development,19_GO:0032502 developmental process,-2.2340412613878957,8.091650485436892,4.35295426074453,20836,309,25,3,12.0,6.499230723708768,12394|21413|23871,Runx1|Tcf4|Ets1,0.0,0,11,0,0,-3.212724140328609,17.85942857142857,
1,-2.1552922342648864,GO:0022409,M1,1,0,GO Biological Processes,19,positive regulation of cell-cell adhesion,19_GO:0048518 positive regulation of biological process,-2.1552922342648864,7.576727272727272,4.173943905722607,20836,330,25,3,12.0,6.499230723708768,12394|23871|239985,Runx1|Ets1|Arid1b,0.0,0,11,0,0,-3.212724140328609,17.85942857142857,
1,-2.772422241449505,GO:0007610,M1,1,0,GO Biological Processes,19,behavior,19_GO:0032501 multicellular organismal process,-2.772422241449505,5.593557046979866,4.4253411474392275,20836,745,25,5,20.0,8.0,12394|13134|17260|21349|77128,Runx1|Dach1|Mef2c|Tal1|Crebrf,-0.4437614957566357,0,12,1,1,-2.772422241449505,5.593557046979866,
1,-2.520612967351682,GO:0045664,M1,1,0,GO Biological Processes,19,regulation of neuron differentiation,19_GO:0032502 developmental process,-2.520612967351682,10.247213114754096,5.035896516902003,20836,244,25,3,12.0,6.499230723708768,14025|17260|21413,Bcl11a|Mef2c|Tcf4,-0.246722485563192,0,13,1,1,-2.520612967351682,10.247213114754096,
