_MEMBER_MyList,_LogP_MyList,GO,_PATTERN_,_RANK_,GiniIndex,Category,CategoryID,Description,PARENT_GO,LogP,Enrichment,Z-score,#TotalGeneInLibrary,#GeneInGO,#GeneInHitList,#GeneInGOAndHitList,%InGO,STDV %InGO,GeneID,Hits,Log(q-value),EvidenceCutoff,GROUP_ID,FirstInGroupByEnrichment,FirstInGroupByLogP,BestLogPInGroup,BestEnrichmentInGroup,URL
1,-13.129329479042859,GO:0045637,M1,1,0,GO Biological Processes,19,regulation of myeloid cell differentiation,19_GO:0002376 immune system process,-13.129329479042859,35.61709401709402,18.457128124640825,20836,234,25,10,40.0,9.797958971132712,12192|12394|14460|14461|14582|17260|17268|20375|21349|22761,Zfp36l1|Runx1|Gata1|Gata2|Gfi1b|Mef2c|Meis1|Spi1|Tal1|Zfpm1,-8.86114948073137,0,1,1,1,-13.129329479042859,114.39372549019609,
1,-12.797807232209276,GO:0045646,M1,1,0,GO Biological Processes,19,regulation of erythrocyte differentiation,19_GO:0042592 homeostatic process,-12.797807232209276,114.39372549019609,28.100845021949013,20836,51,25,7,28.0,8.97997772825746,12192|14460|14461|14582|20375|21349|22761,Zfp36l1|Gata1|Gata2|Gfi1b|Spi1|Tal1|Zfpm1,-8.83065722956177,0,1,0,0,-13.129329479042859,114.39372549019609,
1,-11.896077945618009,GO:1903706,M1,1,0,GO Biological Processes,19,regulation of hemopoiesis,19_GO:0002376 immune system process,-11.896077945618009,20.601887640449437,14.487015365459774,20836,445,25,11,44.0,9.927738916792686,12192|12394|14460|14461|14582|17260|17268|20375|21349|22761|239985,Zfp36l1|Runx1|Gata1|Gata2|Gfi1b|Mef2c|Meis1|Spi1|Tal1|Zfpm1|Arid1b,-8.229957938634483,0,1,0,0,-13.129329479042859,114.39372549019609,
1,-8.41774724976587,GO:0045639,M1,1,0,GO Biological Processes,19,positive regulation of myeloid cell differentiation,19_GO:0002376 immune system process,-8.41774724976587,43.86526315789473,15.906050882251694,20836,114,25,6,24.0,8.541662601625049,12192|12394|14460|14461|14582|21349,Zfp36l1|Runx1|Gata1|Gata2|Gfi1b|Tal1,-5.052657238446327,0,1,0,0,-13.129329479042859,114.39372549019609,
1,-8.220528450497593,GO:1902105,M1,1,0,GO Biological Processes,19,regulation of leukocyte differentiation,19_GO:0002376 immune system process,-8.220528450497593,18.5724791086351,11.640385866022479,20836,359,25,8,32.0,9.32952303175248,12192|12394|14461|14582|20375|21349|22761|239985,Zfp36l1|Runx1|Gata2|Gfi1b|Spi1|Tal1|Zfpm1|Arid1b,-4.94508920599426,0,1,0,0,-13.129329479042859,114.39372549019609,
1,-7.666363232932876,GO:0002761,M1,1,0,GO Biological Processes,19,regulation of myeloid leukocyte differentiation,19_GO:0002376 immune system process,-7.666363232932876,32.89894736842105,13.680474583814622,20836,152,25,6,24.0,8.541662601625049,12192|12394|14461|14582|21349|22761,Zfp36l1|Runx1|Gata2|Gfi1b|Tal1|Zfpm1,-4.512126586928225,0,1,0,0,-13.129329479042859,114.39372549019609,
1,-5.734052269642146,GO:0035239,M1,1,0,GO Biological Processes,19,tube morphogenesis,19_GO:0032502 developmental process,-5.734052269642146,8.796200527704485,7.578402388236224,20836,758,25,8,32.0,9.32952303175248,12192|14461|17260|17268|18514|20375|21349|24136,Zfp36l1|Gata2|Mef2c|Meis1|Pbx1|Spi1|Tal1|Zeb2,-2.8972360354896454,0,1,0,0,-13.129329479042859,114.39372549019609,
1,-4.526053501183702,GO:0002244,M1,1,0,GO Biological Processes,19,hematopoietic progenitor cell differentiation,19_GO:0032502 developmental process,-4.526053501183702,22.07788079470199,9.009650353318072,20836,151,25,4,16.0,7.332121111929343,12394|14461|20375|21349,Runx1|Gata2|Spi1|Tal1,-1.9654436789701504,0,1,0,0,-13.129329479042859,114.39372549019609,
1,-4.350565479564976,GO:0001568,M1,1,0,GO Biological Processes,19,blood vessel development,19_GO:0032502 developmental process,-4.350565479564976,8.835053003533568,6.550034117868812,20836,566,25,6,24.0,8.541662601625049,12192|14461|17260|17268|20375|21349,Zfp36l1|Gata2|Mef2c|Meis1|Spi1|Tal1,-1.8147792410764565,0,1,0,0,-13.129329479042859,114.39372549019609,
1,-4.197598699294424,GO:0001944,M1,1,0,GO Biological Processes,19,vasculature development,19_GO:0032502 developmental process,-4.197598699294424,8.292935323383084,6.298703417422522,20836,603,25,6,24.0,8.541662601625049,12192|14461|17260|17268|20375|21349,Zfp36l1|Gata2|Mef2c|Meis1|Spi1|Tal1,-1.685293556655428,0,1,0,0,-13.129329479042859,114.39372549019609,
1,-3.7362167835051188,GO:0048514,M1,1,0,GO Biological Processes,19,blood vessel morphogenesis,19_GO:0032502 developmental process,-3.7362167835051188,9.118599562363238,6.082303239098098,20836,457,25,5,20.0,8.0,12192|14461|17268|20375|21349,Zfp36l1|Gata2|Meis1|Spi1|Tal1,-1.274216759177518,0,1,0,0,-13.129329479042859,114.39372549019609,
1,-11.948473413536409,GO:0035162,M1,1,0,GO Biological Processes,19,embryonic hemopoiesis,19_GO:0032502 developmental process,-11.948473413536409,161.31096774193546,30.958542391772124,20836,31,25,6,24.0,8.541662601625049,12394|14460|16596|18514|21349|22761,Runx1|Gata1|Klf1|Pbx1|Tal1|Zfpm1,-8.229957938634483,0,2,1,1,-11.948473413536409,161.31096774193546,
1,-8.213269204305748,GO:0048568,M1,1,0,GO Biological Processes,19,embryonic organ development,19_GO:0032502 developmental process,-8.213269204305748,14.099548872180451,10.608198445307982,20836,532,25,9,36.0,9.6,12192|12394|14460|14461|16596|17260|18514|21349|22761,Zfp36l1|Runx1|Gata1|Gata2|Klf1|Mef2c|Pbx1|Tal1|Zfpm1,-4.94508920599426,0,2,0,0,-11.948473413536409,161.31096774193546,
1,-6.967598832274113,GO:0045638,M1,1,0,GO Biological Processes,19,negative regulation of myeloid cell differentiation,19_GO:0002376 immune system process,-6.967598832274113,42.09292929292929,14.204698381074664,20836,99,25,5,20.0,8.0,12192|12394|14461|17268|22761,Zfp36l1|Runx1|Gata2|Meis1|Zfpm1,-3.976558836703295,0,2,0,0,-11.948473413536409,161.31096774193546,
1,-4.690482345286048,GO:0045596,M1,1,0,GO Biological Processes,19,negative regulation of cell differentiation,19_GO:0048519 negative regulation of biological process,-4.690482345286048,7.79957219251337,6.564238021608947,20836,748,25,7,28.0,8.97997772825746,12192|12394|14025|14461|17268|18514|22761,Zfp36l1|Runx1|Bcl11a|Gata2|Meis1|Pbx1|Zfpm1,-2.0850601786561342,0,2,0,0,-11.948473413536409,161.31096774193546,
1,-4.217721441543082,GO:0002762,M1,1,0,GO Biological Processes,19,negative regulation of myeloid leukocyte differentiation,19_GO:0002376 immune system process,-4.217721441543082,39.067499999999995,10.571228700558041,20836,64,25,3,12.0,6.499230723708768,12394|14461|22761,Runx1|Gata2|Zfpm1,-1.6977294702377947,0,2,0,0,-11.948473413536409,161.31096774193546,
1,-3.4728638753979384,GO:0002683,M1,1,0,GO Biological Processes,19,negative regulation of immune system process,19_GO:0002376 immune system process,-3.4728638753979384,7.998464491362763,5.607037928544676,20836,521,25,5,20.0,8.0,12394|14461|14605|20375|22761,Runx1|Gata2|Tsc22d3|Spi1|Zfpm1,-1.037192789792687,0,2,0,0,-11.948473413536409,161.31096774193546,
1,-3.3977073999105016,GO:1902106,M1,1,0,GO Biological Processes,19,negative regulation of leukocyte differentiation,19_GO:0002376 immune system process,-3.3977073999105016,20.66380165289256,7.518617363625985,20836,121,25,3,12.0,6.499230723708768,12394|14461|22761,Runx1|Gata2|Zfpm1,-0.9807857503180891,0,2,0,0,-11.948473413536409,161.31096774193546,
1,-3.356358040855757,GO:1903707,M1,1,0,GO Biological Processes,19,negative regulation of hemopoiesis,19_GO:0002376 immune system process,-3.356358040855757,20.00256,7.3856184339604045,20836,125,25,3,12.0,6.499230723708768,12394|14461|22761,Runx1|Gata2|Zfpm1,-0.9515009026647252,0,2,0,0,-11.948473413536409,161.31096774193546,
1,-3.33630257636436,GO:0001701,M1,1,0,GO Biological Processes,19,in utero embryonic development,19_GO:0032502 developmental process,-3.33630257636436,7.468100358422939,5.367864839969226,20836,558,25,5,20.0,8.0,12192|12394|14460|14461|16596,Zfp36l1|Runx1|Gata1|Gata2|Klf1,-0.9431838414445723,0,2,0,0,-11.948473413536409,161.31096774193546,
1,-3.2816689551738687,GO:0010721,M1,1,0,GO Biological Processes,19,negative regulation of cell development,19_GO:0048519 negative regulation of biological process,-3.2816689551738687,10.483522012578616,5.906578578118194,20836,318,25,4,16.0,7.332121111929343,12394|14025|14461|22761,Runx1|Bcl11a|Gata2|Zfpm1,-0.8943025491431722,0,2,0,0,-11.948473413536409,161.31096774193546,
1,-3.1089543066211456,GO:0045598,M1,1,0,GO Biological Processes,19,regulation of fat cell differentiation,19_GO:0032502 developmental process,-3.1089543066211456,16.449473684210524,6.625802714712487,20836,152,25,3,12.0,6.499230723708768,12192|14461|22761,Zfp36l1|Gata2|Zfpm1,-0.7650535943715394,0,2,0,0,-11.948473413536409,161.31096774193546,
1,-2.7119088394969584,GO:0048732,M1,1,0,GO Biological Processes,19,gland development,19_GO:0032502 developmental process,-2.7119088394969584,7.359293598233996,4.742902609960438,20836,453,25,4,16.0,7.332121111929343,12394|14461|16596|18514,Runx1|Gata2|Klf1|Pbx1,-0.42600007422503894,0,2,0,0,-11.948473413536409,161.31096774193546,
1,-10.374735694418547,GO:0060216,M1,1,0,GO Biological Processes,19,definitive hemopoiesis,19_GO:0032502 developmental process,-10.374735694418547,189.4181818181818,30.646201734446414,20836,22,25,5,20.0,8.0,12394|14461|17268|21349|22761,Runx1|Gata2|Meis1|Tal1|Zfpm1,-6.805525700443078,0,3,1,1,-10.374735694418547,189.4181818181818,
1,-7.304463824790439,GO:0030219,M1,1,0,GO Biological Processes,19,megakaryocyte differentiation,19_GO:0032502 developmental process,-7.304463824790439,107.54064516129033,20.574656407677274,20836,31,25,4,16.0,7.332121111929343,14460|17268|21349|22761,Gata1|Meis1|Tal1|Zfpm1,-4.240403809134876,0,3,0,0,-10.374735694418547,189.4181818181818,
1,-7.250254717566813,GO:0061515,M1,1,0,GO Biological Processes,19,myeloid cell development,19_GO:0032502 developmental process,-7.250254717566813,47.89885057471264,15.19299944527553,20836,87,25,5,20.0,8.0,14460|16596|17268|21349|22761,Gata1|Klf1|Meis1|Tal1|Zfpm1,-4.212523640633599,0,3,0,0,-10.374735694418547,189.4181818181818,
1,-5.642882422561298,GO:0001501,M1,1,0,GO Biological Processes,19,skeletal system development,19_GO:0032502 developmental process,-5.642882422561298,10.904822429906543,8.04424245057022,20836,535,25,7,28.0,8.97997772825746,12394|17260|17268|18514|21349|22761|71375,Runx1|Mef2c|Meis1|Pbx1|Tal1|Zfpm1|Foxn3,-2.8313790409187263,0,3,0,0,-10.374735694418547,189.4181818181818,
1,-5.462342699535679,GO:0035855,M1,1,0,GO Biological Processes,19,megakaryocyte development,19_GO:0032502 developmental process,-5.462342699535679,100.01279999999998,17.168610737758183,20836,25,25,3,12.0,6.499230723708768,17268|21349|22761,Meis1|Tal1|Zfpm1,-2.699312679544097,0,3,0,0,-10.374735694418547,189.4181818181818,
1,-5.050174697185619,GO:0098751,M1,1,0,GO Biological Processes,19,bone cell development,19_GO:0032502 developmental process,-5.050174697185619,73.53882352941176,14.67160757566745,20836,34,25,3,12.0,6.499230723708768,17268|21349|22761,Meis1|Tal1|Zfpm1,-2.3964520229086372,0,3,0,0,-10.374735694418547,189.4181818181818,
1,-5.0413827308222245,GO:0060348,M1,1,0,GO Biological Processes,19,bone development,19_GO:0032502 developmental process,-5.0413827308222245,17.148971193415637,8.776239551875356,20836,243,25,5,20.0,8.0,17260|17268|21349|22761|71375,Mef2c|Meis1|Tal1|Zfpm1|Foxn3,-2.3964520229086372,0,3,0,0,-10.374735694418547,189.4181818181818,
1,-2.979993607337785,GO:0060537,M1,1,0,GO Biological Processes,19,muscle tissue development,19_GO:0032502 developmental process,-2.979993607337785,8.704334203655353,5.274438994899701,20836,383,25,4,16.0,7.332121111929343,17260|17268|22761|217082,Mef2c|Meis1|Zfpm1|Hlf,-0.6463120602698648,0,3,0,0,-10.374735694418547,189.4181818181818,
1,-2.772422241449505,GO:0007610,M1,1,0,GO Biological Processes,19,behavior,19_GO:0032501 multicellular organismal process,-2.772422241449505,5.593557046979866,4.4253411474392275,20836,745,25,5,20.0,8.0,12394|13134|17260|17268|21349,Runx1|Dach1|Mef2c|Meis1|Tal1,-0.4701563336601284,0,3,0,0,-10.374735694418547,189.4181818181818,
1,-2.6936158923096145,GO:0048738,M1,1,0,GO Biological Processes,19,cardiac muscle tissue development,19_GO:0032502 developmental process,-2.6936158923096145,11.793962264150942,5.4749815250140434,20836,212,25,3,12.0,6.499230723708768,17260|17268|22761,Mef2c|Meis1|Zfpm1,-0.41666196969062147,0,3,0,0,-10.374735694418547,189.4181818181818,
1,-2.6591410620983136,GO:0014706,M1,1,0,GO Biological Processes,19,striated muscle tissue development,19_GO:0032502 developmental process,-2.6591410620983136,11.469357798165136,5.385739007145391,20836,218,25,3,12.0,6.499230723708768,17260|17268|22761,Mef2c|Meis1|Zfpm1,-0.3931709353006189,0,3,0,0,-10.374735694418547,189.4181818181818,
1,-2.4248848339656703,GO:0061061,M1,1,0,GO Biological Processes,19,muscle structure development,19_GO:0032502 developmental process,-2.4248848339656703,6.128235294117648,4.200734643759937,20836,544,25,4,16.0,7.332121111929343,17260|17268|22761|217082,Mef2c|Meis1|Zfpm1|Hlf,-0.19809752081240758,0,3,0,0,-10.374735694418547,189.4181818181818,
1,-2.2611894301171693,GO:0007507,M1,1,0,GO Biological Processes,19,heart development,19_GO:0032502 developmental process,-2.2611894301171693,5.510347107438017,3.902107772463947,20836,605,25,4,16.0,7.332121111929343,12192|17260|17268|22761,Zfp36l1|Mef2c|Meis1|Zfpm1,-0.057467421032599934,0,3,0,0,-10.374735694418547,189.4181818181818,
1,-2.2262928840451757,GO:0007517,M1,1,0,GO Biological Processes,19,muscle organ development,19_GO:0032502 developmental process,-2.2262928840451757,8.039614147909967,4.335186136605736,20836,311,25,3,12.0,6.499230723708768,17260|22761|217082,Mef2c|Zfpm1|Hlf,-0.040898256050137916,0,3,0,0,-10.374735694418547,189.4181818181818,
1,-2.1232088671679445,GO:0001525,M1,1,0,GO Biological Processes,19,angiogenesis,19_GO:0032502 developmental process,-2.1232088671679445,7.375575221238937,4.1019877090118815,20836,339,25,3,12.0,6.499230723708768,14461|17268|21349,Gata2|Meis1|Tal1,0.0,0,3,0,0,-10.374735694418547,189.4181818181818,
1,-10.143166898984957,GO:0030099,M1,1,0,GO Biological Processes,19,myeloid cell differentiation,19_GO:0032502 developmental process,-10.143166898984957,23.36747663551402,13.997614543239022,20836,321,25,9,36.0,9.6,12394|14460|14461|16596|17260|17268|20375|21349|22761,Runx1|Gata1|Gata2|Klf1|Mef2c|Meis1|Spi1|Tal1|Zfpm1,-6.653138151057112,0,4,1,1,-10.143166898984957,250.03199999999998,
1,-8.59471842152817,GO:0002521,M1,1,0,GO Biological Processes,19,leukocyte differentiation,19_GO:0032502 developmental process,-8.59471842152817,15.594511434511434,11.223978551091372,20836,481,25,9,36.0,9.6,12192|12394|14025|14460|14461|17260|18514|20375|22761,Zfp36l1|Runx1|Bcl11a|Gata1|Gata2|Mef2c|Pbx1|Spi1|Zfpm1,-5.171636463230938,0,4,0,0,-10.143166898984957,250.03199999999998,
1,-8.113143105151016,GO:0030220,M1,1,0,GO Biological Processes,19,platelet formation,19_GO:0032502 developmental process,-8.113143105151016,166.68800000000002,25.69376194364797,20836,20,25,4,16.0,7.332121111929343,14460|17260|21349|22761,Gata1|Mef2c|Tal1|Zfpm1,-4.886355791997753,0,4,0,0,-10.143166898984957,250.03199999999998,
1,-7.934923386437596,GO:0036344,M1,1,0,GO Biological Processes,19,platelet morphogenesis,19_GO:0032502 developmental process,-7.934923386437596,151.53454545454545,24.48443140405053,20836,22,25,4,16.0,7.332121111929343,14460|17260|21349|22761,Gata1|Mef2c|Tal1|Zfpm1,-4.745924634173733,0,4,0,0,-10.143166898984957,250.03199999999998,
1,-7.490016349691773,GO:0030851,M1,1,0,GO Biological Processes,19,granulocyte differentiation,19_GO:0032502 developmental process,-7.490016349691773,119.06285714285715,21.66693184490667,20836,28,25,4,16.0,7.332121111929343,14460|14461|20375|22761,Gata1|Gata2|Spi1|Zfpm1,-4.367964387058524,0,4,0,0,-10.143166898984957,250.03199999999998,
1,-7.453497063999792,GO:0002573,M1,1,0,GO Biological Processes,19,myeloid leukocyte differentiation,19_GO:0032502 developmental process,-7.453497063999792,30.306909090909087,13.09940374159153,20836,165,25,6,24.0,8.541662601625049,12394|14460|14461|17260|20375|22761,Runx1|Gata1|Gata2|Mef2c|Spi1|Zfpm1,-4.361408324743985,0,4,0,0,-10.143166898984957,250.03199999999998,
1,-6.965985234061954,GO:0048872,M1,1,0,GO Biological Processes,19,homeostasis of number of cells,19_GO:0042592 homeostatic process,-6.965985234061954,17.159058823529413,10.412169906680832,20836,340,25,7,28.0,8.97997772825746,14460|14461|16596|17260|20375|21349|22761,Gata1|Gata2|Klf1|Mef2c|Spi1|Tal1|Zfpm1,-3.976558836703295,0,4,0,0,-10.143166898984957,250.03199999999998,
1,-6.739728797378564,GO:0060215,M1,1,0,GO Biological Processes,19,primitive hemopoiesis,19_GO:0032502 developmental process,-6.739728797378564,250.03199999999998,27.300619781478748,20836,10,25,3,12.0,6.499230723708768,14460|21349|22761,Gata1|Tal1|Zfpm1,-3.7725787947310567,0,4,0,0,-10.143166898984957,250.03199999999998,
1,-6.622789812922299,GO:0030218,M1,1,0,GO Biological Processes,19,erythrocyte differentiation,19_GO:0042592 homeostatic process,-6.622789812922299,35.92413793103448,13.073145536320649,20836,116,25,5,20.0,8.0,14460|16596|20375|21349|22761,Gata1|Klf1|Spi1|Tal1|Zfpm1,-3.6768291093447307,0,4,0,0,-10.143166898984957,250.03199999999998,
1,-6.409611121155803,GO:0034101,M1,1,0,GO Biological Processes,19,erythrocyte homeostasis,19_GO:0042592 homeostatic process,-6.409611121155803,32.55625,12.41199456756096,20836,128,25,5,20.0,8.0,14460|16596|20375|21349|22761,Gata1|Klf1|Spi1|Tal1|Zfpm1,-3.5031589588619076,0,4,0,0,-10.143166898984957,250.03199999999998,
1,-6.276286667233138,GO:0050867,M1,1,0,GO Biological Processes,19,positive regulation of cell activation,19_GO:0048518 positive regulation of biological process,-6.276286667233138,13.567627906976746,9.1270174888001,20836,430,25,7,28.0,8.97997772825746,12394|14460|14461|17260|20375|56193|239985,Runx1|Gata1|Gata2|Mef2c|Spi1|Plek|Arid1b,-3.388317910633256,0,4,0,0,-10.143166898984957,250.03199999999998,
1,-5.99789572122812,GO:0050865,M1,1,0,GO Biological Processes,19,regulation of cell activation,19_GO:0032501 multicellular organismal process,-5.99789572122812,9.538655221745351,7.958861784497971,20836,699,25,8,32.0,9.32952303175248,12192|12394|14460|14461|17260|20375|56193|239985,Zfp36l1|Runx1|Gata1|Gata2|Mef2c|Spi1|Plek|Arid1b,-3.1276557315886695,0,4,0,0,-10.143166898984957,250.03199999999998,
1,-5.8375784840026865,GO:0002262,M1,1,0,GO Biological Processes,19,myeloid cell homeostasis,19_GO:0042592 homeostatic process,-5.8375784840026865,24.95329341317365,10.77169429416033,20836,167,25,5,20.0,8.0,14460|16596|20375|21349|22761,Gata1|Klf1|Spi1|Tal1|Zfpm1,-2.9843718336620166,0,4,0,0,-10.143166898984957,250.03199999999998,
1,-5.528877173685516,R-MMU-8878171,M1,1,0,Reactome Gene Sets,6,Transcriptional regulation by RUNX1,,-5.528877173685516,21.591709844559585,9.96104587804736,20836,193,25,5,20.0,8.0,14460|14461|21349|22761|239985,Gata1|Gata2|Tal1|Zfpm1|Arid1b,-2.7520588692083012,0,4,0,0,-10.143166898984957,250.03199999999998,
1,-5.309758604015118,GO:0045648,M1,1,0,GO Biological Processes,19,positive regulation of erythrocyte differentiation,19_GO:0042592 homeostatic process,-5.309758604015118,89.29714285714284,16.204318806809827,20836,28,25,3,12.0,6.499230723708768,14460|14461|21349,Gata1|Gata2|Tal1,-2.585646650053906,0,4,0,0,-10.143166898984957,250.03199999999998,
1,-5.153679181641588,GO:0002696,M1,1,0,GO Biological Processes,19,positive regulation of leukocyte activation,19_GO:0002376 immune system process,-5.153679181641588,12.256470588235294,7.958655020931295,20836,408,25,6,24.0,8.541662601625049,12394|14460|14461|17260|20375|239985,Runx1|Gata1|Gata2|Mef2c|Spi1|Arid1b,-2.465282779946911,0,4,0,0,-10.143166898984957,250.03199999999998,
1,-5.117105177285518,GO:0002694,M1,1,0,GO Biological Processes,19,regulation of leukocyte activation,19_GO:0002376 immune system process,-5.117105177285518,9.073219284603423,7.207291622253655,20836,643,25,7,28.0,8.97997772825746,12192|12394|14460|14461|17260|20375|239985,Zfp36l1|Runx1|Gata1|Gata2|Mef2c|Spi1|Arid1b,-2.4509851703019927,0,4,0,0,-10.143166898984957,250.03199999999998,
1,-4.98789046918757,GO:0048871,M1,1,0,GO Biological Processes,19,multicellular organismal homeostasis,19_GO:0042592 homeostatic process,-4.98789046918757,8.668766716196139,7.0093180376227195,20836,673,25,7,28.0,8.97997772825746,14460|14461|16596|17260|20375|21349|22761,Gata1|Gata2|Klf1|Mef2c|Spi1|Tal1|Zfpm1,-2.3531789264556684,0,4,0,0,-10.143166898984957,250.03199999999998,
1,-4.7591346960675525,GO:0045165,M1,1,0,GO Biological Processes,19,cell fate commitment,19_GO:0032502 developmental process,-4.7591346960675525,14.989928057553955,8.138937816605122,20836,278,25,5,20.0,8.0,12394|14460|14461|17260|21349,Runx1|Gata1|Gata2|Mef2c|Tal1,-2.134407374242252,0,4,0,0,-10.143166898984957,250.03199999999998,
1,-4.621720226096293,GO:0048821,M1,1,0,GO Biological Processes,19,erythrocyte development,19_GO:0042592 homeostatic process,-4.621720226096293,53.19829787234042,12.416773323274926,20836,47,25,3,12.0,6.499230723708768,14460|16596|21349,Gata1|Klf1|Tal1,-2.034781465160392,0,4,0,0,-10.143166898984957,250.03199999999998,
1,-4.56603651090189,GO:0006351,M1,1,0,GO Biological Processes,19,DNA-templated transcription,19_GO:0008152 metabolic process,-4.56603651090189,9.653745173745172,6.912717139512948,20836,518,25,6,24.0,8.541662601625049,14025|14460|14461|16764|17260|21349,Bcl11a|Gata1|Gata2|Aff3|Mef2c|Tal1,-1.99212055623936,0,4,0,0,-10.143166898984957,250.03199999999998,
1,-4.561330550214829,GO:0097659,M1,1,0,GO Biological Processes,19,nucleic acid-templated transcription,19_GO:0008152 metabolic process,-4.561330550214829,9.63514450867052,6.90468357348972,20836,519,25,6,24.0,8.541662601625049,14025|14460|14461|16764|17260|21349,Bcl11a|Gata1|Gata2|Aff3|Mef2c|Tal1,-1.99212055623936,0,4,0,0,-10.143166898984957,250.03199999999998,
1,-4.505610942430595,GO:0032774,M1,1,0,GO Biological Processes,19,RNA biosynthetic process,19_GO:0008152 metabolic process,-4.505610942430595,9.417401129943501,6.809952295740315,20836,531,25,6,24.0,8.541662601625049,14025|14460|14461|16764|17260|21349,Bcl11a|Gata1|Gata2|Aff3|Mef2c|Tal1,-1.9534342877539062,0,4,0,0,-10.143166898984957,250.03199999999998,
1,-4.3688014094105805,GO:0043300,M1,1,0,GO Biological Processes,19,regulation of leukocyte degranulation,19_GO:0002376 immune system process,-4.3688014094105805,43.86526315789473,11.231839340381962,20836,57,25,3,12.0,6.499230723708768,14460|14461|20375,Gata1|Gata2|Spi1,-1.8248972806998818,0,4,0,0,-10.143166898984957,250.03199999999998,
1,-4.303977484820567,GO:0000904,M1,1,0,GO Biological Processes,19,cell morphogenesis involved in differentiation,19_GO:0032502 developmental process,-4.303977484820567,8.666620450606585,6.472963375649486,20836,577,25,6,24.0,8.541662601625049,14460|17260|20375|21349|22761|24136,Gata1|Mef2c|Spi1|Tal1|Zfpm1|Zeb2,-1.7761601760033234,0,4,0,0,-10.143166898984957,250.03199999999998,
1,-4.177683961414834,R-MMU-8939236,M1,1,0,Reactome Gene Sets,6,RUNX1 regulates transcription of genes involved in differentiation of HSCs,,-4.177683961414834,37.883636363636356,10.401781656742578,20836,66,25,3,12.0,6.499230723708768,14460|14461|21349,Gata1|Gata2|Tal1,-1.6729319566662835,0,4,0,0,-10.143166898984957,250.03199999999998,
1,-3.994652197042221,GO:0002886,M1,1,0,GO Biological Processes,19,regulation of myeloid leukocyte mediated immunity,19_GO:0002376 immune system process,-3.994652197042221,32.89894736842105,9.655833217551901,20836,76,25,3,12.0,6.499230723708768,14460|14461|20375,Gata1|Gata2|Spi1,-1.5118020337415001,0,4,0,0,-10.143166898984957,250.03199999999998,
1,-3.654030068170173,WP373,M1,1,0,WikiPathways,27,IL-3 signaling pathway,,-3.654030068170173,25.255757575757574,8.384550001583554,20836,99,25,3,12.0,6.499230723708768,14460|14461|20375,Gata1|Gata2|Spi1,-1.1987634265015408,0,4,0,0,-10.143166898984957,250.03199999999998,
1,-3.6404192216330276,GO:0000902,M1,1,0,GO Biological Processes,19,cell morphogenesis,19_GO:0032502 developmental process,-3.6404192216330276,6.562519685039369,5.4219108049581655,20836,762,25,6,24.0,8.541662601625049,14460|17260|20375|21349|22761|24136,Gata1|Mef2c|Spi1|Tal1|Zfpm1|Zeb2,-1.1917831588634082,0,4,0,0,-10.143166898984957,250.03199999999998,
1,-3.3872380072782438,R-MMU-983231,M1,1,0,Reactome Gene Sets,6,Factors involved in megakaryocyte development and platelet production,,-3.3872380072782438,20.494426229508193,7.484773608995291,20836,122,25,3,12.0,6.499230723708768,14460|14461|22761,Gata1|Gata2|Zfpm1,-0.9763905053980244,0,4,0,0,-10.143166898984957,250.03199999999998,
1,-3.036612596545133,GO:1903305,M1,1,0,GO Biological Processes,19,regulation of regulated secretory pathway,19_GO:0051179 localization,-3.036612596545133,15.529937888198756,6.414668517668267,20836,161,25,3,12.0,6.499230723708768,14460|14461|20375,Gata1|Gata2|Spi1,-0.697851523947938,0,4,0,0,-10.143166898984957,250.03199999999998,
1,-2.8895081951158983,GO:1903530,M1,1,0,GO Biological Processes,19,regulation of secretion by cell,19_GO:0051179 localization,-2.8895081951158983,5.944650499286733,4.615715944647444,20836,701,25,5,20.0,8.0,12394|14460|14461|17260|20375,Runx1|Gata1|Gata2|Mef2c|Spi1,-0.5658108689545791,0,4,0,0,-10.143166898984957,250.03199999999998,
1,-2.8667828057907894,GO:0009611,M1,1,0,GO Biological Processes,19,response to wounding,19_GO:0050896 response to stimulus,-2.8667828057907894,8.111338199513382,5.046746536847756,20836,411,25,4,16.0,7.332121111929343,12192|14460|14461|56193,Zfp36l1|Gata1|Gata2|Plek,-0.5479928141242143,0,4,0,0,-10.143166898984957,250.03199999999998,
1,-2.772010250890366,GO:0048469,M1,1,0,GO Biological Processes,19,cell maturation,19_GO:0032502 developmental process,-2.772010250890366,12.564422110552762,5.681296741360444,20836,199,25,3,12.0,6.499230723708768,14461|16596|21349,Gata2|Klf1|Tal1,-0.4701563336601284,0,4,0,0,-10.143166898984957,250.03199999999998,
1,-2.769853383417681,GO:0008285,M1,1,0,GO Biological Processes,19,negative regulation of cell population proliferation,19_GO:0048519 negative regulation of biological process,-2.769853383417681,5.5860589812332435,4.421191876411751,20836,746,25,5,20.0,8.0,12394|13134|14460|14461|17260,Runx1|Dach1|Gata1|Gata2|Mef2c,-0.4701563336601284,0,4,0,0,-10.143166898984957,250.03199999999998,
1,-2.6438280307361928,GO:0051046,M1,1,0,GO Biological Processes,19,regulation of secretion,19_GO:0051179 localization,-2.6438280307361928,5.228607277289837,4.218992691380874,20836,797,25,5,20.0,8.0,12394|14460|14461|17260|20375,Runx1|Gata1|Gata2|Mef2c|Spi1,-0.38693788263151235,0,4,0,0,-10.143166898984957,250.03199999999998,
1,-2.6147150999898043,GO:0017157,M1,1,0,GO Biological Processes,19,regulation of exocytosis,19_GO:0051179 localization,-2.6147150999898043,11.063362831858406,5.272039277407667,20836,226,25,3,12.0,6.499230723708768,14460|14461|20375,Gata1|Gata2|Spi1,-0.36772440074825463,0,4,0,0,-10.143166898984957,250.03199999999998,
1,-2.5848677435629375,R-MMU-109582,M1,1,0,Reactome Gene Sets,6,Hemostasis,,-2.5848677435629375,6.789735234215886,4.499775895065841,20836,491,25,4,16.0,7.332121111929343,14460|14461|22761|56193,Gata1|Gata2|Zfpm1|Plek,-0.34607152293665927,0,4,0,0,-10.143166898984957,250.03199999999998,
1,-2.415231736282108,GO:0071695,M1,1,0,GO Biological Processes,19,anatomical structure maturation,19_GO:0032502 developmental process,-2.415231736282108,9.3996992481203,4.778677157054063,20836,266,25,3,12.0,6.499230723708768,14461|16596|21349,Gata2|Klf1|Tal1,-0.1923747167572777,0,4,0,0,-10.143166898984957,250.03199999999998,
1,-2.3660098221472787,GO:0042060,M1,1,0,GO Biological Processes,19,wound healing,19_GO:0050896 response to stimulus,-2.3660098221472787,9.026425992779782,4.661024428115698,20836,277,25,3,12.0,6.499230723708768,14460|14461|56193,Gata1|Gata2|Plek,-0.14704784650597252,0,4,0,0,-10.143166898984957,250.03199999999998,
1,-2.323259221365932,GO:0071396,M1,1,0,GO Biological Processes,19,cellular response to lipid,19_GO:0050896 response to stimulus,-2.323259221365932,5.7379690189328745,4.014527536219262,20836,581,25,4,16.0,7.332121111929343,12192|14460|17260|20375,Zfp36l1|Gata1|Mef2c|Spi1,-0.10815766653786384,0,4,0,0,-10.143166898984957,250.03199999999998,
1,-2.3188583475148956,GO:0071222,M1,1,0,GO Biological Processes,19,cellular response to lipopolysaccharide,19_GO:0044419 biological process involved in interspecies interaction between organisms,-2.3188583475148956,8.681666666666665,4.549746559098391,20836,288,25,3,12.0,6.499230723708768,14460|17260|20375,Gata1|Mef2c|Spi1,-0.10758320053988034,0,4,0,0,-10.143166898984957,250.03199999999998,
1,-2.2776585510634195,GO:0071219,M1,1,0,GO Biological Processes,19,cellular response to molecule of bacterial origin,19_GO:0044419 biological process involved in interspecies interaction between organisms,-2.2776585510634195,8.390335570469798,4.453623481557376,20836,298,25,3,12.0,6.499230723708768,14460|17260|20375,Gata1|Mef2c|Spi1,-0.07017639310554333,0,4,0,0,-10.143166898984957,250.03199999999998,
1,-2.230160253181817,GO:0002703,M1,1,0,GO Biological Processes,19,regulation of leukocyte mediated immunity,19_GO:0002376 immune system process,-2.230160253181817,8.065548387096774,4.344050263495513,20836,310,25,3,12.0,6.499230723708768,14460|14461|20375,Gata1|Gata2|Spi1,-0.04116150091795391,0,4,0,0,-10.143166898984957,250.03199999999998,
1,-2.184627452537349,GO:0021700,M1,1,0,GO Biological Processes,19,developmental maturation,19_GO:0032502 developmental process,-2.184627452537349,7.764968944099378,4.240224485830733,20836,322,25,3,12.0,6.499230723708768,14461|16596|21349,Gata2|Klf1|Tal1,-0.0028072849006091625,0,4,0,0,-10.143166898984957,250.03199999999998,
1,-2.173534085771129,GO:0071216,M1,1,0,GO Biological Processes,19,cellular response to biotic stimulus,19_GO:0050896 response to stimulus,-2.173534085771129,7.693292307692307,4.215104413433666,20836,325,25,3,12.0,6.499230723708768,14460|17260|20375,Gata1|Mef2c|Spi1,0.0,0,4,0,0,-10.143166898984957,250.03199999999998,
1,-2.1662006608246003,GO:0002699,M1,1,0,GO Biological Processes,19,positive regulation of immune effector process,19_GO:0002376 immune system process,-2.1662006608246003,7.6462385321100905,4.198535598909735,20836,327,25,3,12.0,6.499230723708768,14460|14461|20375,Gata1|Gata2|Spi1,0.0,0,4,0,0,-10.143166898984957,250.03199999999998,
1,-2.15891624794175,GO:0006366,M1,1,0,GO Biological Processes,19,transcription by RNA polymerase II,19_GO:0008152 metabolic process,-2.15891624794175,7.599756838905774,4.182106614538939,20836,329,25,3,12.0,6.499230723708768,14460|14461|21349,Gata1|Gata2|Tal1,0.0,0,4,0,0,-10.143166898984957,250.03199999999998,
1,-2.156720216449379,GO:0050778,M1,1,0,GO Biological Processes,19,positive regulation of immune response,19_GO:0002376 immune system process,-2.156720216449379,5.144691358024692,3.714953076704188,20836,648,25,4,16.0,7.332121111929343,14460|14461|17260|20375,Gata1|Gata2|Mef2c|Spi1,0.0,0,4,0,0,-10.143166898984957,250.03199999999998,
1,-2.0036547914982803,GO:0032496,M1,1,0,GO Biological Processes,19,response to lipopolysaccharide,19_GO:0044419 biological process involved in interspecies interaction between organisms,-2.0036547914982803,6.667519999999999,3.838535395884921,20836,375,25,3,12.0,6.499230723708768,14460|17260|20375,Gata1|Mef2c|Spi1,0.0,0,4,0,0,-10.143166898984957,250.03199999999998,
1,-6.448005775805031,GO:0045664,M1,1,0,GO Biological Processes,19,regulation of neuron differentiation,19_GO:0032502 developmental process,-6.448005775805031,20.494426229508193,10.616378354203635,20836,244,25,6,24.0,8.541662601625049,14025|14461|17260|17268|18514|21413,Bcl11a|Gata2|Mef2c|Meis1|Pbx1|Tcf4,-3.5222484583157496,0,5,1,1,-6.448005775805031,20.494426229508193,
1,-5.213078486355993,mmu05202,M1,1,0,KEGG Pathway,24,Transcriptional misregulation in cancer - Mus musculus (house mouse),,-5.213078486355993,18.603571428571428,9.180894803912349,20836,224,25,5,20.0,8.0,12394|17260|17268|18514|20375,Runx1|Mef2c|Meis1|Pbx1|Spi1,-2.5131002121115005,0,5,0,0,-6.448005775805031,20.494426229508193,
1,-5.117105177285518,GO:0048598,M1,1,0,GO Biological Processes,19,embryonic morphogenesis,19_GO:0032502 developmental process,-5.117105177285518,9.073219284603423,7.207291622253655,20836,643,25,7,28.0,8.97997772825746,12192|14461|16764|17260|18514|21349|24136,Zfp36l1|Gata2|Aff3|Mef2c|Pbx1|Tal1|Zeb2,-2.4509851703019927,0,5,0,0,-6.448005775805031,20.494426229508193,
1,-4.032214723433114,GO:0048729,M1,1,0,GO Biological Processes,19,tissue morphogenesis,19_GO:0032502 developmental process,-4.032214723433114,7.740928792569658,6.032372079410458,20836,646,25,6,24.0,8.541662601625049,12394|17260|18514|21349|22761|24136,Runx1|Mef2c|Pbx1|Tal1|Zfpm1|Zeb2,-1.5391554821602482,0,5,0,0,-6.448005775805031,20.494426229508193,
1,-2.7053386921141915,GO:0021953,M1,1,0,GO Biological Processes,19,central nervous system neuron differentiation,19_GO:0032502 developmental process,-2.7053386921141915,11.906285714285714,5.5055320296856785,20836,210,25,3,12.0,6.499230723708768,14461|21349|24136,Gata2|Tal1|Zeb2,-0.42393042806894854,0,5,0,0,-6.448005775805031,20.494426229508193,
1,-2.657029559829464,GO:0007389,M1,1,0,GO Biological Processes,19,pattern specification process,19_GO:0032502 developmental process,-2.657029559829464,7.108230277185502,4.63722932027362,20836,469,25,4,16.0,7.332121111929343,17260|17268|18514|24136,Mef2c|Meis1|Pbx1|Zeb2,-0.3931709353006189,0,5,0,0,-6.448005775805031,20.494426229508193,
1,-2.642280656237828,GO:0048863,M1,1,0,GO Biological Processes,19,stem cell differentiation,19_GO:0032502 developmental process,-2.642280656237828,11.31366515837104,5.342416917534676,20836,221,25,3,12.0,6.499230723708768,17260|21349|24136,Mef2c|Tal1|Zeb2,-0.38693788263151235,0,5,0,0,-6.448005775805031,20.494426229508193,
1,-2.4595296300693836,GO:0002009,M1,1,0,GO Biological Processes,19,morphogenesis of an epithelium,19_GO:0032502 developmental process,-2.4595296300693836,6.266466165413534,4.264858182013685,20836,532,25,4,16.0,7.332121111929343,12394|17260|18514|24136,Runx1|Mef2c|Pbx1|Zeb2,-0.22877612969851943,0,5,0,0,-6.448005775805031,20.494426229508193,
1,-2.0470076644477997,GO:0007420,M1,1,0,GO Biological Processes,19,brain development,19_GO:0032502 developmental process,-2.0470076644477997,4.783012912482066,3.5209150258319197,20836,697,25,4,16.0,7.332121111929343,14461|17268|18514|24136,Gata2|Meis1|Pbx1|Zeb2,0.0,0,5,0,0,-6.448005775805031,20.494426229508193,
1,-2.016297022101819,GO:0060562,M1,1,0,GO Biological Processes,19,epithelial tube morphogenesis,19_GO:0032502 developmental process,-2.016297022101819,6.7394070080862525,3.8660581864015,20836,371,25,3,12.0,6.499230723708768,17260|18514|24136,Mef2c|Pbx1|Zeb2,0.0,0,5,0,0,-6.448005775805031,20.494426229508193,
1,-5.637161041331258,GO:0001775,M1,1,0,GO Biological Processes,19,cell activation,19_GO:0032501 multicellular organismal process,-5.637161041331258,8.537157490396927,7.441184211793706,20836,781,25,8,32.0,9.32952303175248,12192|14025|14460|17260|18514|20375|21413|56193,Zfp36l1|Bcl11a|Gata1|Mef2c|Pbx1|Spi1|Tcf4|Plek,-2.8313790409187263,0,6,1,1,-5.637161041331258,33.788108108108105,
1,-5.589606520425756,GO:0010720,M1,1,0,GO Biological Processes,19,positive regulation of cell development,19_GO:0032502 developmental process,-5.589606520425756,10.70473394495413,7.95701985122061,20836,545,25,7,28.0,8.97997772825746,12192|12394|14025|14582|20375|24136|239985,Zfp36l1|Runx1|Bcl11a|Gfi1b|Spi1|Zeb2|Arid1b,-2.79854777683393,0,6,0,0,-5.637161041331258,33.788108108108105,
1,-5.339581637646801,GO:1902107,M1,1,0,GO Biological Processes,19,positive regulation of leukocyte differentiation,19_GO:0002376 immune system process,-5.339581637646801,19.749763033175356,9.487686249578445,20836,211,25,5,20.0,8.0,12192|12394|14582|20375|239985,Zfp36l1|Runx1|Gfi1b|Spi1|Arid1b,-2.6028805563775683,0,6,0,0,-5.637161041331258,33.788108108108105,
1,-5.339581637646801,GO:1903708,M1,1,0,GO Biological Processes,19,positive regulation of hemopoiesis,19_GO:0002376 immune system process,-5.339581637646801,19.749763033175356,9.487686249578445,20836,211,25,5,20.0,8.0,12192|12394|14582|20375|239985,Zfp36l1|Runx1|Gfi1b|Spi1|Arid1b,-2.6028805563775683,0,6,0,0,-5.637161041331258,33.788108108108105,
1,-5.265821566080533,GO:1903131,M1,1,0,GO Biological Processes,19,mononuclear cell differentiation,19_GO:0032502 developmental process,-5.265821566080533,12.822153846153844,8.168550796949015,20836,390,25,6,24.0,8.541662601625049,12192|14025|14460|17260|18514|20375,Zfp36l1|Bcl11a|Gata1|Mef2c|Pbx1|Spi1,-2.5539440685363326,0,6,0,0,-5.637161041331258,33.788108108108105,
1,-4.691962443433097,GO:0071560,M1,1,0,GO Biological Processes,19,cellular response to transforming growth factor beta stimulus,19_GO:0050896 response to stimulus,-4.691962443433097,24.334014598540147,9.497194857364496,20836,137,25,4,16.0,7.332121111929343,12192|12394|17260|20375,Zfp36l1|Runx1|Mef2c|Spi1,-2.0850601786561342,0,6,0,0,-5.637161041331258,33.788108108108105,
1,-4.630763440900638,GO:0071559,M1,1,0,GO Biological Processes,19,response to transforming growth factor beta,19_GO:0050896 response to stimulus,-4.630763440900638,23.47718309859155,9.315026940621689,20836,142,25,4,16.0,7.332121111929343,12192|12394|17260|20375,Zfp36l1|Runx1|Mef2c|Spi1,-2.034781465160392,0,6,0,0,-5.637161041331258,33.788108108108105,
1,-4.0291842300880925,GO:0002763,M1,1,0,GO Biological Processes,19,positive regulation of myeloid leukocyte differentiation,19_GO:0002376 immune system process,-4.0291842300880925,33.788108108108105,9.793048537098075,20836,74,25,3,12.0,6.499230723708768,12192|12394|14582,Zfp36l1|Runx1|Gfi1b,-1.5391554821602482,0,6,0,0,-5.637161041331258,33.788108108108105,
1,-3.875859364598933,GO:0045619,M1,1,0,GO Biological Processes,19,regulation of lymphocyte differentiation,19_GO:0002376 immune system process,-3.875859364598933,15.016936936936938,7.277274433491422,20836,222,25,4,16.0,7.332121111929343,12192|12394|20375|239985,Zfp36l1|Runx1|Spi1|Arid1b,-1.400071055785699,0,6,0,0,-5.637161041331258,33.788108108108105,
1,-3.834999115859977,GO:0045661,M1,1,0,GO Biological Processes,19,regulation of myoblast differentiation,19_GO:0032502 developmental process,-3.834999115859977,29.07348837209302,9.041840423178638,20836,86,25,3,12.0,6.499230723708768,12192|17260|239985,Zfp36l1|Mef2c|Arid1b,-1.3661596670020708,0,6,0,0,-5.637161041331258,33.788108108108105,
1,-3.438686660195324,GO:0051249,M1,1,0,GO Biological Processes,19,regulation of lymphocyte activation,19_GO:0002376 immune system process,-3.438686660195324,7.862641509433962,5.546733993950811,20836,530,25,5,20.0,8.0,12192|12394|17260|20375|239985,Zfp36l1|Runx1|Mef2c|Spi1|Arid1b,-1.015604701898093,0,6,0,0,-5.637161041331258,33.788108108108105,
1,-3.3434261231895688,GO:0046649,M1,1,0,GO Biological Processes,19,lymphocyte activation,19_GO:0002376 immune system process,-3.3434261231895688,7.494964028776978,5.380225180563356,20836,556,25,5,20.0,8.0,12192|14025|17260|18514|20375,Zfp36l1|Bcl11a|Mef2c|Pbx1|Spi1,-0.944477844609057,0,6,0,0,-5.637161041331258,33.788108108108105,
1,-3.212724140328609,GO:0045621,M1,1,0,GO Biological Processes,19,positive regulation of lymphocyte differentiation,19_GO:0002376 immune system process,-3.212724140328609,17.85942857142857,6.937195645186959,20836,140,25,3,12.0,6.499230723708768,12394|20375|239985,Runx1|Spi1|Arid1b,-0.8366387447076015,0,6,0,0,-5.637161041331258,33.788108108108105,
1,-3.177436742531443,GO:0030098,M1,1,0,GO Biological Processes,19,lymphocyte differentiation,19_GO:0002376 immune system process,-3.177436742531443,9.834100294985252,5.683780611589409,20836,339,25,4,16.0,7.332121111929343,12192|14025|18514|20375,Zfp36l1|Bcl11a|Pbx1|Spi1,-0.8123467312118988,0,6,0,0,-5.637161041331258,33.788108108108105,
1,-3.163116021315966,GO:0051251,M1,1,0,GO Biological Processes,19,positive regulation of lymphocyte activation,19_GO:0002376 immune system process,-3.163116021315966,9.747836257309942,5.6535418909206765,20836,342,25,4,16.0,7.332121111929343,12394|17260|20375|239985,Runx1|Mef2c|Spi1|Arid1b,-0.8034210418831278,0,6,0,0,-5.637161041331258,33.788108108108105,
1,-3.14256094162428,GO:0050864,M1,1,0,GO Biological Processes,19,regulation of B cell activation,19_GO:0002376 immune system process,-3.14256094162428,16.894054054054052,6.725530890070622,20836,148,25,3,12.0,6.499230723708768,12192|17260|20375,Zfp36l1|Mef2c|Spi1,-0.793459035688866,0,6,0,0,-5.637161041331258,33.788108108108105,
1,-2.936996836335853,GO:0045321,M1,1,0,GO Biological Processes,19,leukocyte activation,19_GO:0002376 immune system process,-2.936996836335853,6.092397660818714,4.693659338551027,20836,684,25,5,20.0,8.0,12192|14025|17260|18514|20375,Zfp36l1|Bcl11a|Mef2c|Pbx1|Spi1,-0.6083360906429839,0,6,0,0,-5.637161041331258,33.788108108108105,
1,-2.72314729177555,GO:0030217,M1,1,0,GO Biological Processes,19,T cell differentiation,19_GO:0002376 immune system process,-2.72314729177555,12.078840579710144,5.552143470479805,20836,207,25,3,12.0,6.499230723708768,12192|14025|20375,Zfp36l1|Bcl11a|Spi1,-0.4326908987529098,0,6,0,0,-5.637161041331258,33.788108108108105,
1,-2.6705530087488576,GO:0071363,M1,1,0,GO Biological Processes,19,cellular response to growth factor stimulus,19_GO:0050896 response to stimulus,-2.6705530087488576,7.169376344086022,4.6631764393607655,20836,465,25,4,16.0,7.332121111929343,12192|12394|17260|20375,Zfp36l1|Runx1|Mef2c|Spi1,-0.39800820503491957,0,6,0,0,-5.637161041331258,33.788108108108105,
1,-2.6172138135118903,GO:0070848,M1,1,0,GO Biological Processes,19,response to growth factor,19_GO:0050896 response to stimulus,-2.6172138135118903,6.930893970893972,4.561182264772366,20836,481,25,4,16.0,7.332121111929343,12192|12394|17260|20375,Zfp36l1|Runx1|Mef2c|Spi1,-0.36772440074825463,0,6,0,0,-5.637161041331258,33.788108108108105,
1,-2.598486423910272,GO:0042113,M1,1,0,GO Biological Processes,19,B cell activation,19_GO:0002376 immune system process,-2.598486423910272,10.918427947598252,5.230864623459002,20836,229,25,3,12.0,6.499230723708768,14025|17260|20375,Bcl11a|Mef2c|Spi1,-0.3556122908635545,0,6,0,0,-5.637161041331258,33.788108108108105,
1,-2.5256430073319898,GO:0060485,M1,1,0,GO Biological Processes,19,mesenchyme development,19_GO:0032502 developmental process,-2.5256430073319898,10.289382716049381,5.048361720921278,20836,243,25,3,12.0,6.499230723708768,12192|17260|24136,Zfp36l1|Mef2c|Zeb2,-0.29088676450745166,0,6,0,0,-5.637161041331258,33.788108108108105,
1,-2.0005176282789354,GO:0042110,M1,1,0,GO Biological Processes,19,T cell activation,19_GO:0002376 immune system process,-2.0005176282789354,6.649787234042552,3.8317175035972357,20836,376,25,3,12.0,6.499230723708768,12192|14025|20375,Zfp36l1|Bcl11a|Spi1,0.0,0,6,0,0,-5.637161041331258,33.788108108108105,
1,-3.50769462032277,GO:0007346,M1,1,0,GO Biological Processes,19,regulation of mitotic cell cycle,19_GO:0050789 regulation of biological process,-3.50769462032277,8.1390625,5.66880937948575,20836,512,25,5,20.0,8.0,12192|18514|21349|71375|239985,Zfp36l1|Pbx1|Tal1|Foxn3|Arid1b,-1.0655894247121085,0,7,1,1,-3.50769462032277,9.691162790697675,
1,-3.1536439473762705,GO:1901990,M1,1,0,GO Biological Processes,19,regulation of mitotic cell cycle phase transition,19_GO:0050789 regulation of biological process,-3.1536439473762705,9.691162790697675,5.63358970914251,20836,344,25,4,16.0,7.332121111929343,12192|18514|71375|239985,Zfp36l1|Pbx1|Foxn3|Arid1b,-0.7992778014484994,0,7,0,0,-3.50769462032277,9.691162790697675,
1,-2.8088046625800596,GO:0010564,M1,1,0,GO Biological Processes,19,regulation of cell cycle process,19_GO:0050789 regulation of biological process,-2.8088046625800596,5.700683994528044,4.484231121239508,20836,731,25,5,20.0,8.0,12192|13134|18514|71375|239985,Zfp36l1|Dach1|Pbx1|Foxn3|Arid1b,-0.49486717370789657,0,7,0,0,-3.50769462032277,9.691162790697675,
1,-2.761713647924911,GO:1901987,M1,1,0,GO Biological Processes,19,regulation of cell cycle phase transition,19_GO:0050789 regulation of biological process,-2.761713647924911,7.593986332574032,4.839688802788939,20836,439,25,4,16.0,7.332121111929343,12192|18514|71375|239985,Zfp36l1|Pbx1|Foxn3|Arid1b,-0.4666615032131217,0,7,0,0,-3.50769462032277,9.691162790697675,
1,-3.440505323209809,GO:0045666,M1,1,0,GO Biological Processes,19,positive regulation of neuron differentiation,19_GO:0032502 developmental process,-3.440505323209809,21.370256410256406,7.658175478572313,20836,117,25,3,12.0,6.499230723708768,14461|17260|21413,Gata2|Mef2c|Tcf4,-1.015604701898093,0,8,1,1,-3.440505323209809,21.370256410256406,
1,-3.2681553615731196,WP447,M1,1,0,WikiPathways,27,Adipogenesis genes,,-3.2681553615731196,18.659104477611937,7.107800099941909,20836,134,25,3,12.0,6.499230723708768,14461|17260|23849,Gata2|Mef2c|Klf6,-0.8864660884341136,0,8,0,0,-3.440505323209809,21.370256410256406,
1,-2.2497034729906304,GO:0045765,M1,1,0,GO Biological Processes,19,regulation of angiogenesis,19_GO:0032502 developmental process,-2.2497034729906304,8.197770491803277,4.388975382475372,20836,305,25,3,12.0,6.499230723708768,12394|14461|21413,Runx1|Gata2|Tcf4,-0.04970933642530423,0,8,0,0,-3.440505323209809,21.370256410256406,
1,-2.2340412613878957,GO:1901342,M1,1,0,GO Biological Processes,19,regulation of vasculature development,19_GO:0032502 developmental process,-2.2340412613878957,8.091650485436892,4.35295426074453,20836,309,25,3,12.0,6.499230723708768,12394|14461|21413,Runx1|Gata2|Tcf4,-0.041408224468938624,0,8,0,0,-3.440505323209809,21.370256410256406,
1,-3.1859326558269863,GO:0030278,M1,1,0,GO Biological Processes,19,regulation of ossification,19_GO:0032501 multicellular organismal process,-3.1859326558269863,17.48475524475524,6.855814770721746,20836,143,25,3,12.0,6.499230723708768,14460|17260|18514,Gata1|Mef2c|Pbx1,-0.8153797488059398,0,9,1,1,-3.1859326558269863,17.48475524475524,
1,-2.2418445508308635,GO:0007548,M1,1,0,GO Biological Processes,19,sex differentiation,19_GO:0022414 reproductive process,-2.2418445508308635,8.144364820846905,4.370883144870271,20836,307,25,3,12.0,6.499230723708768,13134|14460|18514,Dach1|Gata1|Pbx1,-0.045546559825501,0,9,0,0,-3.1859326558269863,17.48475524475524,
1,-2.148080224835646,GO:0006338,M1,1,0,GO Biological Processes,19,chromatin remodeling,19_GO:0009987 cellular process,-2.148080224835646,7.531084337349396,4.157720772911748,20836,332,25,3,12.0,6.499230723708768,16596|20375|239985,Klf1|Spi1|Arid1b,0.0,0,10,1,1,-2.148080224835646,7.531084337349396,
