7,73,0.009634457148780503,0.0
7,74,0.0,0.0
7,75,0.00552317344448755,0.0
7,76,0.0007202016564638098,0.0
7,77,0.02108824871880491,0.0
7,78,0.0034515529350814395,0.0
7,79,0.0,0.0
7,80,0.0,0.0
7,81,0.015368579917364775,0.0
7,82,0.004348750329504653,0.0
7,83,0.0,0.0
7,84,0.021792702219391044,0.0
7,85,0.0,0.0
7,86,0.0047513874595455415,0.0
7,87,0.055982418117111854,0.0
7,88,0.0,0.0
7,89,0.025395811496285992,0.0
7,90,0.0007202016564638098,0.0
7,91,0.006033448866461458,0.0
7,92,0.0,0.0
7,93,0.0,0.0
7,94,0.04172657900780177,0.0
7,95,0.008554154664084792,0.0
7,96,0.0,0.0
7,97,0.0,0.0
7,98,0.014227465712309937,0.0
7,99,0.0,0.0
7,100,0.04924778450917202,0.0
7,101,0.004864881168284817,0.0
7,102,0.04445592236255027,0.0
7,103,0.0,0.0
7,104,0.0,0.0
7,105,0.0007202016564638098,0.0
7,106,0.0,0.0
7,107,0.0,0.0
7,108,0.0,0.0
7,109,0.0,0.0
7,110,0.07045883863986427,0.0
7,111,0.004321209938782859,0.0
7,112,0.006438806842727668,0.0
7,113,0.0,0.0
7,114,0.0085018510891022,0.0
7,115,0.0,0.0
7,116,0.0020111496221538196,0.0
7,117,0.0,0.0
7,118,0.0,0.0
7,119,0.06593041900304604,0.0
7,120,0.002898579743403425,0.0
7,121,0.04331549388708975,0.0
7,122,0.0,0.0
7,123,0.0,0.0
7,124,0.046118434216036695,0.0
7,125,0.001328994408640596,0.0
7,126,0.01778934078804439,0.0
7,127,0.0,0.0
7,128,0.0,0.0
7,129,0.01482848277499333,0.0
7,130,0.0,0.0
7,131,0.0,0.0
7,132,0.0,0.0
7,133,0.0,0.0
7,134,0.0,0.0
7,135,0.0,0.0
7,136,0.0,0.0
7,137,0.07257368535413063,0.0
7,138,0.02345324861681214,0.0
7,139,0.07817891156273943,0.0
7,140,0.01892721474597712,0.0
7,141,0.0,0.0
7,142,0.0,0.0
7,143,0.0,0.0
7,144,0.0,0.0
7,145,0.0011685676981766408,0.0
7,146,0.016939142117593797,0.0
7,147,0.022421017430884045,0.0
7,148,0.0,0.0
7,149,0.015321382934428675,0.0
7,150,0.003152642240606219,0.0
7,151,0.0,0.0
7,152,0.00983923521625638,0.0
7,153,0.006543005041930973,0.0
7,154,0.0,0.0
7,155,0.007903047349607518,0.0
7,156,0.001712238927678599,0.0
7,157,0.007321150475098972,0.0
7,158,0.0005796328680002925,0.0
7,159,0.0,0.0
7,160,0.0,0.0
7,161,0.0,0.0
7,162,0.0007202016564638098,0.0
7,163,0.0021606049693914295,0.0
7,164,0.02473525859379488,0.0
7,165,0.0,0.0
7,166,0.0,0.0
7,167,0.04116649308997784,0.0
7,168,0.009897345314404048,0.0
7,169,0.04861349533240625,0.0
7,170,0.03596623590759537,0.0
7,171,0.033519904257606814,0.0
7,172,0.0007202016564638098,0.0
7,173,0.02242255696825847,0.0
7,174,0.034853373467237596,0.0
7,175,0.0,0.0
7,176,0.0,0.0
7,177,0.006060523946185701,0.0
7,178,0.0281886006997481,0.0
7,179,0.0,0.0
7,180,0.0167901287812307,0.0
7,181,0.02375255832141567,0.0
7,182,0.00883889766666239,0.0
7,183,0.0,0.0
7,184,0.005558007745024385,0.0
7,185,0.046455183647188494,0.0
7,186,0.028515061806044125,0.0
7,187,0.0,0.0
7,188,0.07706493976798386,0.0
7,189,0.0,0.0
7,190,0.0007202016564638098,0.0
7,191,0.04366937644599112,0.0
7,192,0.0,0.0
7,193,0.0,0.0
7,194,0.005163791862760038,0.0
7,195,0.014017431963796215,0.0
7,196,0.028648562090145737,0.0
7,197,0.0,0.0
7,198,0.0014404033129276196,0.0
7,199,0.05093475742327268,0.0
7,200,0.07300499155229054,0.0
8,9,0.05780064011771942,0.002753145225218343
8,10,0.0,0.012384508757818985
8,11,0.0007202016564638098,0.015612788152855227
8,12,0.0,0.018019511621112344
8,13,0.0,0.014020224426984246
8,14,0.004552903192511944,0.014355096759957796
8,15,0.0,0.018365074896833707
8,16,0.0007202016564638098,0.013272934110225365
8,17,0.0,0.016402208020609946
8,18,0.012454659921273944,0.007188455553423154
8,19,0.0,0.015007654588751609
8,20,0.009159709637893107,0.009286610084986897
8,21,0.04643093848445904,0.0034939682674930837
8,22,0.0030031868933686084,0.01779776313626515
8,23,0.0014404033129276196,0.012331940109922168
8,24,0.001712238927678599,0.012093005109708913
8,25,0.03129034273290965,0.012841182205841767
8,26,0.056019091749098616,0.0026031035975858418
8,27,0.0,0.0184410190028829
8,28,0.00589230737817388,0.012146788197100456
8,29,0.0,0.014764066614514655
8,30,0.027115067683990815,0.003859936509243408
8,31,0.0,0.017119976812212976
8,32,0.0013300300732960665,0.0159648956543271
8,33,0.0,0.01574942541360312
8,34,0.03371526019071424,0.010267593005481041
8,35,0.0,0.02316231223744854
8,36,0.02595210374128634,0.011235983292989138
8,37,0.01290604510824245,0.01917354176677844
8,38,0.0,0.019573625062561214
8,39,0.030289685956200307,0.005364624960746938
8,40,0.03278551916395253,0.0011313661558950913
8,41,0.0014404033129276196,0.012401430522058055
8,42,0.0,0.01678135585103187
8,43,0.0,0.01753481408028826
8,44,0.0007202016564638098,0.019527188901097038
8,45,0.014566678349248725,0.009875544915163244
8,46,0.0005707463092261996,0.013004805244977
8,47,0.0,0.019472766540803585
8,48,0.0,0.01790068099818653
8,49,0.038265623485265576,0.010475118017367611
8,50,0.033830473923472125,0.011505037982470802
8,51,0.0,0.015863165000801493
8,52,0.0,0.017720231066024203
8,53,0.01872600060070849,0.00784101338221697
8,54,0.0,0.018752250804789858
8,55,0.0,0.01818795818947696
8,56,0.0014404033129276196,0.015356020589946675
8,57,0.006091264862098038,0.009702707657133177
8,58,0.04945844916089438,0.005168419372495242
8,59,0.0,0.019344204780221873
8,60,0.0,0.011489358185944995
8,61,0.001712238927678599,0.014607885372518758
8,62,0.014597076369715228,0.012316655638297766
8,63,0.019891107493165305,0.0013979206375225417
8,64,0.036913750820584526,0.0038316215257359516
8,65,0.05321066233550097,0.007265639563255567
8,66,0.05814677783985458,0.008405620077079774
8,67,-0.0001494553472376103,0.018554512711622183
8,68,0.02881348519941249,0.0017233201313271128
8,69,0.0,0.014704723065223864
8,70,0.026830378594774502,0.0075389886712741135
8,71,0.009712848985460846,0.005001429127695808
8,72,0.01955627838920076,0.011763898866401725
8,73,0.007473852179389079,0.012448138884367202
8,74,0.0,0.015740449553492127
8,75,0.007162325792538124,0.013629027689975565
8,76,0.0007202016564638098,0.017455435425581423
8,77,0.014803469323156248,0.010448137808855333
8,78,0.002011149622153819,0.014538569501459913
8,79,0.0,0.01107077228966216
8,80,0.0,0.014032804154690123
8,81,0.008804367209227988,0.012889464951771826
8,82,0.002028820065120299,0.011436746984052571
8,83,0.0,0.01793964434577856
8,84,0.021089233460270498,0.012016687478962689
8,85,0.0,0.01751662555933811
8,86,0.002318946875403133,0.008902282445293497
8,87,0.035849169066821895,0.0028561644109917806
8,88,0.0,0.0191311264343668
8,89,0.016506024235144197,0.008935497139381137
8,90,0.0007202016564638098,0.013457778396137245
8,91,0.0028808066258552392,0.014056088405714633
8,92,0.0,0.014207487997186082
8,93,0.0,0.021081672203158822
8,94,0.023538532810931115,0.009552306085374482
8,95,0.002011149622153819,0.015039336777923271
8,96,0.0,0.015593741150665216
8,97,0.0,0.019537663424062872
8,98,0.008350963636117079,0.005162551958976824
8,99,0.0,0.016954765808886
8,100,0.020962558679256792,0.006105039052259803
8,101,0.003152642240606219,0.010429949287905187
8,102,0.03472780794824123,0.003186110123890423
8,103,0.0,0.020074783299883586
8,104,0.0,0.01925593956674095
8,105,0.0007202016564638098,0.016252633913358315
8,106,0.0,0.01610916473965315
8,107,0.0,0.016816710108889223
8,108,0.0,0.013487753861103138
8,109,0.0,0.019689551636161273
8,110,0.05838998648048706,0.00516070537451093
8,111,0.0014404033129276196,0.009077224908063602
8,112,0.0046936254218064065,0.008974519801840079
8,113,0.0,0.017199941747314696
8,114,0.00256370741042987,0.006753583179931834
8,115,0.0,0.014348643066044489
8,116,0.0,0.00998776473926069
8,117,0.0,0.01851853749255302
8,118,0.0,0.015264638571442135
8,119,0.05726715732808443,0.0046181995778680094
8,120,0.0015716701392150811,0.0141374113046553
8,121,0.023339582613622085,0.0076561826768759165
8,122,0.0007202016564638098,0.015284237173210126
8,123,0.0,0.018518537492553014
8,124,0.025420778313547807,0.004887602327758207
8,125,0.0008707465769969042,0.01275692424084254
8,126,0.009163154602013808,0.007359125019506674
8,127,0.0,0.016674043635360927
8,128,0.0,0.012780306151634996
8,129,0.01323747856499477,0.007712493500340206
8,130,0.0,0.017189250804566892
8,131,0.0,0.015987957032929562
8,132,0.0,0.014369634312468335
8,133,0.0,0.013667736272884602
8,134,0.0,0.017808496279505127
8,135,0.0,0.017103516115714694
8,136,0.0,0.017054179569008874
8,137,0.04920647778267722,0.0017780565711704866
8,138,0.014396406874573097,0.009530777211688
8,139,0.057223091716347395,0.0009308471374581045
8,140,0.014469782811050842,0.010688883967469628
8,141,0.0,0.018331546123196155
8,142,0.0,0.01791396191071018
8,143,0.0,0.016686364742792656
8,144,0.0,0.014552153701518617
8,145,0.0016169337398894716,0.015663817843195992
8,146,0.010975016483727375,0.007703197990804234
8,147,0.0140767350555766,0.01065810213824277
8,148,0.0,0.015932634312691298
8,149,0.003934585630404686,0.008534146411596624
8,150,0.001712238927678599,0.012572781139748428
8,151,0.0,0.014123243612757679
8,152,0.006448286134536738,0.010851240249893774
8,153,0.0023712504503857245,0.010745474119709641
8,154,0.0,0.013807285941389278
8,155,0.0037574491661515976,0.011054845756579867
8,156,0.0009920372712147888,0.015774564607524574
8,157,0.00335403409076948,0.013604113274267133
8,158,0.0001312668262874614,0.012929761498872603
8,159,0.0,0.016578738447571798
8,160,0.0,0.018655099032534834
8,161,0.0,0.014679843330332341
8,162,0.0,0.010640008488504592
8,163,0.0,0.016448644182074118
8,164,0.011362536617057403,0.012704634246430776
8,165,0.0,0.016423415686815775
8,166,0.0,0.018990557645903287
8,167,0.02366981694603528,0.008080560127113614
8,168,0.007041453104257243,0.010669257812815467
8,169,0.04509054045360342,0.0019398330258398272
8,170,0.02672163195232855,0.005422072918936161
8,171,0.02638958004500872,0.0014791458766952664
8,172,0.0,0.015635576655322052
8,173,0.008581971514125169,0.01236484072445989
8,174,0.020440498215026096,0.004284908756446115
8,175,0.0,0.023117115279809284
8,176,0.0,0.01868738860234747
8,177,0.0017934641668513236,0.01111603589033655
8,178,0.019097228500074635,0.018857130155600015
8,179,0.0,0.02090455549580208
8,180,0.006795157604902181,0.01169690866212006
8,181,0.014232729521669608,0.01061997338308855
8,182,0.0038728438970700284,0.009943767895297386
8,183,0.0,0.018800533550719922
8,184,0.0034244778553571983,0.0107882035316712
8,185,0.03391425813890862,0.001006791243507301
8,186,0.013266863352193237,0.003909391815963254
8,187,0.0,0.01674755487654934
8,188,0.06010188154595254,0.0019647134606896478
8,189,0.0,0.016799544371982018
8,190,0.0,0.01061108682431446
8,191,0.03929957905535644,0.003441426472524131
8,192,0.0,0.015418938548155221
8,193,0.0,0.020415892906988482
8,194,0.0027313512786176293,0.014184119666964454
8,195,0.007586633464633855,0.011761466001540946
8,196,0.030234226811310078,0.001640922331364606
8,197,0.0,0.017638419546456584
8,198,0.0007202016564638098,0.014678234265894513
8,199,0.03930641811543705,0.009240760203917618
8,200,0.04176247659937195,0.006207479085569093
9,10,0.0,0.06879570389651928
9,11,0.0,0.07098688388416984
9,12,0.0,0.08109979941367473
9,13,0.0,0.059397916591565465
9,14,0.0034755075456979583,0.0694041892664662
9,15,0.0,0.0715098174500164
9,16,0.0,0.07196174729889238
9,17,0.0,0.0760216101222621
9,18,0.0043488712989019915,0.05067035334252444
9,19,0.0,0.06959945564364599
9,20,0.0012582561841215682,0.05394962810481111
9,21,0.024467637566689276,0.02906869827943707
9,22,0.0005707463092261996,0.060858130076379864
9,23,0.0,0.060341656498657505
9,24,0.0014404033129276196,0.05961047577618096
9,25,0.009895824198405538,0.050576712898964406
9,26,0.02642139504047994,0.026693054278990713
9,27,0.0,0.0746981112076042
9,28,0.0058839935192238485,0.0521132690621215
9,29,0.0007202016564638098,0.058992420379438866
9,30,0.010288375638989085,0.04110421156363825
9,31,0.0,0.07729427149573449
9,32,0.0,0.06765636905749663
9,33,0.0,0.08227907745945749
9,34,0.02500475513010924,0.03944466704119617
9,35,0.0,0.0741958307989586
9,36,0.011926677704826224,0.05475201723898207
9,37,0.006530683934499245,0.07298676163233446
9,38,0.0,0.07948678219543437
9,39,0.013285741072457304,0.01629167749760164
9,40,0.019720797256630045,0.013228951909450346
9,41,0.0007202016564638098,0.06493054903662716
9,42,0.0,0.0749191357534842
9,43,0.0,0.07553547242441873
9,44,0.0,0.0794082267389897
9,45,0.006582670184871137,0.061875099312945804
9,46,-0.0001494553472376103,0.06718701922564813
9,47,0.0,0.07817102336750958
9,48,0.0,0.07229020324683956
9,49,0.015696202844751893,0.046647703674837296
9,50,0.009804587168883412,0.04090553581066704
9,51,0.0,0.07953504545188214
9,52,0.0,0.07593591736249626
9,53,0.009139591701747276,0.06026742739640722
9,54,0.0,0.0816394799522166
9,55,0.0,0.07452862371235455
9,56,0.0014404033129276196,0.052896331646521896
9,57,0.002245381140329368,0.061016938646582086
9,58,0.02193250531924745,0.030039059738614447
9,59,0.0,0.07401885698532093
9,60,0.0,0.07150084494180382
9,61,0.0009920372712147888,0.07521564607869842
9,62,0.006069410504959792,0.06724277942588422
9,63,0.012791701707316114,0.004724637783677078
9,64,0.011948092890777402,0.03573551649588296
9,65,0.03142894712972491,0.03725407979595323
9,66,0.02258359029031872,0.022329454634403185
9,67,0.0,0.07414468632428725
9,68,0.019280009049116198,0.021234831378966146
9,69,0.0,0.07298342717518456
9,70,0.00955382069521583,0.046108991948372174
9,71,0.0021292268338157904,0.06484094518297358
9,72,0.00506810124578311,0.06694242169335277
9,73,0.0019228844086728934,0.06747675706547564
9,74,0.0,0.07209030608560027
9,75,0.00285719459103016,0.0717334198145019
9,76,0.0,0.07548078460311973
9,77,0.005048181018199256,0.06998547479304613
9,78,0.0005707463092261996,0.06632995293468165
9,79,0.0007202016564638098,0.06415723118166182
9,80,0.0,0.06351486096002548
9,81,0.0019317709674469858,0.07547428150687159
9,82,0.0017080759502282978,0.07217211592346716
9,83,0.0,0.07168439979331102
9,84,0.006212021197425086,0.05840575963935578
9,85,0.0,0.07232514464361968
9,86,0.002468402222640743,0.058042500138666124
9,87,0.013329440269023482,0.03484231629730958
9,88,0.0,0.08165775040780172
9,89,0.006212594492259772,0.05281218117005314
9,90,0.0007202016564638098,0.07436293855411004
9,91,0.0007202016564638098,0.07098761599006649
9,92,0.0,0.06226521352369078
9,93,0.0,0.07510924700798792
9,94,0.006672659985650204,0.04772506734857831
9,95,0.0007202016564638098,0.06962642128690985
9,96,0.0,0.07079897019111366
9,97,0.0,0.06869395465572864
9,98,0.007292476560650349,0.06271141463354266
9,99,0.0,0.07366548718912376
9,100,0.012043894539270994,0.05123471359550194
9,101,0.0024324405841424086,0.05966296153405078
9,102,0.019455336970142383,0.021092379430750513
9,103,0.0,0.0836445729979239
9,104,0.0,0.06906197691313698
9,105,0.0,0.06798039341278418
9,106,0.0,0.07979764213061093
9,107,0.0,0.07283015675640832
9,108,0.0,0.07564251349816489
9,109,0.0,0.0689659183899592
9,110,0.026508594743978212,0.03629100320531758
9,111,0.0014404033129276196,0.059599949147153164
9,112,0.003684387732867494,0.04947808201091954
9,113,0.0,0.0786675242239357
9,114,0.001299834524464102,0.060956677051090494
9,115,0.0,0.07083059581382181
9,116,0.0005707463092261996,0.07154497802884298
9,117,0.0,0.07389246749785876
9,118,0.0,0.06943808401498996
9,119,0.028074750107954075,0.034630798969047354
9,120,0.0002625336525749227,0.06777221719356571
9,121,0.014886739336462987,0.04307310288058279
9,122,0.0,0.07329495449721701
9,123,0.0,0.0788898341941709
9,124,0.012420784828476559,0.05134954738191113
9,125,0.00016048760081730336,0.06746366898916648
9,126,0.004130161216728291,0.05283070682797161
9,127,0.0,0.07387646964768313
9,128,0.0,0.06923682546787507
9,129,0.006283145308048806,0.05870520158733616
9,130,0.0,0.08077213289038825
9,131,0.0,0.07629836577036739
9,132,0.0,0.06996245526465401
9,133,0.0,0.07278652454076634
9,134,0.0,0.08296124504557918
9,135,0.0,0.07631920193652372
9,136,0.0,0.07284881801442333
9,137,0.032055224947582305,0.02473461127059662
9,138,0.0015987452189393226,0.06708691010159311
9,139,0.023968175757237833,0.03163461944331919
9,140,0.0015627835804409886,0.049386083128457006
9,141,0.0,0.08004218117964845
9,142,0.0,0.06835807357836829
9,143,0.0,0.07577574800102375
9,144,0.0,0.06490345207503694
9,145,0.0,0.08017724152279197
9,146,0.0026862794181920315,0.06498475120687806
9,147,0.005803771384386572,0.05107354904444307
9,148,0.0,0.07955187675055869
9,149,0.0065116369323092275,0.06419549315376405
9,150,0.0014404033129276196,0.07916049453325916
9,151,0.0,0.07250979266701499
9,152,0.001501593446684304,0.05234004820876459
9,153,0.0007202016564638098,0.05174947960273465
9,154,0.0,0.06257773897851857
9,155,0.001878826674356241,0.06059506592184517
9,156,0.0,0.06904301054375717
9,157,0.00043049092502193693,0.06524511247998027
9,158,0.00013126682628746136,0.07259465104995663
9,159,0.0,0.07020972039176634
9,160,0.0,0.07520341169316999
9,161,0.0,0.0734655481123484
9,162,0.0007202016564638098,0.06588226944831121
9,163,0.0,0.06427955993074966
9,164,0.008389762220213242,0.05031084462347066
9,165,0.0,0.0811412890025072
9,166,0.0,0.07551244142102043
9,167,0.0055003709199393696,0.048804561619088783
9,168,0.0006936584194211975,0.06006358384249865
9,169,0.017860672944821184,0.03746839207582102
9,170,0.01729003372026857,0.029894150865370634
9,171,0.010801533464140282,0.01609343808150534
9,172,0.0,0.07987334978385371
9,173,0.00784333027634333,0.0536682695469165
9,174,0.011893319668272652,0.0585017760591166
9,175,0.0,0.07802363798855597
9,176,0.0,0.06878655291891173
9,177,0.002581895931380019,0.07793631647262833
9,178,0.008891438761673042,0.08009179713814756
9,179,0.0,0.06459605845092557
9,180,0.0014211020516215972,0.05338117785700031
9,181,0.004848258844773376,0.05104163562902842
9,182,0.002079379730218704,0.049574734722363074
9,183,0.0,0.06232788786515901
9,184,0.0024053655044181674,0.04865598319226457
9,185,0.021654428492898448,0.016230640294508075
9,186,0.006879400606254683,0.05325219973585323
9,187,0.0,0.07732161239795607
9,188,0.018330150604678245,0.02311427245944807
9,189,0.0,0.07326876838052618
9,190,0.0,0.07692411824951997
9,191,0.020839845135013687,0.017663193245116716
9,192,0.0,0.05765680169978998
9,193,0.0,0.07418731317906188
9,194,0.0005707463092261996,0.06641543060314753
9,195,0.004414410513591467,0.05975460350121706
9,196,0.011938287398052309,0.011359634358011291
9,197,0.0,0.06293654080258435
9,198,0.0,0.06455032731243751
9,199,0.012517783938519092,0.03713553705203218
9,200,0.017112852575349773,0.0377815969978266
10,11,0.0,0.0
10,12,0.0,0.0
10,13,0.0,0.0
10,14,0.012501826632725168,0.0
10,15,0.0,0.0
10,16,0.0021606049693914295,0.0
10,17,0.0,0.0
10,18,0.018339239720892686,0.0
10,19,0.0,0.0
10,20,0.017018541383510728,0.0
10,21,0.060198818235441195,0.0
10,22,0.005163791862760038,0.0
10,23,0.0036010082823190494,0.0
10,24,0.0024324405841424086,0.0
10,25,0.04449166572340625,0.0
10,26,0.07666635752605996,0.0
10,27,0.0007202016564638098,0.0
10,28,0.015935734381511236,0.0
10,29,0.0007202016564638098,0.0
10,30,0.046078573291954174,0.0
10,31,0.0,0.0
10,32,0.0025939029592618344,0.0
10,33,0.0,0.0
10,34,0.051473667232431304,0.0
10,35,0.0,0.0
10,36,0.025926875246028002,0.0
10,37,0.011947536610665213,0.0
10,38,0.0,0.0
10,39,0.0325404873258201,0.0
10,40,0.04116682234886448,0.0
10,41,0.0028808066258552392,0.0
10,42,0.0,0.0
10,43,0.0,0.0
10,44,0.0007202016564638098,0.0
10,45,0.020965698150390046,0.0
10,46,0.0008066202854788442,0.0
10,47,0.0,0.0
10,48,0.0,0.0
10,49,0.0483257828474348,0.0
10,50,0.04831388261108808,0.0
10,51,0.0,0.0
10,52,0.0,0.0
10,53,0.025984890752620497,0.0
10,54,0.0,0.0
10,55,0.0,0.0
10,56,0.0028808066258552392,0.0
10,57,0.008420257276494213,0.0
10,58,0.06651275134078619,0.0
10,59,0.0,0.0
10,60,0.0007202016564638098,0.0
10,61,0.003777538709280901,0.0
10,62,0.018347539999271887,0.0
10,63,0.019209977453203634,0.0
10,64,0.0472124739786072,0.0
10,65,0.08482986876464585,0.0
10,66,0.06803964091554518,0.0
10,67,-0.0001494553472376103,0.0
10,68,0.039472314217058956,0.0
10,69,0.0,0.0
10,70,0.0418633925985148,0.0
10,71,0.013210314295051113,0.0
10,72,0.023168383740143867,0.0
10,73,0.007025486137676246,0.0
10,74,0.0,0.0
10,75,0.006673567432785168,0.0
10,76,0.0007202016564638098,0.0
10,77,0.02216704745215921,0.0
10,78,0.0027313512786176293,0.0
10,79,0.0007202016564638098,0.0
10,80,0.0,0.0
10,81,0.02203396522680913,0.0
10,82,0.00295866194864745,0.0
10,83,0.0,0.0
10,84,0.0216749290613251,0.0
10,85,0.0,0.0
10,86,0.002740237837391722,0.0
10,87,0.04704239359221361,0.0
10,88,0.0,0.0
10,89,0.02644261148365677,0.0
10,90,0.0007202016564638098,0.0
10,91,0.004593045553533839,0.0
10,92,0.0,0.0
10,93,0.0,0.0
10,94,0.038271945769386924,0.0
10,95,0.005673348038229552,0.0
10,96,0.0,0.0
10,97,0.0,0.0
10,98,0.010020160857527502,0.0
10,99,0.0,0.0
10,100,0.048319852804278675,0.0
10,101,0.005585082824748625,0.0
10,102,0.038732413372111155,0.0
10,103,0.0,0.0
10,104,0.0,0.0
10,105,0.0007202016564638098,0.0
10,106,0.0,0.0
10,107,0.0,0.0
10,108,0.0,0.0
10,109,0.0,0.0
10,110,0.07216859254215224,0.0
10,111,0.004321209938782859,0.0
10,112,0.008681809612081603,0.0
10,113,0.0,0.0
10,114,0.00688491734921273,0.0
10,115,0.0,0.0
10,116,0.0012909479656900095,0.0
10,117,0.0,0.0
10,118,0.0,0.0
10,119,0.06451876545808725,0.0
10,120,0.0007108996942877537,0.0
10,121,0.04523990643388707,0.0
10,122,0.0007202016564638098,0.0
10,123,0.0,0.0
10,124,0.03835299787196986,0.0
10,125,0.0017008300639093394,0.0
10,126,0.019531150065169194,0.0
10,127,0.0,0.0
10,128,0.0,0.0
10,129,0.021364545502384043,0.0
10,130,0.0,0.0
10,131,0.0,0.0
10,132,0.0,0.0
10,133,0.0,0.0
10,134,0.0,0.0
10,135,0.0,0.0
10,136,0.0,0.0
10,137,0.07057522098548528,0.0
10,138,0.019791050200736404,0.0
10,139,0.0790994515096057,0.0
10,140,0.016505235104229708,0.0
10,141,0.0,0.0
10,142,0.0,0.0
10,143,0.0,0.0
10,144,0.0,0.0
10,145,0.0011685676981766408,0.0
10,146,0.01230904707280615,0.0
10,147,0.020586680465026957,0.0
10,148,0.0,0.0
10,149,0.014363460717246328,0.0
10,150,0.003152642240606219,0.0
10,151,0.0,0.0
10,152,0.007806877927896741,0.0
10,153,0.005822803385467163,0.0
10,154,0.0,0.0
10,155,0.004210971128333842,0.0
10,156,0.0009920372712147888,0.0
10,157,0.003136921335291045,0.0
10,158,0.0003077972532493133,0.0
10,159,0.0,0.0
10,160,0.0,0.0
10,161,0.0,0.0
10,162,0.0007202016564638098,0.0
10,163,0.0007202016564638098,0.0
10,164,0.016949269223115824,0.0
10,165,0.0,0.0
10,166,0.0,0.0
10,167,0.03896831745117735,0.0
10,168,0.009326599005177846,0.0
10,169,0.04413381594478613,0.0
10,170,0.03419335797569012,0.0
10,171,0.03296355845452003,0.0
10,172,0.0007202016564638098,0.0
10,173,0.023165654659089274,0.0
10,174,0.029156943456322033,0.0
10,175,0.0,0.0
10,176,0.0,0.0
10,177,0.004339398459733008,0.0
10,178,0.025307794073892848,0.0
10,179,0.0,0.0
10,180,0.01512678842418891,0.0
10,181,0.019072693201868877,0.0
10,182,0.004637321050982206,0.0
10,183,0.0,0.0
10,184,0.005707463092261996,0.0
10,185,0.05480023737261317,0.0
10,186,0.02517741691300455,0.0
10,187,0.0,0.0
10,188,0.07209891812404944,0.0
10,189,0.0,0.0
10,190,0.0,0.0
10,191,0.05030170984423743,0.0
10,192,0.0,0.0
10,193,0.0,0.0
10,194,0.004443590206296228,0.0
10,195,0.013265564308167277,0.0
10,196,0.038296565233058896,0.0
10,197,0.0,0.0
10,198,0.0007202016564638098,0.0
10,199,0.05344631422054325,0.0
10,200,0.07047691457517752,0.0
11,12,0.0,0.0007202016564638098
11,13,0.0,0.0
11,14,0.00886787585716346,0.0007202016564638098
11,15,0.0,0.0
11,16,0.0014404033129276196,0.0
11,17,0.0,0.0
11,18,0.017917948758904095,0.0007202016564638098
11,19,0.0,0.0007202016564638098
11,20,0.01772496726201596,0.0
11,21,0.06185798455627304,0.0
11,22,0.005163791862760038,0.0007202016564638098
11,23,0.0014404033129276196,0.0007202016564638098
11,24,0.0014404033129276196,0.0007202016564638098
11,25,0.04521909227463826,0.0
11,26,0.07658767918865506,0.0
11,27,0.0007202016564638098,0.0007202016564638098
11,28,0.013796337078325626,0.0
11,29,0.0014404033129276196,0.0
11,30,0.04963827936509026,0.0
11,31,0.0,0.0007202016564638098
11,32,0.0026985101092270184,0.0
11,33,0.0,0.0007202016564638098
11,34,0.042407038088577036,0.0
11,35,0.0,0.0
11,36,0.024018744809647632,0.0
11,37,0.015066650077633876,0.0007202016564638098
11,38,0.0,0.0
11,39,0.03147551449680258,0.0
11,40,0.045621584325450604,0.0
11,41,0.0021606049693914295,0.0
11,42,0.0,0.0007202016564638098
11,43,0.0,0.0007202016564638098
11,44,0.0,0.0007202016564638098
11,45,0.024058927711388647,0.0007202016564638098
11,46,0.001114417538728158,0.0007202016564638098
11,47,0.0,0.0007202016564638098
11,48,0.0,0.0007202016564638098
11,49,0.048560281719922445,0.0
11,50,0.047997619847441456,0.0
11,51,0.0,0.0
11,52,0.0,0.0007202016564638098
11,53,0.034035506798875195,0.0
11,54,0.0,0.0
11,55,0.0,0.0007202016564638098
11,56,0.0028808066258552392,0.0007202016564638098
11,57,0.012960426555221389,0.0007202016564638098
11,58,0.059760523322747915,0.0
11,59,0.0,0.0007202016564638098
11,60,0.0007202016564638098,0.0
11,61,0.0036010082823190494,0.0007202016564638098
11,62,0.02165852414588982,0.0
11,63,0.029489455834788004,0.0
11,64,0.04892309431984782,0.0007202016564638098
11,65,0.08805174777168678,0.0
11,66,0.06794591320136653,0.0007202016564638098
11,67,0.0011414926184523991,0.0007202016564638098
11,68,0.03945684922974343,0.0
11,69,0.0,0.0
11,70,0.04016950941225633,0.0
11,71,0.014396424027134305,0.0007202016564638098
11,72,0.026281676259754014,0.0007202016564638098
11,73,0.007895143141377669,0.0007202016564638098
11,74,0.0,0.0007202016564638098
11,75,0.00777260006815747,0.0
11,76,0.0007202016564638098,0.0
11,77,0.0189227739176865,0.0
11,78,0.0021606049693914295,0.0007202016564638098
11,79,0.0007202016564638098,0.0007202016564638098
11,80,0.0,0.0007202016564638098
11,81,0.019452069295429097,0.0
11,82,0.0015971362663643681,0.0
11,83,0.0,0.0
11,84,0.0248970617140672,0.0007202016564638098
11,85,0.0,0.0007202016564638098
11,86,0.0047513874595455415,0.0007202016564638098
11,87,0.050317325952942346,0.0007202016564638098
11,88,0.0,0.0
11,89,0.030398035069489442,0.0007202016564638098
11,90,0.0007202016564638098,0.0
11,91,0.006033448866461458,0.0007202016564638098
11,92,0.0,0.0
11,93,0.0,0.0007202016564638098
11,94,0.04368381519743771,0.0
11,95,0.0049531463817657434,0.0007202016564638098
11,96,0.0,0.0
11,97,0.0,0.0007202016564638098
11,98,0.011792830415902436,0.0
11,99,0.0,0.0007202016564638098
11,100,0.04875164110192278,0.0
11,101,0.005585082824748625,0.0
11,102,0.046932407790614465,0.0
11,103,0.0,0.0
11,104,0.0,0.0007202016564638098
11,105,0.0007202016564638098,0.0007202016564638098
11,106,0.0,0.0
11,107,0.0,0.0007202016564638098
11,108,0.0,0.0007202016564638098
11,109,0.0,0.0
11,110,0.07139159947421668,0.0007202016564638098
11,111,0.004321209938782859,0.0
11,112,0.006755804734300985,0.0007202016564638098
11,113,0.0,0.0007202016564638098
11,114,0.006613081734461752,0.0
11,115,0.0,0.0
11,116,0.0020111496221538196,0.0007202016564638098
11,117,0.0,0.0007202016564638098
11,118,0.0,0.0007202016564638098
11,119,0.07730856137441681,0.0007202016564638098
11,120,0.0016076317777134151,0.0
11,121,0.04408410641323754,0.0007202016564638098
11,122,0.0007202016564638098,0.0
11,123,0.0,0.0
11,124,0.04120875081908538,0.0
11,125,0.0014329139543588388,0.0
11,126,0.018065750345906136,0.0007202016564638098
11,127,0.0,0.0007202016564638098
11,128,0.0,0.0007202016564638098
11,129,0.01968542639758113,0.0007202016564638098
11,130,0.0,0.0
11,131,0.0,0.0007202016564638098
11,132,0.0,0.0
11,133,0.0,0.0007202016564638098
11,134,0.0,0.0
11,135,0.0,0.0007202016564638098
11,136,0.0,0.0
11,137,0.06878738881448639,0.0
11,138,0.02240002121184067,0.0007202016564638098
11,139,0.07503686483602386,0.0
11,140,0.019474306943565882,0.0007202016564638098
11,141,0.0,0.0007202016564638098
11,142,0.0,0.0
11,143,0.0,0.0
11,144,0.0,0.0
11,145,0.0026089710111042606,0.0007202016564638098
11,146,0.01502813709056479,0.0
11,147,0.01703867912804056,0.0
11,148,0.0,0.0007202016564638098
11,149,0.01880059722962925,0.0
11,150,0.0028808066258552392,0.0
11,151,0.0,0.0007202016564638098
11,152,0.011007802914433016,0.0007202016564638098
11,153,0.007263206698394783,0.0
11,154,0.0,0.0007202016564638098
11,155,0.005685608255307935,0.0
11,156,0.0,0.0
11,157,0.003910700451379278,0.0
11,158,0.0003077972532493133,0.0
11,159,0.0,0.0007202016564638098
11,160,0.0,0.0007202016564638098
11,161,0.0,0.0
11,162,0.0007202016564638098,0.0
11,163,0.0014404033129276196,0.0007202016564638098
11,164,0.02707991429826739,0.0
11,165,0.0,0.0
11,166,0.0,0.0007202016564638098
11,167,0.03454404515060569,0.0
11,168,0.011706736014337664,0.0007202016564638098
11,169,0.04233625262968333,0.0
11,170,0.038927690524096656,0.0
11,171,0.03614478384132446,0.0
11,172,0.0007202016564638098,0.0007202016564638098
11,173,0.020076979778959624,0.0007202016564638098
11,174,0.0355214183913405,0.0
11,175,0.0,0.0
11,176,0.0,0.0007202016564638098
11,177,0.005860038908607329,0.0
11,178,0.02285414582354462,0.0007202016564638098
11,179,0.0,0.0007202016564638098
11,180,0.017194514261202946,0.0
11,181,0.020780832389565358,0.0007202016564638098
11,182,0.008887180412592453,0.0
11,183,0.0,0.0007202016564638098
11,184,0.0048378060885605765,0.0007202016564638098
11,185,0.046213321683637384,0.0
11,186,0.023383792589572572,0.0
11,187,0.0,0.0007202016564638098
11,188,0.07358739038175972,0.0
11,189,0.0,0.0007202016564638098
11,190,0.0007202016564638098,0.0007202016564638098
11,191,0.05000181440137412,0.0
11,192,0.0,0.0
11,193,0.0,0.0007202016564638098
11,194,0.005163791862760038,0.0007202016564638098
11,195,0.01595537954351213,0.0
11,196,0.036391956343236054,0.0
11,197,0.0,0.0007202016564638098
11,198,0.0007202016564638098,0.0
11,199,0.05602314099229136,0.0
11,200,0.0739266669596458,0.0
12,13,0.0,0.0
12,14,0.010370055584242654,0.0
12,15,0.0,0.0
12,16,0.0014404033129276196,0.0
12,17,0.0,0.0
12,18,0.01806740410614171,0.0
12,19,0.0,0.0
12,20,0.02024666844246455,0.0
12,21,0.06116976769914529,0.0
12,22,0.004593045553533839,0.0
12,23,0.0021606049693914295,0.0
12,24,0.001712238927678599,0.0
12,25,0.05385702019215208,0.0
12,26,0.07409480926567787,0.0
12,27,0.0,0.0
12,28,0.01322559076909943,0.0
12,29,0.0,0.0
12,30,0.053963759328710885,0.0
12,31,0.0,0.0
12,32,0.004086609847172046,0.0
12,33,0.0,0.0
12,34,0.0485825472767787,0.0
12,35,0.0,0.0
12,36,0.034295612924376856,0.0
12,37,0.01839582274520195,0.0
12,38,0.0,0.0
12,39,0.03489977174033576,0.0
12,40,0.04377113854838365,0.0
12,41,0.0014404033129276196,0.0
12,42,0.0,0.0
12,43,0.0,0.0
12,44,0.0007202016564638098,0.0
12,45,0.024248670097629117,0.0
12,46,0.0022829852369047983,0.0
12,47,0.0,0.0
12,48,0.0007202016564638098,0.0
12,49,0.04789129215804627,0.0
12,50,0.05988872412695314,0.0
12,51,0.0,0.0
12,52,0.0,0.0
12,53,0.032092344704887046,0.0
12,54,0.0,0.0
12,55,0.0,0.0
12,56,0.0021606049693914295,0.0
12,57,0.011438016403190273,0.0
12,58,0.06262022095091974,0.0
12,59,0.0,0.0
12,60,0.0007202016564638098,0.0
12,61,0.005612157904472869,0.0
12,62,0.01949791917649838,0.0
12,63,0.024369951256597966,0.0
12,64,0.04921871974602402,0.0
12,65,0.08367764558213965,0.0
12,66,0.07145667417772872,0.0
12,67,0.0005707463092261996,0.0
12,68,0.04061959400346557,0.0
12,69,0.0,0.0
12,70,0.042499680585629675,0.0
12,71,0.014882188943692608,0.0
12,72,0.026650764456768505,0.0
12,73,0.007745687794140057,0.0
12,74,0.0,0.0
12,75,0.008650266821110541,0.0
12,76,0.0007202016564638098,0.0
12,77,0.01597932651616827,0.0
12,78,0.002011149622153819,0.0
12,79,0.0007202016564638098,0.0
12,80,0.0,0.0
12,81,0.014471261553544222,0.0
12,82,0.003356152658356937,0.0
12,83,0.0,0.0
12,84,0.022580547703524852,0.0
12,85,0.0,0.0
12,86,0.004751387459545541,0.0
12,87,0.055446087668375464,0.0
12,88,0.0,0.0
12,89,0.02068782125334024,0.0
12,90,0.0007202016564638098,0.0
12,91,0.006033448866461458,0.0
12,92,0.0,0.0
12,93,0.0,0.0
12,94,0.04218010281662841,0.0
12,95,0.0071137513511571725,0.0
12,96,0.0,0.0
12,97,0.0,0.0
12,98,0.015432958787728157,0.0
12,99,0.0,0.0
12,100,0.047028120670000916,0.0
12,101,0.0070254861376762455,0.0
12,102,0.04524101369598197,0.0
12,103,0.0,0.0
12,104,0.0,0.0
12,105,0.0007202016564638098,0.0
12,106,0.0,0.0
12,107,0.0,0.0
12,108,0.0,0.0
12,109,0.0,0.0
12,110,0.06859973955508222,0.0
12,111,0.004321209938782859,0.0
12,112,0.008321708783849698,0.0
12,113,0.0,0.0
12,114,0.008053485047389371,0.0
12,115,0.0,0.0
12,116,0.0012909479656900095,0.0
12,117,0.0,0.0
12,118,0.0,0.0
12,119,0.06643708071579367,0.0
12,120,0.002028922739702005,0.0
12,121,0.049538025996313885,0.0
12,122,0.0007202016564638098,0.0
12,123,0.0,0.0
12,124,0.04064361484820412,0.0
12,125,0.0017583481289803276,0.0
12,126,0.019210826796610875,0.0
12,127,0.0,0.0
12,128,0.0,0.0
12,129,0.017454521863236854,0.0
12,130,0.0,0.0
12,131,0.0,0.0
12,132,0.0,0.0
12,133,0.0,0.0
12,134,0.0,0.0
12,135,0.0,0.0
12,136,0.0,0.0
12,137,0.07294584471165605,0.0
12,138,0.028134559383826894,0.0
12,139,0.07739386577635744,0.0
12,140,0.014700137434193595,0.0
12,141,0.0,0.0
12,142,0.0,0.0
12,143,0.0,0.0
12,144,0.0,0.0
12,145,0.0026089710111042606,0.0
12,146,0.012975721138005247,0.0
12,147,0.022259979382028942,0.0
12,148,0.0,0.0
12,149,0.0176320295314526,0.0
12,150,0.0038728438970700284,0.0
12,151,0.0,0.0
12,152,0.011279638529183995,0.0
12,153,0.005102601729003353,0.0
12,154,0.0,0.0
12,155,0.005914930877879327,0.0
12,156,0.0009920372712147888,0.0
12,157,0.004401970446130702,0.0
12,158,0.0005796328680002923,0.0
12,159,0.0,0.0
12,160,0.0,0.0
12,161,0.0,0.0
12,162,0.0007202016564638098,0.0
12,163,0.0007202016564638098,0.0
12,164,0.02505680395578464,0.0
12,165,0.0,0.0
12,166,0.0,0.0
12,167,0.03832244788653425,0.0
12,168,0.011093574372699817,0.0
12,169,0.05517435031654859,0.0
12,170,0.03455618139096788,0.0
12,171,0.03631516974511984,0.0
12,172,0.0,0.0
12,173,0.020863834857718113,0.0
12,174,0.03365042789227834,0.0
12,175,0.0,0.0
12,176,0.0,0.0
12,177,0.005639232984197111,0.0
12,178,0.0201440022111328,0.0
12,179,0.0,0.0
12,180,0.015848905963761224,0.0
12,181,0.023737945617195583,0.0
12,182,0.010068655498595714,0.0
12,183,0.0,0.0
12,184,0.006278209401488194,0.0
12,185,0.04523980644494844,0.0
12,186,0.025215307598412288,0.0
12,187,0.0,0.0
12,188,0.07911281715161257,0.0
12,189,0.0,0.0
12,190,0.0007202016564638098,0.0
12,191,0.0551833551568441,0.0
12,192,0.0,0.0
12,193,0.0,0.0
12,194,0.005163791862760038,0.0
12,195,0.015096974170129021,0.0
12,196,0.036306061089054494,0.0
12,197,0.0,0.0
12,198,0.0014404033129276196,0.0
12,199,0.055142846082082746,0.0
12,200,0.06318938217826929,0.0
13,14,0.006480045950265421,0.0
13,15,0.0,0.0
13,16,0.0007202016564638098,0.0
13,17,0.0,0.0
13,18,0.014615851171060264,0.0
13,19,0.0,0.0
13,20,0.01485195239783787,0.0
13,21,0.05020070811049359,0.0
13,22,0.0027313512786176293,0.0
13,23,0.0028808066258552392,0.0
13,24,0.0007202016564638098,0.0
13,25,0.03149470403807815,0.0
13,26,0.060863471908030486,0.0
13,27,0.0,0.0
13,28,0.011336821414458983,0.0
13,29,0.0007202016564638098,0.0
13,30,0.04092247871223998,0.0
13,31,0.0,0.0
13,32,0.0032781429772273107,0.0
13,33,0.0,0.0
13,34,0.0495323153722319,0.0
13,35,0.0,0.0
13,36,0.03146552190931246,0.0
13,37,0.013080142670343521,0.0
13,38,0.0,0.0
13,39,0.028909571710115933,0.0
13,40,0.03514918484534507,0.0
13,41,0.0021606049693914295,0.0
13,42,0.0,0.0
13,43,0.0,0.0
13,44,0.0,0.0
13,45,0.014507448466379413,0.0
13,46,0.0007202016564638098,0.0
13,47,0.0,0.0
13,48,0.0,0.0
13,49,0.04188637960142093,0.0
13,50,0.03695126177135978,0.0
13,51,0.0,0.0
13,52,0.0,0.0
13,53,0.02479090472072918,0.0
13,54,0.0,0.0
13,55,0.0,0.0
13,56,0.0014404033129276196,0.0
13,57,0.006229006482544893,0.0
13,58,0.05627115693863113,0.0
13,59,0.0,0.0
13,60,0.0,0.0
13,61,0.005313247209997649,0.0
13,62,0.01364100073699877,0.0
13,63,0.018212207351129793,0.0
13,64,0.04615921074848361,0.0
13,65,0.06256220634226192,0.0
13,66,0.05854498304067282,0.0
13,67,0.0011414926184523991,0.0
13,68,0.0348083988611832,0.0
13,69,0.0,0.0
13,70,0.038011086729424715,0.0
13,71,0.013373670710636339,0.0
13,72,0.01963427324035779,0.0
13,73,0.0054627025572352595,0.0
13,74,0.0,0.0
13,75,0.0055567070593446925,0.0
13,76,0.0,0.0
13,77,0.013078198405304666,0.0
13,78,0.0,0.0
13,79,0.0007202016564638098,0.0
13,80,0.0,0.0
13,81,0.018038741062225715,0.0
13,82,0.004345233980842149,0.0
13,83,0.0,0.0
13,84,0.019665974784004,0.0
13,85,0.0,0.0
13,86,0.0017482005661769327,0.0
13,87,0.04479324453821699,0.0
13,88,0.0,0.0
13,89,0.02270001253144599,0.0
13,90,0.0007202016564638098,0.0
13,91,0.005313247209997649,0.0
13,92,0.0,0.0
13,93,0.0,0.0
13,94,0.02991849474903865,0.0
13,95,0.0036621984160757335,0.0
13,96,0.0,0.0
13,97,0.0,0.0
13,98,0.008853160306233997,0.0
13,99,0.0,0.0
13,100,0.040000670198446,0.0
13,101,0.003152642240606219,0.0
13,102,0.03496282173991236,0.0
13,103,0.0,0.0
13,104,0.0,0.0
13,105,0.0,0.0
13,106,0.0,0.0
13,107,0.0,0.0
13,108,0.0,0.0
13,109,0.0,0.0
13,110,0.06386942914804085,0.0
13,111,0.0028808066258552392,0.0
13,112,0.004024453455683359,0.0
13,113,0.0,0.0
13,114,0.006341246119710772,0.0
13,115,0.0,0.0
13,116,0.0012909479656900095,0.0
13,117,0.0,0.0
13,118,0.0,0.0
13,119,0.060304587496769965,0.0
13,120,0.0015716701392150811,0.0
13,121,0.03748418075922672,0.0
13,122,0.0007202016564638098,0.0
13,123,0.0,0.0
13,124,0.029404635007350473,0.0
13,125,0.001070658914751214,0.0
13,126,0.013310740631179702,0.0
13,127,0.0,0.0
13,128,0.0,0.0
13,129,0.010635639277256291,0.0
13,130,0.0,0.0
13,131,0.0,0.0
13,132,0.0,0.0
13,133,0.0,0.0
13,134,0.0,0.0
13,135,0.0,0.0
13,136,0.0,0.0
13,137,0.0643385151489997,0.0
13,138,0.018015774554835228,0.0
13,139,0.0618785309786534,0.0
13,140,0.012054856724182477,0.0
13,141,0.0,0.0
13,142,0.0,0.0
13,143,0.0,0.0
13,144,0.0,0.0
13,145,0.0011685676981766408,0.0
13,146,0.014317344630839456,0.0
13,147,0.01996201200956911,0.0
13,148,0.0,0.0
13,149,0.012318782321454962,0.0
13,150,0.0024324405841424086,0.0
13,151,0.0,0.0
13,152,0.008160525062215337,0.0
13,153,0.0036621984160757335,0.0
13,154,0.0,0.0
13,155,0.004567497547647993,0.0
13,156,0.0007202016564638098,0.0
13,157,0.004434909275289256,0.0
13,158,0.0001312668262874614,0.0
13,159,0.0,0.0
13,160,0.0,0.0
13,161,0.0,0.0
13,162,0.0,0.0
13,163,0.0014404033129276196,0.0
13,164,0.01768440535552483,0.0
13,165,0.0,0.0
13,166,0.0,0.0
13,167,0.024211955110797403,0.0
13,168,0.005780599363547147,0.0
13,169,0.037263011531933135,0.0
13,170,0.03264314772547704,0.0
13,171,0.02865660722787085,0.0
13,172,0.0,0.0
13,173,0.012992875924997213,0.0
13,174,0.02652909304573397,0.0
13,175,0.0,0.0
13,176,0.0,0.0
13,177,0.004198829671269491,0.0
13,178,0.02110192442831514,0.0
13,179,0.0,0.0
