	dim1	dim2	pt
E631_317	-16.712715	7.3455496	0.1859504132231405
E728_952	5.596994	-5.3462	0.5608028335301063
E632_998	8.974688	-4.1319027	0.5879574970484062
E380_361	-16.309763	4.6517053	0.2119244391971664
E273_309	-17.49648	7.458074	0.1812278630460448
E66_1111	16.886166	-1.9743115	0.6546635182998819
E47_881	5.8455606	-4.867268	0.5188902007083825
E778_384	-16.513016	4.930746	0.2255017709563164
E812_1105	13.671163	-3.2654195	0.6511216056670602
E130_1555	18.428223	0.8508871	0.9167650531286896
E86_356	-16.717745	7.6231513	0.2089728453364817
E938_754	-6.8783455	-6.2619143	0.4439197166469893
E352_294	-17.094582	7.464224	0.1723730814639905
E120_1199	10.002573	-15.133751	0.7066115702479339
E309_1576	17.632122	0.509502	0.9291617473435656
E521_1433	16.854963	1.2273424	0.8447461629279811
E259_1169	11.059197	-3.3461964	0.6889020070838253
E153_109	-17.295006	15.796259	0.063164108618654
E40_441	-14.841244	-0.26311207	0.2591499409681227
E703_523	-14.582711	0.1610176	0.307556080283353
E994_1303	10.867127	-16.477495	0.768004722550177
E139_820	-6.1617465	-6.3137674	0.4828807556080283
E678_1164	10.823326	-16.046797	0.6859504132231405
E480_399	-17.230423	8.311975	0.2343565525383707
E745_548	-11.856865	-2.8647437	0.3223140495867768
E650_813	-1.6737294	-6.5968947	0.4787485242030697
E189_1191	16.662788	-4.842816	0.7018890200708382
E125_1060	6.256512	-4.8270264	0.6245572609208973
E550_454	-16.220493	2.2803261	0.2668240850059032
E222_333	-16.635046	6.978636	0.1953955135773317
E147_1534	9.497678	-15.392741	0.9043683589138136
E845_926	1.1709083	-5.738517	0.5454545454545454
E432_1678	10.559228	-15.229291	0.9893742621015348
E493_717	-6.519167	-5.910835	0.422077922077922
E15_368	-16.859343	6.5043817	0.2160566706021251
E933_1397	17.64475	-3.3553689	0.8234946871310508
E685_1066	9.709022	-3.9707847	0.628099173553719
E920_87	-16.848515	18.251139	0.050177095631641
E881_721	-9.20982	-4.718159	0.4244391971664699
E850_589	-13.214005	-1.9189711	0.346517119244392
E671_360	-16.459728	4.8023744	0.2113341204250295
E35_523	-13.183749	-2.363089	0.307556080283353
E766_24	-16.602734	18.335115	0.0129870129870129
E329_918	6.707988	-5.274562	0.5407319952774499
E756_904	-1.7819744	-5.9115114	0.5324675324675324
E324_1400	10.78304	-15.973284	0.8252656434474617
E610_185	-17.251528	12.690262	0.1080283353010625
E94_892	-1.6807153	-6.090473	0.525383707201889
E29_253	-16.833395	8.502505	0.1481700118063754
E254_586	-14.214864	-1.4884776	0.3447461629279811
E184_156	-17.164576	14.569455	0.0909090909090909
E638_901	20.314201	-1.9769841	0.5306965761511216
E952_636	-6.931738	-6.207487	0.3742621015348288
E615_610	-12.547995	-1.9159667	0.358913813459268
E110_1515	16.456066	-0.43289325	0.8931523022432113
E505_1316	11.416103	-15.994279	0.7756788665879575
E522_630	-11.999692	-2.7980285	0.3707201889020071
E98_494	-13.686985	-1.3248101	0.2904368358913813
E673_420	-16.701952	4.8572583	0.2467532467532467
E741_833	-5.7181253	-5.9901314	0.4905548996458087
E340_520	-12.527848	-2.811003	0.3057851239669421
E90_1680	17.914677	0.6225989	0.9905548996458088
E382_1608	19.214998	-1.5045362	0.948051948051948
E186_1354	16.20565	-5.383925	0.7981109799291618
E925_320	-17.548214	11.12447	0.1877213695395513
E886_555	-15.212838	0.66330844	0.3264462809917355
E311_107	-16.77172	14.699625	0.0619834710743801
E676_727	-6.988258	-5.9111347	0.4279811097992916
E658_523	-14.311464	-0.31400532	0.307556080283353
E399_1157	19.057617	0.4317928	0.6818181818181818
E808_639	-11.926557	-2.6019037	0.3760330578512397
E450_309	-17.42443	7.8130546	0.1812278630460448
E543_216	-16.849752	15.162008	0.1263282172373081
E14_1046	-0.79312044	-6.230735	0.6162927981109799
E956_1561	11.269196	-15.796491	0.9203069657615112
E993_512	-15.388139	0.4694688	0.3010625737898465
E128_593	-10.702192	-4.268024	0.3488783943329397
E241_1160	10.187574	-3.4312096	0.6835891381345927
E720_841	0.5909032	-5.110921	0.4952774498229044
E626_209	-16.387852	10.861219	0.1221959858323494
E132_5	-16.447842	19.416925	0.0017709563164108
E981_304	-17.035515	9.004933	0.1782762691853601
E866_1666	18.099998	0.97996604	0.9822904368358912
E791_688	-7.5181007	-5.7155	0.4049586776859504
E462_567	-11.830308	-2.917943	0.333530106257379
E17_855	-5.95997	-6.0588517	0.5035419126328218
E365_489	-12.881094	-2.1598423	0.2874852420306966
E790_982	6.385439	-4.34864	0.5785123966942148
E374_870	-9.698321	-5.1147017	0.512396694214876
E908_723	-7.4123807	-5.2270517	0.4256198347107438
E800_648	9.733005	-4.065428	0.3813459268004722
E173_1436	16.060528	-1.7370194	0.846517119244392
E111_560	-13.619729	-0.63659483	0.3293978748524203
E801_248	-16.86823	10.790815	0.1452184179456906
E452_1409	19.04275	-3.7316332	0.8305785123966942
E946_21	-16.639002	18.730574	0.0112160566706021
E91_59	-16.278633	17.207119	0.0336481700118063
E210_831	-9.20034	-4.3142905	0.4893742621015348
E76_964	0.8970296	-6.4830294	0.5678866587957497
E459_109	-16.682615	15.541802	0.063164108618654
E42_641	-13.168272	-2.2433043	0.3772136953955136
E425_1222	19.410082	-1.1909138	0.7201889020070839
E6_693	-9.144508	-3.870868	0.4079102715466352
E308_303	-17.270338	10.652643	0.1776859504132231
E731_984	-2.886827	-6.3270884	0.5796930342384888
E350_638	-12.612793	-2.561469	0.3754427390791027
E697_1218	17.278305	-3.7168493	0.717827626918536
E992_1425	20.39319	-2.476401	0.8400236127508854
E701_1140	9.918865	-16.234758	0.6717827626918536
E262_1144	11.710429	-2.996119	0.6741440377804014
E306_349	-17.205563	2.606384	0.204840613931523
E891_1397	15.325266	-0.3794879	0.8234946871310508
E148_953	8.039119	-4.1796513	0.5613931523022432
E204_70	-16.784025	16.931646	0.0401416765053128
E107_143	-16.305613	14.26896	0.0832349468713105
E526_55	-17.58032	17.758385	0.0312868949232585
E446_1553	18.289055	-4.340335	0.9155844155844156
E782_325	-17.235573	9.350952	0.1906729634002361
E190_792	-2.9868765	-6.262579	0.4663518299881936
E157_790	-10.380486	-5.192709	0.4651711924439197
E82_863	-9.785866	-4.4564843	0.5082644628099173
E423_1674	17.720602	-3.0784779	0.987012987012987
E171_810	1.4078655	-5.170361	0.4769775678866588
E477_1543	16.274597	-0.85425174	0.909681227863046
E323_251	-17.012028	11.228831	0.1469893742621015
E605_203	-17.095453	11.890134	0.1186540731995277
E980_1358	15.509871	-1.0196311	0.8004722550177096
E621_1278	17.645939	-3.2255778	0.7532467532467533
E41_825	9.298047	-3.9214835	0.4858323494687131
E109_1069	1.4575592	-5.890664	0.6298701298701299
E813_1168	9.787034	-15.134001	0.6883116883116883
E291_823	-1.8973334	-6.748125	0.4846517119244392
E649_1055	9.205094	-14.585683	0.6216056670602125
E347_1538	16.808207	-1.6744518	0.9067296340023612
E520_1277	15.770214	-0.8732344	0.7526564344746163
E519_1355	10.2128935	-15.817794	0.7987012987012987
E734_991	10.879903	-15.576139	0.5838252656434475
E126_1235	10.568698	-3.031679	0.7278630460448642
E761_310	-16.56343	5.399245	0.1818181818181818
E941_1359	10.295006	-15.201095	0.8010625737898465
E591_498	-13.938797	0.47368032	0.2927981109799291
E30_637	-7.9709406	-4.8735566	0.3748524203069657
E830_149	-17.096813	14.388393	0.0867768595041322
E160_181	-16.800732	13.768761	0.1056670602125147
E10_991	6.24933	-5.103691	0.5838252656434475
E529_744	-1.693552	-5.614041	0.4380165289256198
E641_267	-16.927776	11.000915	0.1564344746162927
E494_849	-2.748717	-6.707919	0.5
E191_70	-16.601765	18.683949	0.0401416765053128
E794_946	6.2065506	-5.592387	0.5572609208972845
E101_1319	10.993368	-16.654627	0.7774498229043684
E442_1675	18.923246	-1.1416225	0.987603305785124
E381_1450	10.543009	-15.367432	0.8547815820543093
E558_893	1.4204766	-6.0466666	0.525974025974026
E221_1039	1.6046216	-6.1296387	0.6121605667060213
E595_665	-12.245209	-2.942991	0.3913813459268004
E883_1197	15.677878	-0.90495884	0.70543093270366
E164_262	-17.071285	14.932045	0.153482880755608
E635_1276	10.849708	-16.53432	0.7520661157024794
E874_49	-17.3643	17.397587	0.0277449822904368
E695_1518	18.477278	-3.876335	0.8949232585596222
E197_686	-8.924215	-5.5232286	0.4037780401416765
E788_587	-13.13171	-1.92969	0.345336481700118
E330_1607	18.622766	-0.2074002	0.9474616292798111
E601_1026	-3.665978	-6.294416	0.6044864226682408
E784_755	-10.38707	-5.1751637	0.4445100354191263
E243_1272	17.713135	-0.8310257	0.7497048406139315
E617_1036	10.4872265	-4.115975	0.6103896103896104
E338_35	-17.321636	18.67238	0.0194805194805194
E234_1667	18.879482	0.5724911	0.9828807556080283
E54_1409	18.39745	-0.0073670917	0.8305785123966942
E518_469	-15.16558	-0.50091267	0.2756788665879575
E180_867	-8.908623	-5.6701717	0.5106257378984652
E995_922	-2.0723262	-6.9359183	0.5430932703659976
E177_803	-3.3066382	-6.4078135	0.4728453364817001
E689_1085	17.995464	-1.817257	0.6393152302243211
E81_465	-15.616111	0.097326	0.2733175914994097
E878_125	-16.410608	14.297277	0.0726092089728453
E669_428	-16.117	3.5395443	0.2514757969303424
E954_700	-6.0738907	-6.142536	0.4120425029515938
E123_435	-15.827207	2.912636	0.255608028335301
E301_97	-16.992846	16.44054	0.0560802833530106
E651_715	-10.711817	-4.3549123	0.4208972845336481
E100_760	-8.189475	-4.984716	0.4474616292798111
E512_214	-17.29665	11.838939	0.1251475796930342
E16_1561	17.956274	-0.2841203	0.9203069657615112
E207_1189	19.461	-0.23428945	0.7007083825265643
E873_1384	10.087062	-16.343098	0.8158205430932703
E34_902	-1.2510031	-6.5290923	0.5312868949232585
E852_613	-12.657551	-2.2990339	0.3606847697756788
E951_1638	17.655699	0.9816789	0.9657615112160568
E675_768	-6.6468124	-6.515012	0.4521841794569067
E775_916	1.5404477	-5.8388777	0.5395513577331759
E23_951	3.8252492	-5.597619	0.5602125147579693
E37_1626	18.536266	-2.8484564	0.9586776859504132
E976_500	-14.724767	-0.113588646	0.2939787485242031
E922_450	-16.002369	3.1423209	0.2644628099173554
E418_927	6.8716645	-5.3123765	0.5460448642266824
E857_1314	11.134875	-15.5731945	0.7744982290436836
E929_254	-16.659168	10.41439	0.1487603305785124
E495_586	-15.451171	0.050283417	0.3447461629279811
E977_1411	18.14451	-1.0715805	0.8317591499409681
E927_793	-2.075104	-6.6459546	0.4669421487603306
E686_602	-14.263226	0.07316914	0.3541912632821724
E67_1054	1.8383324	-5.7639265	0.6210153482880756
E777_1342	19.138157	0.435907	0.7910271546635183
E443_725	-8.079444	-4.373344	0.4268004722550177
E11_108	-16.987638	14.970859	0.0625737898465171
E672_340	-16.964376	8.130418	0.1995277449822904
E287_1169	19.597137	-2.9512258	0.6889020070838253
E488_1444	10.361043	-15.969403	0.8512396694214877
E945_440	-14.821058	-0.42823324	0.2585596221959858
E892_748	-9.239039	-5.063384	0.4403778040141676
E501_1286	16.009165	-3.8775332	0.7579693034238488
E856_1402	10.308733	-16.407341	0.8264462809917356
E841_1184	16.452913	-2.7074215	0.6977567886658795
E356_203	-16.747972	14.341349	0.1186540731995277
E949_898	-1.4641464	-5.851911	0.5289256198347108
E532_149	-17.315586	13.837135	0.0867768595041322
E84_1156	19.624706	1.3182417	0.6812278630460449
E789_1246	-16.740675	14.513556	0.7343565525383707
E89_336	-17.292168	8.107555	0.1971664698937426
E704_1340	10.092027	-15.923191	0.7898465171192444
E926_229	-16.833858	11.144899	0.1340023612750885
E353_1172	17.656406	-2.7903242	0.6906729634002361
E608_961	0.8171087	-6.343261	0.5661157024793388
E833_1205	16.170979	-3.7309768	0.7101534828807556
E140_497	-15.295132	1.8811134	0.2922077922077922
E744_1112	6.371852	-5.3831096	0.6552538370720189
E555_697	-9.915009	-4.4833136	0.410271546635183
E806_834	-6.9770203	-6.2541013	0.4911452184179457
E411_816	-5.030554	-6.102711	0.4805194805194805
E759_1021	0.6111042	-6.388369	0.601534828807556
E316_1622	16.827034	-0.97614104	0.9563164108618654
E458_1074	10.28738	-13.993128	0.6328217237308147
E108_590	-12.360294	-2.461422	0.3471074380165289
E119_701	-8.110105	-4.9984717	0.4126328217237308
E405_1686	18.908484	-0.41787645	0.9940968122786304
E463_332	-17.166817	8.992281	0.1948051948051948
E936_381	-16.831728	3.342705	0.2237308146399055
E216_720	-6.4223843	-6.2347145	0.4238488783943329
E624_1525	17.066048	-1.7638292	0.8990554899645808
E455_843	1.0124365	-5.1779275	0.4964580873671783
E911_638	-10.203433	-4.505594	0.3754427390791027
E227_1025	1.8825027	-5.549286	0.6038961038961039
E402_1080	12.3148	-2.5712562	0.6363636363636364
E877_816	0.6810543	-6.547917	0.4805194805194805
E718_70	-17.10411	17.246063	0.0401416765053128
E344_1054	13.284032	-2.6331024	0.6210153482880756
E793_1028	0.46020547	-6.2358785	0.6056670602125147
E97_1245	12.102937	-2.410782	0.7337662337662337
E389_760	-2.760834	-6.491281	0.4474616292798111
E868_959	19.39658	-3.1185827	0.564935064935065
E106_902	-2.3658266	-7.129708	0.5312868949232585
E179_379	-16.897223	6.147485	0.2225501770956316
E913_406	-16.28734	6.984244	0.2384887839433294
E407_816	-8.560722	-5.2894583	0.4805194805194805
E490_1345	19.235006	0.067097984	0.7927981109799291
E359_571	-13.682354	-2.32676	0.3358913813459268
E921_1056	2.3367584	-5.9665427	0.6221959858323495
E124_742	-12.598281	-2.3905299	0.4368358913813459
E502_100	-17.26102	16.187431	0.0578512396694214
E722_1339	17.105759	-0.43052608	0.7892561983471075
E947_308	-17.273937	11.07012	0.1806375442739079
E415_694	-8.581786	-4.5247602	0.4085005903187721
E541_1611	18.138016	-4.928587	0.9498229043683588
E730_705	18.630253	-2.3159904	0.4149940968122786
E406_1329	11.21027	-15.840144	0.7833530106257379
E193_257	-16.744017	10.448024	0.1505312868949232
E912_872	7.3630652	-5.132846	0.51357733175915
E940_493	-16.243786	2.795063	0.2898465171192444
E674_125	-16.77424	13.8852825	0.0726092089728453
E781_509	-14.686219	0.22299093	0.2992916174734356
E168_401	-16.8029	2.0420125	0.2355371900826446
E278_441	-15.845646	3.645303	0.2591499409681227
E889_1291	17.215954	0.6197159	0.7609208972845336
E355_1272	10.002833	-16.326332	0.7497048406139315
E964_12	-16.376812	18.886305	0.0059031877213695
E453_1100	11.295016	-3.10153	0.6481700118063755
E714_178	-17.168514	11.293021	0.1038961038961039
E826_1335	18.823362	-0.10629837	0.7868949232585596
E469_34	-16.611063	18.433208	0.0188902007083825
E438_729	-5.7830763	-6.260246	0.4291617473435655
E370_233	-17.370625	12.913723	0.1363636363636363
E681_708	-6.27656	-6.359531	0.4167650531286895
E25_415	-16.805143	4.603516	0.2438016528925619
E328_1074	-0.6281145	-7.125878	0.6328217237308147
E315_1576	9.353157	-15.844208	0.9291617473435656
E375_1062	13.322276	-3.1178057	0.6257378984651711
E170_1396	10.309561	-16.465275	0.8229043683589138
E439_388	-16.026407	3.4055514	0.2278630460448642
E582_779	16.230417	-2.105038	0.4586776859504132
E547_504	-14.130315	-0.9027794	0.2963400236127508
E345_1092	10.810897	-3.1451893	0.6434474616292798
E484_1133	11.551414	-16.459444	0.6676505312868949
E536_644	-10.367892	-3.805355	0.3789846517119244
E640_203	-16.870895	12.131484	0.1186540731995277
E542_133	-17.239735	14.136236	0.0773317591499409
E533_1372	10.358272	-15.0013485	0.8087367178276269
E792_313	-17.25506	8.481956	0.1835891381345926
E719_158	-16.986217	13.270294	0.0920897284533648
E515_532	-12.779261	-1.5733142	0.3128689492325855
E611_681	-8.699822	-5.033039	0.4008264462809917
E385_595	-12.316851	-2.430366	0.3500590318772137
E616_754	-8.997965	-4.694769	0.4439197166469893
E596_1605	19.402952	0.86724365	0.9462809917355371
E762_1433	18.556698	-0.5754904	0.8447461629279811
E861_91	-16.866112	18.090118	0.0525383707201889
E607_1098	10.469769	-3.0465791	0.6469893742621016
E713_1270	16.911835	-3.817478	0.7485242030696576
E885_773	-2.0155044	-6.0439725	0.4551357733175915
E118_998	6.9880943	-5.2394495	0.5879574970484062
E121_510	-13.329383	-0.653292	0.2998819362455726
E74_100	-16.356798	14.835336	0.0578512396694214
E300_804	-3.3330243	-6.084802	0.4734356552538371
E53_763	-2.5282903	-6.946212	0.449232585596222
E904_90	-17.58321	16.999178	0.0519480519480519
E572_534	-15.143636	1.2357453	0.3140495867768595
E746_353	-16.208372	4.1055517	0.2072018890200708
E129_1353	18.889889	-4.280497	0.7975206611570248
E404_1166	6.7425947	-4.6974325	0.6871310507674144
E835_1026	6.3666453	-5.249373	0.6044864226682408
E670_532	-14.536686	-0.35707217	0.3128689492325855
E57_1209	16.618467	-4.5143423	0.7125147579693034
E136_822	-5.456391	-6.2641177	0.4840613931523022
E513_1353	20.18849	-3.0644681	0.7975206611570248
E398_450	-16.08272	1.9117495	0.2644628099173554
E321_44	-16.357946	17.86291	0.024793388429752
E257_1520	9.231582	-15.684767	0.8961038961038961
E483_624	-11.1096735	-3.5066218	0.3671782762691853
E898_1681	17.002602	-2.5049512	0.9911452184179456
E897_1034	2.2086527	-5.644212	0.6092089728453365
E31_1195	9.498826	-15.090313	0.7042502951593861
E811_1691	10.67677	-15.434134	0.9970484061393152
E931_956	-1.8166008	-6.8344274	0.5631641086186541
E59_439	-17.96331	6.7434354	0.2579693034238489
E630_1064	11.615329	-3.876343	0.6269185360094451
E421_806	4.3409514	-5.5609407	0.4746162927981109
E820_1423	18.248934	1.1539117	0.8388429752066116
E256_279	-16.051542	8.269398	0.1635182998819362
E172_1224	16.012016	-2.826845	0.7213695395513577
E577_1430	15.517225	-2.0723643	0.8429752066115702
E507_192	-17.058973	11.2681	0.1121605667060212
E627_660	-9.666576	-4.2802296	0.3884297520661157
E246_765	-7.093075	-6.8856735	0.4504132231404958
E592_631	-9.587192	-3.724923	0.371310507674144
E240_601	-12.879177	-2.4424446	0.3536009445100354
E282_1039	6.394374	-5.3690147	0.6121605667060213
E339_607	-11.202575	-3.227659	0.3571428571428571
E293_741	-10.092201	-4.241953	0.436245572609209
E593_1111	0.91040915	-6.294707	0.6546635182998819
E797_346	-16.050499	4.379424	0.2030696576151121
E546_514	-14.278117	0.51870584	0.3022432113341204
E504_1440	11.356422	-16.462202	0.8488783943329398
E819_721	-9.933402	-4.6609697	0.4244391971664699
E279_878	-0.6905724	-6.3680043	0.5171192443919717
E712_1401	18.049065	-1.2880138	0.8258559622195986
E578_1589	16.421066	-3.9266646	0.936835891381346
E588_559	-12.867275	-1.7080737	0.3288075560802833
E434_286	-17.628195	11.985041	0.1676505312868949
E444_938	0.9292582	-6.1112437	0.5525383707201889
E367_103	-17.509499	14.982974	0.0596221959858323
E590_1201	15.2017	-1.2020482	0.7077922077922078
E888_860	-0.619041	-6.8376703	0.5064935064935064
E77_1035	6.8562894	-4.7405825	0.6097992916174735
E445_65	-16.700977	17.608229	0.0371900826446281
E199_249	-17.094896	10.380547	0.1458087367178276
E286_1630	17.656992	-0.27970675	0.961038961038961
E302_258	-16.794794	8.370825	0.1511216056670602
E818_809	-7.2836633	-6.7810235	0.4763872491145218
E150_1066	10.498907	-3.309144	0.628099173553719
E725_760	-9.654696	-4.7041955	0.4474616292798111
E561_366	-16.227564	2.760951	0.2148760330578512
E563_834	-1.04864	-7.062239	0.4911452184179457
E934_85	-16.685764	18.009043	0.0489964580873671
E969_1281	16.316916	-1.2105525	0.7550177095631642
E21_529	-15.68339	1.9238371	0.3110979929161747
E475_1288	16.174192	-1.5146174	0.7591499409681228
E753_931	6.010461	-5.325485	0.5484061393152302
E915_1583	7.9994383	-4.5842795	0.9332939787485242
E208_683	-3.43435	-6.175907	0.4020070838252656
E408_828	2.920225	-5.572956	0.4876033057851239
E422_35	-17.664036	17.567875	0.0194805194805194
E500_864	-6.7015686	-6.437691	0.5088547815820543
E424_2	-16.281187	19.630705	0.0
E600_1072	0.12085411	-7.603219	0.6316410861865407
E767_956	0.28975332	-5.2199116	0.5631641086186541
E576_559	-12.660349	-2.322147	0.3288075560802833
E747_162	-17.286844	14.25185	0.0944510035419126
E201_85	-16.955969	17.751272	0.0489964580873671
E45_1320	10.937556	-15.509689	0.7780401416765053
E583_45	-16.20343	18.546047	0.025383707201889
E637_1661	18.094992	-2.102524	0.9793388429752066
E832_1042	7.1023197	-5.315272	0.6139315230224321
E431_124	-16.430477	15.009849	0.0720188902007083
E281_133	-17.504175	14.320878	0.0773317591499409
E853_1629	17.036991	-3.852863	0.960448642266824
E978_1515	17.140795	-2.8374712	0.8931523022432113
E491_1010	13.128039	-2.393541	0.5950413223140496
E709_1150	16.48352	0.5010296	0.6776859504132231
E599_790	-9.915429	-3.8374686	0.4651711924439197
E218_185	-16.775003	10.922659	0.1080283353010625
E564_908	1.2730228	-5.4734564	0.5348288075560803
E598_543	-15.219642	-0.10685601	0.319362455726092
E708_837	-6.5315013	-5.925449	0.4929161747343565
E62_737	-9.442648	-5.326107	0.4338842975206611
E202_989	7.2059064	-5.151894	0.5826446280991735
E196_419	-16.02416	2.9993865	0.2461629279811098
E72_1464	16.683496	1.0542924	0.8630460448642266
E384_664	-10.317118	-5.651098	0.3907910271546635
E61_667	-7.324801	-6.482633	0.3925619834710744
E337_1289	10.581548	-15.886474	0.7597402597402597
E26_1635	18.379883	0.6128245	0.9639905548996458
E313_274	-16.684412	15.687688	0.1605667060212514
E409_336	-16.933674	8.498259	0.1971664698937426
E834_98	-16.588951	17.588865	0.0566706021251475
E427_699	-6.3234367	-5.775741	0.4114521841794569
E910_1191	9.343593	-15.381605	0.7018890200708382
E579_24	-16.756538	19.032137	0.0129870129870129
E894_126	-17.087646	16.722185	0.0731995277449822
E274_529	-16.114906	1.5421166	0.3110979929161747
E645_339	-16.59317	2.733216	0.1989374262101534
E844_760	-7.1698565	-5.8297563	0.4474616292798111
E144_1249	15.695201	-0.47806403	0.7361275088547816
E836_301	-17.012644	7.796507	0.1765053128689492
E677_266	-16.750874	8.109401	0.1558441558441558
E79_70	-17.30529	17.576715	0.0401416765053128
E238_827	-2.0865629	-6.1389694	0.487012987012987
E795_1015	-2.3113008	-5.612581	0.5979929161747344
E288_1596	17.66306	-3.6241212	0.9409681227863046
E996_722	-12.3755245	-2.6759157	0.4250295159386068
E32_1644	18.619812	0.12742598	0.9693034238488784
E416_115	-17.231468	16.426617	0.0667060212514758
E158_699	-6.403813	-5.4783373	0.4114521841794569
E991_823	1.2373794	-6.4157925	0.4846517119244392
E360_976	3.2430315	-5.7364893	0.5749704840613932
E93_570	-12.40711	-2.4040847	0.3353010625737898
E149_1557	16.599377	-0.21543895	0.9179456906729634
E822_799	-5.5907226	-5.8940597	0.4704840613931523
E984_877	-3.1315334	-6.7372284	0.5165289256198347
E559_1658	10.577943	-15.21888	0.9775678866587958
E429_56	-17.432636	17.629053	0.0318772136953955
E754_454	-14.452985	-0.3129824	0.2668240850059032
E768_134	-16.680685	14.164302	0.0779220779220779
E517_1183	10.854482	-3.2654004	0.6971664698937426
E804_169	-16.992617	13.630547	0.0985832349468713
E710_1055	16.86383	-2.9135668	0.6216056670602125
E417_1654	16.456877	-1.9985121	0.975206611570248
E298_720	-9.29974	-4.6870165	0.4238488783943329
E846_667	-12.323399	-1.9441714	0.3925619834710744
E426_477	-13.933023	-0.87269557	0.2804014167650531
E623_1505	16.350271	-0.8615718	0.8872491145218417
E373_1503	18.233803	-2.242813	0.8860684769775679
E698_1650	17.703783	-2.5304804	0.9728453364817
E68_601	-14.45642	-0.64046663	0.3536009445100354
E848_998	-1.8375379	-6.7887526	0.5879574970484062
E478_1375	18.217857	-3.505929	0.8105076741440378
E440_1616	15.64944	-2.1889815	0.9527744982290436
E212_1234	11.221359	-3.027395	0.7272727272727273
E2_585	-10.481534	-4.1188664	0.3441558441558441
E639_509	-15.432129	1.3096215	0.2992916174734356
E394_1681	16.55819	-0.942233	0.9911452184179456
E656_1307	18.381704	-4.0610433	0.7703659976387249
E396_388	-16.94884	7.0115204	0.2278630460448642
E803_482	-14.221843	-0.11275455	0.2833530106257379
E39_1622	11.183743	-15.781588	0.9563164108618654
E393_267	-17.204834	13.076118	0.1564344746162927
E44_536	-14.029636	-0.8495283	0.3152302243211334
E214_53	-17.216722	18.562338	0.0301062573789846
E527_849	5.859723	-4.897265	0.5
E267_1297	9.599444	-15.296831	0.7644628099173554
E849_394	-16.683762	2.495421	0.2314049586776859
E622_299	-17.070902	7.6731777	0.1753246753246753
E229_492	-17.140585	2.852506	0.2892561983471074
E233_354	-17.016724	2.9852488	0.2077922077922078
E776_1058	10.225928	-3.9275658	0.6233766233766234
E815_810	0.71121275	-5.936342	0.4769775678866588
E783_424	-16.61637	4.948575	0.2491145218417945
E975_1678	16.920053	-3.7732081	0.9893742621015348
E472_852	1.5095544	-5.891418	0.5017709563164109
E419_655	-9.741542	-4.1174183	0.3854781582054309
E823_1495	9.010768	-15.186028	0.8813459268004723
E137_989	10.956906	-14.476997	0.5826446280991735
E549_230	-17.720465	10.704256	0.1345926800472255
E346_1553	19.085482	-2.341261	0.9155844155844156
E270_325	-15.966701	2.2467132	0.1906729634002361
E155_1010	12.446668	-2.905785	0.5950413223140496
E824_512	-14.744523	0.101533875	0.3010625737898465
E250_1690	17.699553	1.2123868	0.9964580873671782
E88_1010	2.92011	-5.5708117	0.5950413223140496
E764_433	-17.57208	7.5085974	0.2544273907910271
E49_1490	18.010859	-1.1431823	0.8783943329397875
E664_1186	10.778999	-4.359215	0.6989374262101535
E659_267	-17.028036	7.258752	0.1564344746162927
E644_736	-9.199974	-4.8297663	0.4332939787485242
E448_1633	15.891361	-0.5753617	0.962809917355372
E122_1014	1.7491323	-5.594767	0.5974025974025974
E205_636	-10.179438	-4.3534703	0.3742621015348288
E167_1319	11.550547	-16.502644	0.7774498229043684
E655_896	-6.6965404	-6.6780562	0.5277449822904369
E924_374	-16.224022	1.7367895	0.2195985832349468
E999_767	-6.1990995	-5.769513	0.4515938606847697
E539_1014	17.744764	-4.261109	0.5974025974025974
E749_445	-15.873993	2.6581109	0.2615112160566706
E562_1634	18.894596	-2.3686035	0.9634002361275088
E99_174	-17.428278	16.55175	0.101534828807556
E51_1527	9.277099	-15.768052	0.9002361275088547
E864_1216	11.69309	-4.4890122	0.7166469893742621
E510_766	-0.8032161	-5.883353	0.4510035419126328
E968_969	0.13848023	-5.184366	0.5708382526564345
E667_104	-17.381062	15.622177	0.0602125147579693
E376_1163	11.851058	-2.932146	0.6853600944510035
E303_1661	17.554695	-1.6086707	0.9793388429752066
E310_1069	6.5998487	-5.4378448	0.6298701298701299
E487_1401	20.51684	-2.1602669	0.8258559622195986
E847_1233	16.330584	-1.0538677	0.7266824085005903
E553_696	-5.810166	-5.8999815	0.409681227863046
E958_205	-16.906418	10.522806	0.1198347107438016
E534_1145	10.785761	-4.433772	0.6747343565525383
E412_956	7.628711	-4.7499394	0.5631641086186541
E327_339	-16.66351	8.193356	0.1989374262101534
E506_367	-17.437487	7.751345	0.2154663518299882
E986_29	-17.220726	18.393824	0.0159386068476977
E700_1515	16.772324	-0.025853824	0.8931523022432113
E771_138	-17.276686	14.383378	0.0802833530106257
E465_1174	15.363752	0.044283982	0.69185360094451
E998_720	10.807402	-3.025275	0.4238488783943329
E959_155	-17.13758	13.801972	0.0903187721369539
E318_1103	6.955501	-5.150119	0.6499409681227863
E361_1601	15.495882	-2.4992933	0.9439197166469894
E358_242	-16.493387	10.2029505	0.1416765053128689
E809_1383	14.435218	-0.4655392	0.8152302243211335
E249_1022	0.3475083	-6.060302	0.602125147579693
E729_1269	18.369936	0.43065912	0.7479338842975206
E441_1570	10.237988	-16.615091	0.9256198347107438
E312_1520	18.142471	-4.030093	0.8961038961038961
E979_861	2.9167285	-5.7361774	0.5070838252656434
E449_1107	18.403585	1.5381973	0.6523022432113341
E917_1534	10.46325	-16.461596	0.9043683589138136
E758_1077	5.7305512	-4.8664	0.6345926800472255
E732_1006	6.86367	-5.903962	0.5926800472255017
E220_870	-1.3271197	-5.789275	0.512396694214876
E683_1620	15.889506	-2.4068356	0.9551357733175916
E736_796	-7.300338	-5.802182	0.4687131050767414
E264_274	-17.414572	11.836749	0.1605667060212514
E660_870	1.5739478	-5.465914	0.512396694214876
E52_1092	11.057949	-3.2947676	0.6434474616292798
E154_772	-10.021353	-4.9353113	0.4545454545454545
E142_269	-17.523504	10.554106	0.1576151121605667
E224_412	-16.791536	7.274402	0.2420306965761511
E942_92	-17.35965	16.923046	0.0531286894923258
E169_534	-13.40668	-0.7482657	0.3140495867768595
E255_1148	11.736765	-3.0815492	0.6765053128689492
E326_768	-1.837855	-5.6143246	0.4521841794569067
E428_1212	20.51685	-3.2748191	0.7142857142857143
E613_986	-3.789918	-6.3827004	0.5808736717827627
E354_1075	11.639324	-3.231935	0.6334120425029516
E737_1063	8.83477	-15.222689	0.6263282172373081
E625_766	-2.737738	-6.0782695	0.4510035419126328
E371_264	-17.41656	8.965903	0.1546635182998819
E652_536	-16.57443	3.4576025	0.3152302243211334
E200_1017	5.9847503	-5.049752	0.5991735537190083
E333_1313	9.421572	-15.9869585	0.7739079102715466
E245_1472	16.491814	-1.5339725	0.8677685950413223
E867_1266	15.521273	-2.112824	0.7461629279811098
E343_377	-17.674532	9.864843	0.2213695395513577
E236_1482	18.532335	-2.0383744	0.8736717827626919
E325_31	-16.672644	17.410454	0.0171192443919716
E538_1542	18.614016	-1.7037474	0.9090909090909092
E319_111	-16.308033	16.638193	0.0643447461629279
E537_447	-16.366331	4.037882	0.2626918536009445
E230_6	-16.3439	19.502121	0.0023612750885478
E464_350	-17.156637	7.376818	0.2054309327036599
E971_1177	9.641302	-3.7236779	0.6936245572609209
E152_408	-17.019566	3.6435676	0.2396694214876033
E838_667	-12.767909	-1.9557252	0.3925619834710744
E930_167	-16.401558	14.560623	0.0974025974025974
E755_238	-16.950592	10.614974	0.1393152302243211
E232_371	-16.91621	3.755295	0.217827626918536
E78_1682	10.069959	-15.2384615	0.9917355371900828
E603_904	-5.945841	-6.276654	0.5324675324675324
E9_982	0.9229796	-5.6440907	0.5785123966942148
E55_397	-17.34699	8.685577	0.2331759149940968
E115_829	-6.030041	-6.458152	0.4881936245572609
E711_605	-14.498904	0.57746226	0.3559622195985832
E896_1638	9.59864	-16.035086	0.9657615112160568
E633_103	-17.073013	16.584913	0.0596221959858323
E430_78	-17.164581	17.296328	0.0448642266824085
E865_299	-17.119202	9.601124	0.1753246753246753
E972_574	-13.364694	-0.9123023	0.3376623376623376
E156_678	-9.467532	-4.21702	0.3990554899645809
E269_817	-7.8472443	-5.929185	0.4811097992916174
E362_14	-16.502022	18.913801	0.0070838252656434
E773_57	-17.278736	18.319136	0.0324675324675324
E961_1673	19.72731	0.36856747	0.98642266824085
E175_1325	9.751969	-16.02295	0.78099173553719
E810_1535	17.094925	-0.89310515	0.9049586776859504
E870_1650	16.440231	-4.3712344	0.9728453364817
E290_693	-13.132251	-1.9952633	0.4079102715466352
E705_1356	15.721137	-3.1429062	0.7992916174734357
E368_1013	17.703138	-2.5361571	0.5968122786304605
E726_952	2.492987	-5.493287	0.5608028335301063
E33_462	-16.19062	1.9611574	0.2715466351829988
E821_771	-6.6057553	-6.2040987	0.4539551357733176
E341_389	-16.875854	2.7454338	0.2284533648170011
E887_382	-16.492086	7.377327	0.2243211334120425
E331_1664	19.147182	1.0836302	0.9811097992916176
E151_293	-16.870066	7.4744406	0.1717827626918536
E181_1129	18.980999	1.1208398	0.6652892561983471
E684_1434	19.162392	0.31440556	0.8453364817001181
E567_1047	6.1683116	-5.284326	0.6168831168831169
E657_441	-17.399073	6.047157	0.2591499409681227
E260_1147	16.970604	-4.949897	0.6759149940968123
E666_968	1.6864667	-6.831776	0.5702479338842975
E879_527	-11.89655	-2.09559	0.3099173553719008
E162_307	-17.89247	11.397627	0.1800472255017709
E585_1678	17.528185	-3.1493301	0.9893742621015348
E476_140	-16.285221	14.915954	0.0814639905548996
E970_18	-17.712517	18.234013	0.0094451003541912
E146_810	-8.168678	-5.425916	0.4769775678866588
E751_1125	11.935409	-2.9284651	0.6629279811097993
E944_21	-16.805473	19.110842	0.0112160566706021
E817_417	-16.046844	3.394441	0.2449822904368359
E263_1281	17.010738	-3.427085	0.7550177095631642
E960_1277	10.880813	-16.505348	0.7526564344746163
E299_1171	16.057302	-1.4710332	0.6900826446280992
E574_926	6.454884	-4.028908	0.5454545454545454
E738_1027	18.965557	-2.1617837	0.6050767414403778
E138_10	-16.985157	18.95662	0.0047225501770956
E837_1254	17.99529	-4.0002017	0.7390791027154664
E372_818	-1.7780808	-6.467298	0.4817001180637544
E336_527	-15.170998	0.9853831	0.3099173553719008
E899_1656	18.002022	-0.9383191	0.9763872491145218
E92_409	-17.000778	7.652149	0.2402597402597402
E743_1524	10.215867	-15.686091	0.898465171192444
E348_819	-6.6045656	-6.539579	0.4822904368358914
E141_768	-2.938912	-6.8210516	0.4521841794569067
E349_876	-1.1074675	-6.8400426	0.5159386068476978
E292_1422	15.214037	0.27947113	0.8382526564344747
E699_1000	-0.57064474	-5.5422454	0.58913813459268
E571_1194	7.9711523	-5.101988	0.7036599763872491
E524_1281	17.042915	1.1189352	0.7550177095631642
E653_1640	17.55314	-3.8965998	0.9669421487603306
E750_400	-17.25719	7.1386757	0.2349468713105076
E882_246	-17.59176	10.776323	0.1440377804014167
E827_304	-17.641106	7.2907763	0.1782762691853601
E387_142	-16.549534	17.687967	0.0826446280991735
E560_959	0.008058833	-5.23665	0.564935064935065
E733_234	-17.358187	10.259296	0.1369539551357733
E509_1677	10.899922	-16.409622	0.988783943329398
E363_457	-16.49548	3.6207478	0.268595041322314
E566_1374	10.462965	-15.8217535	0.8099173553719008
E814_1026	6.7086134	-5.482212	0.6044864226682408
E471_47	-17.869692	17.991467	0.0265643447461629
E721_152	-17.511007	14.183243	0.0885478158205431
E131_1018	6.316239	-5.495348	0.5997638724911453
E707_1618	10.108971	-16.422619	0.9539551357733176
E530_67	-17.115183	18.035936	0.038370720188902
E174_30	-17.144817	18.92281	0.0165289256198347
E183_159	-17.041267	10.785239	0.0926800472255017
E117_1323	17.880644	-3.388316	0.7798110979929161
E317_1174	15.688574	-3.194421	0.69185360094451
E900_285	-17.076885	9.714998	0.1670602125147579
E166_1198	18.071407	-5.366079	0.706021251475797
E843_1151	11.793612	-16.177174	0.6782762691853601
E974_189	-17.06899	12.23538	0.1103896103896103
E284_1385	9.620916	-15.15428	0.8164108618654073
E95_1124	15.383633	-0.15906921	0.6623376623376623
E342_845	-1.3899013	-6.1553197	0.4976387249114521
E668_1506	9.777531	-15.211759	0.8878394332939787
E962_1284	20.013628	-2.705049	0.7567886658795749
E283_861	1.0270988	-6.255476	0.5070838252656434
E268_1114	11.311922	-15.566112	0.6564344746162928
E276_149	-16.803658	15.113137	0.0867768595041322
E597_490	-14.520364	0.82922214	0.2880755608028335
E85_615	-9.109324	-4.566632	0.3618654073199527
E629_1039	17.316536	-4.4084034	0.6121605667060213
E855_295	-16.772453	11.113057	0.1729634002361275
E83_37	-17.93474	17.693129	0.0206611570247933
E545_178	-16.696737	14.228628	0.1038961038961039
E403_1248	18.565739	-2.9565873	0.7355371900826446
E876_200	-17.514381	11.041951	0.1168831168831168
E905_902	0.5206706	-5.85881	0.5312868949232585
E486_1002	-2.5877206	-6.7527795	0.5903187721369539
E586_530	-14.742811	0.2860049	0.3116883116883117
E366_806	-6.158805	-6.1439776	0.4746162927981109
E38_1230	18.590874	-3.6619864	0.7249114521841794
E647_1686	10.455551	-16.448208	0.9940968122786304
E247_1025	7.7791557	-4.8151317	0.6038961038961039
E231_1616	15.259934	-0.20884366	0.9527744982290436
E570_307	-16.492163	9.376816	0.1800472255017709
E159_631	-9.713793	-5.89264	0.371310507674144
E392_956	0.8994535	-5.871387	0.5631641086186541
E568_1461	9.427432	-16.008007	0.8612750885478159
E48_1310	10.696315	-15.132271	0.7721369539551358
E569_775	-6.444203	-6.493351	0.4563164108618654
E514_1074	19.359903	0.99303573	0.6328217237308147
E114_743	-5.844939	-6.0620346	0.4374262101534829
E503_237	-17.30635	11.464195	0.1387249114521841
E985_1621	18.431427	0.65169173	0.9557260920897284
E763_588	-15.72947	-0.15157829	0.345926800472255
E87_18	-16.92611	18.977512	0.0094451003541912
E907_413	-15.835856	2.6492188	0.2426210153482881
E785_844	-1.4309419	-6.52852	0.4970484061393152
E211_330	-17.036798	7.1727386	0.1936245572609209
E134_1048	5.6262665	-5.323706	0.6174734356552538
E226_1589	19.45736	0.7405456	0.936835891381346
E133_942	5.6631613	-5.553035	0.5548996458087367
E516_1300	15.566036	-3.9538484	0.7662337662337663
E869_978	-0.8671477	-6.5085473	0.5761511216056671
E377_520	-15.73485	2.3290722	0.3057851239669421
E112_289	-16.790043	7.170049	0.1694214876033057
E481_1053	6.198684	-4.415617	0.6204250295159386
E740_1465	9.523549	-16.019552	0.8636363636363636
E688_525	-14.973572	0.03986268	0.3087367178276269
E602_1578	17.392103	-2.4028707	0.9303423848878394
E871_2	-16.30383	19.666767	0.0
E648_65	-16.529125	17.460543	0.0371900826446281
E468_629	-12.595005	-1.6708806	0.3701298701298701
E182_388	-16.737385	6.8216453	0.2278630460448642
E435_80	-16.77164	17.135471	0.0460448642266824
E451_69	-17.45952	17.443027	0.0395513577331759
E983_602	-8.6829815	-4.7757516	0.3541912632821724
E831_995	6.553016	-4.908801	0.5861865407319953
E497_1626	17.01265	-2.8650763	0.9586776859504132
E770_584	-12.817477	-1.9751939	0.3435655253837072
E796_710	-10.105732	-4.3980646	0.4179456906729634
E939_1131	10.964439	-3.5437336	0.666469893742621
E798_845	-3.520865	-6.3723927	0.4976387249114521
E223_843	-1.3516105	-6.8093123	0.4964580873671783
E646_578	-14.634273	0.4083904	0.3400236127508855
E390_1196	19.37043	-1.1883314	0.704840613931523
E420_1360	11.289325	-13.739252	0.8016528925619835
E369_590	-14.707065	-0.6462876	0.3471074380165289
E862_1005	0.6668757	-5.4341335	0.5920897284533648
E58_1401	16.224304	0.089957505	0.8258559622195986
E875_246	-17.333338	10.778795	0.1440377804014167
E56_1498	-17.032684	12.173782	0.8831168831168831
E206_382	-16.70144	7.0389957	0.2243211334120425
E113_933	6.387852	-5.2767687	0.5495867768595041
E454_1587	16.34591	0.8388584	0.935655253837072
E895_105	-16.97425	16.560488	0.0608028335301062
E461_321	-17.20495	6.7836967	0.1883116883116883
E395_679	-8.751844	-5.2405734	0.3996458087367178
E102_206	-16.464178	13.909284	0.1204250295159386
E903_668	-9.020044	-4.541233	0.3931523022432113
E580_1626	18.282272	0.654891	0.9586776859504132
E628_907	-3.06724	-6.3223495	0.5342384887839433
E787_346	-16.77122	7.95275	0.2030696576151121
E916_570	-14.61026	-0.947087	0.3353010625737898
E75_1614	11.319861	-16.454477	0.9515938606847698
E252_253	-17.720064	11.11922	0.1481700118063754
E357_1684	16.817972	-1.8447018	0.9929161747343566
E932_1464	10.575551	-15.338665	0.8630460448642266
E840_988	1.1057017	-5.7897754	0.5820543093270366
E967_363	-17.617657	7.365512	0.2131050767414403
E466_726	-12.412535	-2.449037	0.4273907910271546
E7_1622	10.005724	-15.124591	0.9563164108618654
E694_827	-1.9529767	-7.10087	0.487012987012987
E860_492	-14.204568	-1.0217597	0.2892561983471074
E918_988	2.1221232	-6.27324	0.5820543093270366
E679_1161	7.601808	-5.103709	0.6841794569067297
E228_102	-16.94776	17.430574	0.0590318772136954
E816_1162	0.770661	-7.3050685	0.6847697756788665
E565_802	7.076899	-5.2158895	0.4722550177095632
E606_46	-17.34586	18.407305	0.0259740259740259
E60_1641	10.141534	-15.526793	0.9675324675324676
E786_370	-15.691992	3.6555533	0.217237308146399
E682_722	-2.423797	-7.8649473	0.4250295159386068
E275_1438	16.939255	-1.2446173	0.8476977567886659
E581_677	-10.899276	-3.855258	0.3984651711924439
E314_1475	9.276144	-15.764452	0.8695395513577332
E693_417	-16.20484	2.4401934	0.2449822904368359
E760_640	-13.715377	-0.12995559	0.3766233766233766
E829_1285	17.098854	-3.1466923	0.7573789846517119
E64_767	-1.7450441	-6.4507704	0.4515938606847697
E851_1036	3.86013	-5.704139	0.6103896103896104
E702_865	7.0116057	-5.256856	0.5094451003541912
E508_1605	10.769129	-16.435806	0.9462809917355371
E251_305	-17.117731	6.5365915	0.178866587957497
E467_175	-17.839575	12.487452	0.102125147579693
E935_1095	10.513914	-3.5615838	0.6452184179456907
E19_732	-8.628343	-5.989729	0.4309327036599764
E735_493	-16.377811	3.1945734	0.2898465171192444
E612_805	1.2323385	-5.220679	0.474025974025974
E901_1008	5.674205	-5.3754196	0.5938606847697757
E696_1144	10.569122	-4.128569	0.6741440377804014
E3_1213	10.395759	-4.112102	0.7148760330578512
E859_997	11.196104	-3.8407242	0.5873671782762692
E187_1260	12.293954	-3.083828	0.7426210153482881
E253_209	-17.225183	11.85672	0.1221959858323494
E523_151	-16.241405	14.263953	0.0879574970484061
E192_1043	10.635283	-3.309288	0.614521841794569
E198_607	-14.395533	-0.45815474	0.3571428571428571
E28_314	-17.502445	8.392955	0.1841794569067296
E914_1519	18.629778	-1.6272354	0.8955135773317592
E928_413	-17.345102	8.560014	0.2426210153482881
E665_332	-17.395458	7.6029587	0.1948051948051948
E724_615	-14.135636	0.01976756	0.3618654073199527
E473_196	-17.00774	10.914404	0.114521841794569
E217_7	-16.44897	19.203897	0.0029515938606847
E386_1536	18.108646	-3.5082178	0.9055489964580874
E69_676	-6.949014	-6.318194	0.3978748524203069
E433_477	-15.908672	2.3949513	0.2804014167650531
E692_869	-8.869839	-4.788828	0.5118063754427391
E618_966	-1.827695	-6.055764	0.5690672963400236
E717_1200	17.63599	0.3887489	0.7072018890200709
E511_1467	11.175369	-16.432753	0.8648170011806375
E188_1696	8.9711895	-15.302388	1.0
E973_96	-16.970114	17.900986	0.0554899645808736
E858_703	-9.178648	-4.23848	0.4138134592680047
E496_1501	18.517157	0.57034636	0.884887839433294
E687_1204	11.6939945	-16.237968	0.7095631641086186
E1_1228	18.393953	-4.448038	0.7237308146399055
E244_1216	16.434004	0.8432251	0.7166469893742621
E557_979	5.399586	-5.083701	0.5767414403778041
E854_1112	9.768186	-3.7240925	0.6552538370720189
E716_1674	17.47909	-2.7029896	0.987012987012987
E50_932	1.390975	-5.4753704	0.5489964580873672
E304_1545	-16.133167	7.834067	0.91086186540732
E654_686	-11.373977	-3.4763079	0.4037780401416765
E957_85	-17.791407	14.87961	0.0489964580873671
E413_957	-1.590441	-6.1709948	0.5637544273907911
E551_191	-17.247267	12.105186	0.1115702479338843
E18_911	-0.41214266	-5.6470737	0.5365997638724912
E552_493	-14.597023	1.7030944	0.2898465171192444
E609_885	0.94959235	-5.159216	0.5212514757969303
E225_1681	15.686184	-1.3396138	0.9911452184179456
E145_644	-9.063232	-4.2698846	0.3789846517119244
E24_1348	15.850997	0.44586834	0.79456906729634
E620_156	-16.494678	14.852597	0.0909090909090909
E482_1182	11.109433	-15.556222	0.6965761511216056
E248_1387	18.890423	-1.402721	0.8175914994096812
E663_608	-12.956196	-2.7403932	0.3577331759149941
E661_942	1.2636898	-5.458101	0.5548996458087367
E589_1695	10.360101	-16.492117	0.999409681227863
E305_1483	16.163082	-1.6251794	0.8742621015348289
E774_124	-17.104746	15.36707	0.0720188902007083
E414_622	-13.077154	-1.7858641	0.3659976387249115
E604_1015	6.6922684	-4.9152646	0.5979929161747344
E548_1159	11.167505	-3.4190557	0.6829988193624558
E5_1246	10.894287	-14.930152	0.7343565525383707
E436_1346	19.717117	-3.0153124	0.7933884297520661
E963_371	-16.365494	7.4378157	0.217827626918536
E757_374	-16.621716	8.591428	0.2195985832349468
E948_1660	16.189318	-0.3763929	0.9787485242030696
E727_866	6.7563267	-4.679035	0.5100354191263282
E364_175	-17.599947	15.547194	0.102125147579693
E176_1685	-17.415344	13.732226	0.9935064935064936
E752_1607	16.09793	-0.31058347	0.9474616292798111
E70_1300	20.392439	-3.2475307	0.7662337662337663
E195_892	6.8935304	-4.7572227	0.525383707201889
E73_793	-6.6607647	-5.613485	0.4669421487603306
E987_1499	19.322035	-3.177764	0.8837072018890201
E619_79	-17.871552	17.401804	0.0454545454545454
E8_724	-2.1090662	-6.4140882	0.4262101534828807
E772_170	-17.258326	14.228761	0.0991735537190082
E575_1398	17.623499	-3.8349268	0.8240850059031877
E401_1405	19.540482	1.3979225	0.8282172373081464
E498_934	1.876547	-6.626468	0.5501770956316411
E194_1390	11.216833	-15.810483	0.8193624557260921
E36_165	-17.48388	13.875585	0.0962219598583234
E765_1353	9.656527	-15.1600275	0.7975206611570248
E215_1626	-17.029564	18.747824	0.9586776859504132
E322_480	-15.405845	0.60583293	0.282172373081464
E237_1398	18.945892	-3.2159498	0.8240850059031877
E489_903	-9.305221	-5.640958	0.5318772136953955
E410_885	0.5303633	-6.0124254	0.5212514757969303
E12_1223	18.986795	-1.6069152	0.7207792207792207
E997_1670	19.412638	1.2643981	0.9846517119244392
E474_671	-8.749057	-5.3470855	0.3949232585596222
E165_881	-2.4032242	-6.4209695	0.5188902007083825
E739_814	-8.336892	-5.4834347	0.4793388429752066
E479_616	-12.498373	-2.0287914	0.3624557260920897
E636_165	-17.109467	15.387663	0.0962219598583234
E642_1537	18.05545	-1.2649062	0.9061393152302244
E13_389	-16.092148	2.9157884	0.2284533648170011
E71_1467	9.5807905	-15.105821	0.8648170011806375
E239_372	-15.33905	2.4584637	0.2184179456906729
E828_475	-16.21736	2.468061	0.2792207792207792
E880_198	-16.61292	13.03302	0.1157024793388429
E919_5	-16.589354	19.292522	0.0017709563164108
E266_215	-17.401155	9.986736	0.1257378984651712
E277_1522	17.492598	-1.0297165	0.89728453364817
E103_1304	8.573413	-14.761831	0.768595041322314
E680_778	-10.675985	-5.2224493	0.4580873671782762
E460_19	-16.35537	19.399958	0.0100354191263282
E135_1376	9.409421	-15.946748	0.8110979929161747
E485_1405	11.10545	-16.24694	0.8282172373081464
E378_51	-17.64433	18.420706	0.0289256198347107
E528_570	-14.030888	-0.5454118	0.3353010625737898
E923_910	-1.9780151	-6.3649592	0.5360094451003542
E400_398	-16.751413	3.074614	0.2337662337662337
E272_527	-12.298215	-3.3629124	0.3099173553719008
E46_1429	19.321651	-2.0198975	0.8423848878394333
E902_160	-16.308357	15.12959	0.0932703659976387
E63_1093	11.017762	-14.573471	0.6440377804014168
E863_73	-16.119894	17.802256	0.0419126328217237
E280_898	-0.88914216	-5.675797	0.5289256198347108
E842_905	-1.3239285	-5.7633834	0.5330578512396694
E937_1057	16.460579	-5.310012	0.6227863046044865
E953_35	-17.372814	18.139141	0.0194805194805194
E955_1319	19.062307	-1.8734616	0.7774498229043684
E294_99	-16.919737	16.508228	0.0572609208972845
E285_1212	15.819352	-3.5240102	0.7142857142857143
E780_1399	18.155983	-2.2627373	0.8246753246753247
E499_682	-9.902141	-5.5863414	0.4014167650531287
E556_436	-16.787178	3.247381	0.256198347107438
E295_889	-0.15809293	-5.636927	0.5236127508854782
E161_659	-14.843395	-0.3391525	0.3878394332939787
E988_809	-9.460913	-4.6562424	0.4763872491145218
E209_1445	10.164238	-15.613342	0.8518299881936245
E802_1655	9.232111	-15.590661	0.9757969303423848
E893_1349	9.626408	-16.042444	0.795159386068477
E825_1451	17.81132	-2.7018282	0.8553719008264463
E742_1585	18.955015	-1.3762475	0.9344746162927982
E143_1177	5.1388054	-5.453048	0.6936245572609209
E906_274	-16.79762	10.651808	0.1605667060212514
E884_29	-17.240927	17.59038	0.0159386068476977
E4_111	-17.402435	15.672076	0.0643447461629279
E839_1247	17.196266	0.58953035	0.7349468713105076
E965_1284	10.588085	-15.8558235	0.7567886658795749
E27_1132	19.736609	-3.3160167	0.667060212514758
E219_1039	16.307833	-5.307702	0.6121605667060213
E890_1181	14.94878	-2.7494502	0.6959858323494688
E383_1501	17.66846	-0.44521943	0.884887839433294
E65_370	-16.27318	4.2045026	0.217237308146399
E989_1635	11.130347	-15.62906	0.9639905548996458
E584_1528	9.998111	-15.63895	0.9008264462809916
E96_904	3.1830363	-5.558599	0.5324675324675324
E271_1053	10.643439	-15.332029	0.6204250295159386
E379_56	-17.056341	17.661785	0.0318772136953955
E334_1564	19.246853	-0.25832608	0.922077922077922
E242_1090	9.022236	-15.398731	0.6422668240850059
E807_491	-16.477415	2.4164305	0.2886658795749705
E715_791	-9.6786995	-4.9917235	0.4657615112160567
E388_972	-4.801322	-6.5029984	0.5726092089728453
E163_689	-10.030245	-3.8032122	0.4055489964580873
E531_434	-16.125824	3.7737105	0.2550177095631641
E116_1008	5.3736935	-5.357035	0.5938606847697757
E614_1015	6.3050694	-5.098652	0.5979929161747344
E457_1124	18.866089	0.57511914	0.6623376623376623
E289_260	-17.417233	11.922292	0.1523022432113341
E706_998	6.336684	-5.26533	0.5879574970484062
E943_12	-17.119894	18.704704	0.0059031877213695
E966_1683	20.150997	-2.7998092	0.9923258559622196
E544_1397	18.149292	0.054754447	0.8234946871310508
E909_476	-16.703442	4.7349863	0.2798110979929162
E587_793	-10.403331	-4.8910604	0.4669421487603306
E104_677	-5.836325	-6.1935277	0.3984651711924439
E307_1595	10.089275	-16.384851	0.9403778040141676
E437_412	-16.975557	3.324918	0.2420306965761511
E690_183	-17.482676	12.98741	0.1068476977567886
E22_98	-16.305412	17.33548	0.0566706021251475
E540_399	-14.879807	0.3569392	0.2343565525383707
E261_943	-2.2703412	-6.3914514	0.5554899645808736
E447_203	-17.089811	11.88912	0.1186540731995277
E297_774	-8.296326	-5.49794	0.4557260920897285
E332_752	-2.673121	-7.0376587	0.4427390791027155
E492_532	-15.241115	0.3176652	0.3128689492325855
E258_747	-6.708161	-7.075302	0.4397874852420307
E748_1334	10.470642	-15.819029	0.7863046044864227
E43_256	-17.428026	11.004104	0.1499409681227863
E779_669	-13.570711	-2.0302386	0.3937426210153483
E634_1692	16.119574	-2.98464	0.9976387249114522
E397_761	-9.552357	-5.484626	0.448051948051948
E178_497	-15.1475525	0.9187216	0.2922077922077922
E185_1191	19.96251	-1.885895	0.7018890200708382
E0_1659	16.302881	-1.4498768	0.9781582054309328
E525_651	-10.016005	-3.8664122	0.3831168831168831
E391_557	-15.131854	-0.79306585	0.3276269185360094
E105_142	-17.460644	17.062357	0.0826446280991735
E554_202	-16.750513	13.585093	0.1180637544273908
E235_199	-16.983828	12.508042	0.1162927981109799
E320_1261	17.620455	-2.1503441	0.7432113341204251
E872_596	-11.930115	-2.8407793	0.3506493506493506
E691_774	-2.5731087	-7.000376	0.4557260920897285
E470_700	-10.554499	-5.142029	0.4120425029515938
E573_812	-2.0257318	-7.2269235	0.4781582054309327
E535_669	-10.638936	-4.668244	0.3937426210153483
E335_692	-7.44347	-5.2381783	0.4073199527744982
E351_4	-16.347628	19.604124	0.0011806375442739
E990_1334	17.604322	-3.843567	0.7863046044864227
E296_978	19.13461	-0.46190226	0.5761511216056671
E456_619	-9.0993	-4.196519	0.3642266824085006
E643_1063	6.517311	-4.9519744	0.6263282172373081
E20_1527	16.008732	-3.1227708	0.9002361275088547
E662_862	-3.1054149	-6.3294516	0.5076741440377804
E805_625	-12.091888	-2.7931619	0.3677685950413223
E213_1231	12.246134	-2.534493	0.7255017709563164
E203_203	-17.037996	14.078671	0.1186540731995277
E799_678	-12.973684	-2.811461	0.3990554899645809
E950_9	-16.468126	19.032598	0.0041322314049586
E769_827	1.0152882	-5.4301276	0.487012987012987
E594_935	5.7543383	-5.573875	0.5507674144037781
E127_997	9.6802225	-3.9385455	0.5873671782762692
E265_62	-17.382986	18.469519	0.0354191263282172
E80_1371	10.415132	-16.383188	0.80814639905549
E982_920	0.59299076	-5.3109508	0.5419126328217237
E723_1464	11.339784	-15.832514	0.8630460448642266
