1.1050872,0.11371093,0.0019335593,0.0047437744,0.009007812,0.015930649,0.0051387097,0.19253759
1.2111921,0.11582384,0.0017376379,0.0070127337,0.01969378,0.01,0.0019881192,0.20311281
1.1316844,0.24175377,0.0046766656,0.00018031446,0.021817189,0.035666093,0.008445821,0.40012833
1.1470793,0.27224383,0.020314539,0.014656787,0.0066489535,0.0054577477,0.019688813,0.38781676
1.4177192,0.2597546,0.019919027,0.0058921524,0.029834341,0.012245609,9.2252616e-05,0.6950641
1.462894,0.011448654,0.010349913,1.1177518,0.5050311,0.27900523,0.01765134,1.457425
1.4935278,0.26934668,0.05625084,0.0047262926,0.00016106988,0.022004277,0.024308309,0.6647728
1.5095541,0.29723957,0.008271139,0.0064570573,0.007675402,0.0027842936,0.027829248,0.6759089
1.3922292,0.6113732,0.008105169,0.005305936,0.028142236,0.0034878855,0.005043266,0.8810029
1.5187917,0.5782726,0.014396048,0.00223078,0.024184525,0.0055492693,0.014572753,0.8205282
1.467415,0.47030345,0.011076099,0.003650547,0.0029598551,0.0034231734,0.0029289627,1.003215
1.2709156,0.42261204,0.062199276,0.0041048555,0.017936772,0.014193092,0.0062043653,1.0175937
1.113065,0.574065,0.026076743,0.053768855,0.0006677569,0.0054897717,0.00050557236,1.1144272
1.9491328,0.4344495,0.016923362,0.00015846305,0.0023155995,0.00789782,0.03606141,0.81036186
1.8408611,0.54824364,0.0082289595,0.0016357638,0.0008573896,0.020891974,0.049091477,0.9642699
1.3182323,0.8006554,0.0050457017,0.004218541,0.010764288,0.02429586,0.012373301,1.297545
1.5394771,0.8856906,0.025399126,0.0107627865,0.11988456,0.028758803,0.009543946,1.3122408
1.9624128,0.41291294,0.014430553,0.0683463,0.008000785,0.01999864,0.027641213,1.4410858
2.3422914,0.7022956,0.0040295264,0.029594826,0.021225715,0.0041328496,0.005872021,1.281842
2.0676398,0.37707016,0.00800129,0.007631463,0.004234994,0.00032303235,0.0066344566,1.7378856
1.640963,0.77071154,0.031998508,0.0052833618,0.0002780846,0.008400576,0.020945322,1.7079117
2.0712492,1.0810279,0.013335723,0.03991337,0.022270923,0.011207266,0.047733787,1.3171844
2.2485216,0.5098281,0.02114441,0.03090119,0.02241541,0.0005282591,0.03458369,1.7250898
1.4166163,0.886233,0.00680672,0.018658806,0.011771545,0.0062297275,0.014098069,1.8225447
2.2021942,1.1172168,0.005193593,0.00093822496,0.041198157,0.0026498614,0.22949876,1.2052362
1.8806168,0.91819274,0.004812724,0.0073417593,0.0012742677,0.007132628,0.0034811555,1.7742018
2.5536776,0.061577186,0.018370582,0.00011221784,0.03476593,0.077367336,0.0018719271,1.8417025
2.03501,1.0499287,0.017056527,0.024411108,0.021526637,0.009998832,0.018745707,1.7283107
1.8759347,0.97829527,0.03211544,0.013084659,0.00047434308,0.0012169098,0.0077701444,1.9240146
2.106779,1.0725459,0.0005692116,0.0025525177,0.014296501,0.0054683113,0.0016208113,1.6993706
2.3060098,0.93238765,0.0025131356,0.020992914,0.016882421,0.0088344915,0.0042717815,1.7020756
2.1488798,0.8525733,0.016036598,0.01976912,0.010582366,0.11202846,0.009170135,2.1152074
1.9982579,1.2684873,0.06945455,0.0004517714,0.029683545,0.007075124,0.002237722,1.4540715
1.9646722,1.2283713,0.033253063,0.006824252,0.0071584964,0.0034579046,0.0006367559,1.5635647
2.0372336,0.80133945,0.013454288,0.0017924996,0.0014908205,0.001182225,0.032704934,2.2281704
2.3550913,0.86000955,0.0068603945,0.0050117574,0.026079843,0.028437266,0.003602686,1.9756655
2.0991938,1.1826663,0.0038722807,0.09215018,0.0708528,0.022704884,0.017353538,1.7642418
1.843793,1.0225456,0.01837373,0.14542745,0.070267014,0.018484034,0.015998112,2.162433
1.6543173,1.1550225,0.025613902,0.0067641423,0.00016225278,0.024633931,0.0031320923,1.9417808
1.7139649,1.073614,0.04597813,0.017955467,0.052601222,0.004439309,0.0013929078,2.0865052
2.1316507,1.0515317,0.0052987533,0.022942942,0.051885013,0.005112798,0.00056433567,2.0593004
2.153277,1.2197404,0.04274654,0.0038203497,0.008206648,0.002384055,0.0012440352,1.6222138
1.6363919,1.2514544,0.025946315,0.09437823,0.0007127129,0.041277684,0.032700565,1.7988712
1.5236795,1.0323268,0.0025112059,0.0081645,0.0031965803,0.0017504764,0.04524076,2.1346095
1.6093402,0.7182406,0.025684815,0.02865461,0.007754629,0.018398976,0.0039023894,2.7859058
1.7418352,1.2677797,0.033647005,0.022314386,0.0030698562,0.0023936124,0.074001834,1.8766463
2.159225,0.98261786,0.01698186,0.002968127,0.0035491232,0.0040894747,0.0039101583,2.2293952
2.0582867,0.013387141,0.004404852,0.38900736,1.2574081,0.26215702,0.001964445,2.3190882
2.513672,1.0909944,0.0016532487,0.025835188,0.008184348,0.0045317123,0.0176891,1.9555204
1.968817,1.3391116,0.019887358,0.0044048205,0.020994836,0.0070645744,0.034948565,1.815345
2.0150886,1.3685381,0.021898769,0.009789402,0.009270548,0.010042574,0.008834876,1.6204702
1.5215573,1.3269755,0.010275184,0.008356682,0.0039422982,0.012609435,0.0006174554,1.7329137
2.1243095,1.4177775,0.009860091,0.004817137,0.007824973,0.013724968,0.0127345165,1.5154586
2.0958092,1.3830719,0.018136442,0.003783409,0.01227692,0.013971407,0.016313152,1.7630043
2.0254867,1.4357888,0.006944781,0.018776065,0.04987539,0.0003425456,0.006317202,2.0439363
1.847967,1.4279324,0.047143634,0.016542476,0.0029567017,0.0073525477,0.0006698655,1.9544439
2.1309772,1.5009917,0.0054127336,0.07104817,0.00046626368,0.025655547,0.013044704,1.812959
1.9042635,1.4616009,0.0044884915,0.0070736636,0.025649862,0.18224353,0.008081275,2.146314
2.307025,1.4090132,0.0062616,0.0034530002,0.07061283,0.0077804225,0.006664804,2.0404289
1.8025738,1.3130802,0.018958779,0.055106327,0.019058527,0.021650195,0.0036219186,2.358465
1.9379156,1.4020746,0.05980454,0.003439828,0.016190898,0.0019783345,0.007018237,2.3115463
2.2642925,1.4704005,0.025899969,0.006337204,0.122374505,0.032232355,0.0012891779,2.003508
1.7631203,1.5869694,0.0016005757,0.026985114,0.020775853,0.0056475885,0.0046675634,1.8811712
1.7078153,1.5573431,0.019453747,0.00774371,0.024699066,0.00048789105,0.013931674,1.9900093
1.818893,1.5942253,0.0031357384,0.0009404434,0.004747021,0.007415826,0.029576365,2.0589545
1.435307,1.5526121,0.070195235,0.0029394862,0.0575898,0.0010487634,0.036718763,2.05008
2.69067,1.3304161,0.00062405376,4.786346e-05,0.03299079,0.00031205657,0.03766656,2.1951034
1.4071814,1.5977241,0.006832463,0.010216341,0.0079211,0.022434073,0.008477256,1.691716
1.589205,1.6398637,0.029655002,0.018996453,0.032874625,0.0031709883,0.010566935,1.4096036
2.1816494,1.5938178,0.05898141,0.0011507669,0.008170251,0.035762835,0.041166436,1.4690094
2.6782713,1.3721515,0.013783859,0.008603396,0.004329165,0.0032608386,0.0038016748,2.0619085
1.9355305,1.6036295,0.025112526,0.017288627,0.012901436,0.00308603,0.020466423,2.096558
1.8074439,1.418794,0.01931398,0.072758086,0.018342692,0.0033398222,0.017418128,2.544149
1.023127,1.6373984,0.01470067,0.00902498,0.08636608,0.029208835,0.0067623323,1.7454185
2.5306413,1.4967035,0.00986369,0.040947333,0.015019255,0.0057330756,0.007717399,1.8353939
1.7772253,1.676804,0.0009810094,0.0044769878,0.008135845,0.009309692,0.031100655,1.8907132
2.1346908,1.6674823,0.008417065,0.038865212,0.0007476425,0.023437386,0.02979342,1.9265447
1.8016335,1.6969646,0.020816213,0.05843802,0.0062737903,0.00718914,0.018354716,1.9488322
2.3124504,1.6443201,0.00897807,0.123637654,0.023296744,0.006301384,0.03492855,1.5694926
1.85043,1.7591805,0.0054252897,0.010350933,0.0046997773,0.019101871,0.00033065816,1.757845
2.1245139,1.5824271,0.0050068763,0.029655933,0.0044706427,0.006448315,0.010454213,2.3293133
1.6944724,1.6785448,0.12343739,0.020657968,0.03290898,0.01270435,0.03561516,2.0701952
2.1418736,1.5284305,0.1380087,0.022436328,0.019859977,0.013830816,0.04383624,2.294046
2.02195,1.7650797,0.01095546,0.0102724815,0.001211971,0.0075023635,0.0025411774,2.0687935
1.649276,1.7670646,0.024545293,0.017532844,0.0029287378,0.08969461,0.0012686815,2.1691456
2.6449165,1.5636364,0.1454993,0.04985377,0.03055667,0.005756887,0.034073252,2.1063945
2.8243454,1.5840188,0.13217817,0.004048422,0.028363708,0.0034774104,0.0006388416,1.4176894
1.6891334,1.8414999,0.07040406,0.024167694,0.015722614,0.014543909,0.022777544,1.7710901
2.0562022,1.8621413,0.030227162,0.032122664,0.034210436,0.015221752,0.024148626,1.8968642
2.1456969,1.688005,0.20160581,0.01993901,0.016288841,0.023125034,0.0023536168,1.9880359
2.4246898,1.7659,0.04623649,0.0039684693,0.026431272,0.0056711575,0.008108004,1.788899
1.6636094,1.9066176,0.09837488,0.005182902,0.0019467119,0.004621386,0.033601042,2.0980682
1.4484481,1.8679546,0.008844451,0.0065035224,0.014785711,0.0061609824,0.0003271556,2.4509375
1.8702778,2.0182877,0.03443368,0.021358462,0.0074119554,0.0011575752,0.014466408,1.9310608
1.9314965,2.0244164,0.026278285,0.027329123,0.0016218877,0.004377335,0.015599005,1.6624438
2.630879,1.9089632,0.000107038,0.008921557,0.009460242,0.009748102,0.0056704446,1.8926036
1.7032527,1.726164,0.32204568,0.019351058,0.0003072508,0.0029936861,0.0036199645,1.6260161
2.143099,2.017587,0.026001219,0.00053612,0.019529156,0.0017228744,0.10388146,2.1012673
1.766741,1.4710765,0.5360801,0.011372394,0.0024485867,0.013253057,0.008133749,1.6938926
1.962375,2.0153315,0.1724004,0.003913826,0.005283529,0.010898765,0.00093049003,1.7219534
2.536978,1.969106,0.09822759,0.033739496,0.0054181307,0.018026765,0.02423274,1.837735
2.4719589,2.01574,0.07682473,0.0037951514,0.0044678818,0.008505203,0.039238628,1.8108181
1.6563528,2.297635,0.0058828676,0.00022753091,0.12296763,0.080944024,0.033952188,1.6630824
1.6363251,2.1536617,0.00081937853,0.007284514,0.038018245,0.0031455955,0.00022494863,2.0661285
2.02513,1.9270355,0.20696442,0.0322344,0.010952984,0.00036271088,0.011233103,1.8481132
2.036858,2.0401402,0.1021307,0.037017185,0.01204422,0.06255592,0.002620556,1.9579995
2.5978081,2.1630456,0.0071167788,0.017034717,0.03152436,0.00048961653,0.0033654626,1.8379421
1.8292644,2.254021,0.006601072,0.017857911,0.0021589862,0.011780445,0.002048004,1.4183303
2.4397862,2.0820217,0.0022194819,0.04244981,0.000983506,0.03996408,0.008195601,2.1503284
2.0729403,2.0860398,0.027742483,0.040555,0.017702054,0.007935163,0.0040077395,2.078842
1.7845732,1.903088,0.04916035,0.0014673771,0.0018563813,0.012889327,0.004220096,2.616265
2.219851,2.3596387,0.00329598,0.0040455097,0.09088914,0.00086702255,0.042106178,1.3709437
2.0707736,2.0657544,0.24824926,0.0054670596,0.057684973,0.007597306,0.03629053,1.6648093
1.9000475,2.361687,0.0515943,0.06754532,0.009131316,0.0232338,0.012349441,2.0333664
2.445088,2.3405485,0.05090213,0.0040090815,0.012053848,0.017794192,0.0275269,2.232654
2.2012076,2.0244322,0.0017149887,0.055948906,0.09914986,0.005080795,0.0077354196,2.5408287
1.7422366,2.5493517,0.052608285,0.007311196,0.05732939,0.0026185487,0.004001171,1.7646875
2.5642693,1.750862,0.40880072,0.1411222,0.008008081,0.018443188,1.2677781e-05,1.7053903
2.2912652,2.2501566,0.15480103,0.008120551,0.03798292,0.043784965,0.021119252,2.0725884
1.6735752,2.187628,0.09026695,0.00443159,0.0025908183,7.7861936e-05,0.025323084,2.3322628
2.18742,2.1869464,0.04629789,0.00018256852,0.006823233,0.07702378,0.014872166,2.3900898
1.8856208,2.2513475,0.115225114,0.00094882416,0.018333815,0.019037107,0.020529335,2.31351
1.9471998,2.0000281,0.34261146,0.0052587837,0.0028788922,0.001509004,0.0019416326,2.063915
2.1456528,1.9784427,0.4081076,0.040939663,0.02673568,0.04560789,0.0009452461,1.6646808
2.474069,1.9670488,0.5312366,0.015005726,0.0206282,0.0031813926,0.0013248542,1.1945757
2.1372476,1.8577626,0.10133097,0.01660772,0.02404536,0.027880752,0.0011794916,2.9027522
2.3321176,1.9941496,0.44980404,0.012687893,0.0045308927,0.0027166181,0.016569715,1.7317156
2.2968614,2.0369117,0.447435,0.00459032,0.0009586393,0.057143018,0.009012692,1.5842563
1.5198714,2.3583033,0.25040618,0.004946481,0.0018805511,0.006406255,0.0017478906,2.5213788
2.0298145,1.441712,0.6767355,0.003994097,0.0030748206,0.014205556,0.003330446,1.4997923
2.075292,2.3435414,0.39969656,0.011083008,0.0024115436,0.009275921,0.006756819,2.4606826
1.9735321,2.80967,0.27786374,0.01900933,0.0037768572,0.014061571,0.0009568006,2.6222327
1.8386464,2.289767,0.43522552,0.0083299605,0.0037539874,0.008102976,0.008896751,2.4061177
2.4482634,2.1199195,0.5411613,0.03263194,0.019469451,0.0074474085,0.007246843,1.953052
1.9228811,1.9091485,0.5086135,0.005463163,0.02610902,0.005511414,0.0009258629,2.2468216
2.3237252,2.3476954,0.69381505,0.004134082,0.0047169495,0.003169427,0.020750625,1.7792033
2.2110465,2.050106,0.5267205,0.017684728,0.0058109863,0.01538736,0.024441006,2.3966753
1.8411983,2.0530634,0.51848644,0.06966929,0.06451053,0.01134401,0.042193692,2.1027641
2.0507493,1.9835283,0.5792578,0.020217367,0.0019614818,0.03057358,0.021063676,2.3278503
1.6402673,2.163066,0.5142434,0.13490745,0.027330197,0.0007393579,0.0030152828,1.5982177
2.0905876,1.9061602,0.645318,0.028019106,0.0017790827,0.0022710054,0.009304397,1.6684624
2.01782,1.617029,0.6434571,0.0023198607,0.00752269,0.0008991858,0.0011890923,1.7922391
1.8409351,1.6730865,0.6155221,0.02974005,0.011455081,0.007425201,0.0065021184,2.056941
1.7334518,1.9044573,0.6097054,0.0021643392,0.005122976,0.017322797,0.00815943,1.6187177
2.250051,1.5676904,0.6604059,0.02213245,0.07171251,0.0013790693,0.020210074,2.2458596
1.5938649,2.1103125,0.618754,0.005094737,0.06521754,0.0653418,0.0032382098,1.9910331
2.1662095,1.8659897,0.7556616,0.030515643,0.01238412,0.026922472,0.15664713,1.7564069
1.858708,1.7161536,0.6750295,0.006938321,0.06256615,0.013759931,0.0031914655,2.1339295
1.9533149,1.468132,0.7780589,0.05853244,0.07842139,0.020420168,0.025303634,2.19563
2.3180175,1.9199324,0.8970742,0.043564282,0.0031699548,0.009767042,0.0025929871,1.8046836
2.1377122,1.885959,0.9001526,0.016758293,0.07544412,0.001348134,0.04176545,2.0481045
2.2602458,1.8056592,0.92224854,0.026677208,0.0006616159,0.0021019897,0.067788765,2.2419322
1.7964816,1.7539676,0.9371148,0.01744214,0.005566121,0.04834606,0.0006592014,2.0519352
1.7065436,1.782064,0.9497657,0.024684548,0.0032073709,0.010855783,0.0033580163,1.9953566
1.8966839,2.5498664,0.90145534,0.008497821,0.005350561,0.0015742561,0.022098389,1.8477718
2.4455607,1.5695636,0.9628083,0.0020485907,0.0021028777,0.044524927,0.001433836,2.7642484
1.6641474,1.9031636,0.8998266,0.01043825,0.015731964,0.008764012,0.023021014,1.9067681
2.8117828,1.3929338,1.0358405,0.008361406,0.0012101715,0.018086152,0.0030758716,1.773616
1.757278,1.5861144,1.0821618,0.032817602,0.03801846,0.008574792,0.010208346,1.7652843
1.747658,1.901596,1.0351769,0.02795841,0.010324342,0.01760898,0.0072951047,2.591158
1.7011956,2.2873943,1.0461853,0.0010808196,0.004024826,0.03901432,0.028267654,1.6734331
1.2771204,1.919541,1.1295882,0.013342404,0.012878121,0.011969825,0.023652451,1.3505669
1.6825931,2.1810372,1.047648,0.0038321475,0.0070605823,0.038262885,0.042826686,1.8784964
1.5978538,2.0023236,1.1384674,0.09266912,0.012924223,0.03152215,0.06397235,1.6664636
1.8451571,1.7908309,1.1768292,0.056915965,0.01938505,0.008270815,0.019794676,1.9802897
1.8829297,1.9927436,1.1699288,0.050908644,0.010680803,0.017193384,0.016489904,1.5089452
1.955457,1.7724931,1.2137065,0.0077296644,0.008591928,0.029544367,0.0016744146,2.3456612
1.5585673,1.9832653,1.223905,0.08808588,0.10943434,0.00061347353,0.07614243,1.9439825
1.7403221,2.1190062,1.2140256,0.0057720453,0.0005315607,0.003413635,0.04161765,1.7790953
2.22014,1.7922528,1.2409157,0.0035436903,0.010081244,0.04475942,0.0006735322,2.282712
1.4730732,2.0921423,1.213978,0.026712146,0.0055365646,0.0007384882,0.0018240366,2.287474
2.1266108,1.8225474,1.3047383,0.011535408,0.0028632274,0.031192282,0.019407986,2.0659957
1.8807212,1.8071654,1.2943032,0.0155448355,0.009004258,0.007829934,0.016996741,1.8376977
2.2859268,1.6187449,1.3820618,0.035373785,0.03088753,0.070249565,0.09447161,2.65269
1.7287018,2.3022246,1.3417802,0.0042806347,0.0023362255,0.017267099,0.00043957162,1.6706479
1.7981955,2.3340616,1.2191474,0.0017160043,0.004140765,0.00018402081,0.01102367,2.1355686
1.9781104,1.7316208,1.3434514,0.01085506,0.0007695083,0.00010174221,0.016908407,1.843393
1.7370267,1.7146692,1.3660374,0.0050203474,0.009350574,0.019399371,0.058306403,1.8698387
2.2182047,1.8777161,1.2877152,0.004042956,0.028600257,0.0007788683,0.002496453,1.7181207
1.8635366,2.305055,1.2445936,0.007090659,0.018569535,0.0111897,0.0030504386,2.01584
1.9538989,1.9360402,1.2775241,0.13093546,0.15352067,0.14936809,0.0029613918,2.4224396
2.2637975,2.0943708,1.3036828,0.0073295473,0.0111405,0.026715789,0.0117871,1.8896295
1.7392507,2.5068989,1.2353798,0.08031201,0.053330872,0.034265388,0.016738014,2.2077045
1.6174221,2.245913,1.2880011,0.00028709727,0.021755757,0.0018795308,0.013317245,2.7868025
1.9242525,1.3928807,1.4065275,0.007861674,0.0028461472,0.02063626,0.02322355,2.0488863
1.826451,2.0783937,1.4742831,0.005842395,0.0034887025,0.0053881,0.0122354645,1.9151429
1.8066989,2.0754764,1.5524893,0.048831344,0.0088754175,0.0006773335,0.0023251693,1.8914038
2.186022,1.3510991,1.5128365,0.0008675554,0.002637392,0.032845523,0.027077219,2.2580414
1.6589282,2.061725,1.6055559,0.011778422,0.04679699,0.06126064,0.0056517753,1.9371742
2.0043848,2.106964,1.4971358,0.0199836,0.005500338,0.025125422,0.018997004,1.7358016
2.399278,2.0276234,1.3955005,0.0046339426,0.014505842,0.002307468,0.054585725,1.7897112
1.8612102,1.4953767,1.4589205,0.0067094965,0.05232702,0.00019709731,0.030671427,1.7960391
2.078574,1.8466495,1.4972272,0.0010187839,0.016039679,0.008939763,0.007776021,1.6037899
2.2238023,1.7943903,1.5773144,0.038473852,0.04982285,0.008087374,0.0056195115,2.4708261
2.3445985,1.7234261,1.4120796,0.0138768405,0.005646938,0.08864175,0.001415304,1.4112995
2.311034,1.5506246,1.6475681,0.010234437,0.003964764,0.030490529,0.00011186114,2.304483
2.0611703,2.0074296,1.5496986,0.16768603,0.04610352,0.0066814525,0.11823957,1.8681127
2.0243382,1.421486,1.4999323,0.027744789,0.114285335,0.04055754,0.0045470204,1.9309356
1.9048016,2.067547,1.657721,0.094814144,0.057217594,0.0035538378,0.0003651368,2.344263
1.9203836,2.0109632,1.6648064,0.035540696,0.05627447,0.008822955,0.0062557217,1.6325127
1.726999,1.9547125,1.7343394,0.11748606,0.110479504,0.069629036,0.07028186,2.5019522
1.8027877,2.0010498,1.7319936,0.011587673,0.005320982,0.004009787,0.051805872,2.2967098
2.3156834,1.8045409,1.6961325,0.024779798,0.00026494652,0.005698003,0.0064857746,1.3913215
1.7093062,2.0367,1.7433916,0.034887016,0.007828279,0.03791643,0.036214847,1.7491406
1.994557,1.843801,1.6592721,0.17072026,0.11295115,0.16487947,0.00095683604,2.0248265
2.3756669,1.8063152,1.6703093,0.073069334,0.036858045,0.035293788,0.009640234,1.7653574
2.1577468,2.2444205,1.6806878,0.030520057,0.008086924,0.0007010021,0.037559547,2.4591994
1.36136,1.904002,1.8055046,0.19919026,0.002186307,0.008425644,0.0029763367,2.0887034
1.9354256,2.0452213,1.7227149,0.012133686,0.040312044,0.01201089,0.00072369404,2.271676
2.2808135,2.0083332,1.6183466,0.10951848,0.005404004,0.04825429,3.0159352e-05,1.8667783
2.1663115,2.4337025,1.6915412,0.015132424,0.026744623,0.016627226,0.027721303,1.4438425
1.8234642,1.5995092,1.781051,0.000105878215,0.07584925,0.0072516934,0.0026198316,2.353732
2.2471702,2.0138464,1.7425953,0.05165786,0.005481277,0.030798605,0.005789191,2.2278218
1.6074418,2.6443384,1.8478519,0.0037185228,0.05960396,0.011919403,0.037085697,1.828916
1.3881438,1.2056217,1.8462085,0.0021470895,0.049141694,0.058803152,0.039146155,1.8643433
1.9766777,1.6843578,1.7875757,0.0017587786,0.016999202,0.017459892,0.018046716,2.0873764
2.144058,2.1287918,1.7717503,0.016585674,0.033374317,0.046306603,0.007906404,1.889739
2.1651058,2.2252731,1.7790968,0.012199347,0.021120029,0.047860842,0.017244501,1.9527762
2.1049592,1.6366445,1.6983595,0.0026854428,0.0018928753,0.002128512,0.024825897,1.4821895
2.8507566,2.1845608,1.5899416,0.012684732,0.0074389256,0.0054614632,0.0014857603,1.7243394
2.9773154,2.1056998,1.6028477,0.020132745,0.012942312,0.0029285925,0.034111295,2.1351225
1.7031302,2.120824,1.9769578,0.037610747,0.02610116,0.013788259,0.013500583,2.2685819
2.470589,2.7810137,1.6024494,0.012878685,0.0049796426,0.043072034,0.054269157,2.2809741
2.3557334,2.4525325,1.7278982,0.0783006,0.096763834,0.0006090779,0.010609048,2.1783018
1.6204789,2.2214355,1.9882749,0.00982874,0.013829633,0.013946113,0.042708185,1.923075
2.355089,2.4074914,1.7757173,0.03318425,0.00035100902,0.00089306646,0.009852678,2.3766792
2.187808,1.6340308,1.5786026,0.32856137,0.2611449,0.23661038,0.00020578764,1.6332533
2.2938838,2.2917526,1.8875237,0.028892478,0.0074310997,0.026024466,0.0011624031,2.5054464
1.4236503,1.6249208,1.6590357,0.44386908,0.1427522,0.38801923,0.0075172037,2.3316083
2.495652,1.5736834,1.8300359,0.23148435,0.18093269,0.18353304,0.016286056,2.0017765
1.8216609,1.6363305,1.821666,0.13785346,0.18230738,0.11272219,0.011747328,1.9356146
2.1681821,1.7371017,1.9646094,0.016509691,0.005967084,0.026494125,0.01564892,1.8991604
1.8193618,2.0837765,1.9954059,0.06832517,0.14559872,0.103142165,0.019738672,1.882779
2.0387785,1.9832283,2.0517664,0.10859648,0.06645577,0.06621546,0.06636709,2.2558377
2.5940592,2.8496375,1.7517414,0.0029109665,0.014330811,0.012517382,0.0009458676,2.041248
1.9693184,2.1041808,2.1151369,0.055819824,0.051670115,0.052853912,0.00645673,1.991346
2.1547356,1.4290766,2.03423,0.005803439,0.00066864595,0.0032755667,0.0007366467,1.9641191
2.650156,2.104853,2.0369108,0.08182486,0.06063721,0.03892085,0.0021585822,2.1699421
2.3195167,1.5588078,2.149916,0.0008098171,0.008144294,0.0002988067,0.011305005,1.9872137
1.8921337,1.3455182,2.034848,0.006015432,0.007740174,0.0016587195,0.019098151,2.0223897
2.2761784,1.9826481,2.0404086,0.033715792,0.027187781,0.10005639,0.0024905985,1.7852554
1.9879001,1.925159,2.1491375,0.0065916847,0.008742179,0.0006661067,0.06394432,1.958452
2.2108536,2.6056802,2.03045,0.009265462,0.00814365,0.007981154,0.009028834,1.925316
1.9674135,1.7223023,2.1939087,0.009797144,0.0018154121,0.006374049,0.004866394,1.8785352
1.8973709,1.5148827,2.137338,0.027740577,0.22093064,0.09472373,0.15368856,2.0608702
2.2740963,1.4118994,2.1585064,0.012024209,0.06908536,0.013874839,0.0030417792,1.4888265
1.9565897,2.1916387,2.1289923,0.10087009,0.12998983,0.18125544,0.08444734,1.9757366
1.9868891,1.6656936,1.4838334,0.6130075,0.19816141,0.46882468,0.040926944,1.671655
1.6086832,1.5900313,2.193922,0.0012106607,0.006857691,0.002708749,0.015006888,1.9228387
1.9992609,1.6655365,2.171192,0.13421053,0.060025938,0.2509566,0.010857232,2.2286077
1.8912559,2.3692024,2.6666055,0.103826046,0.08625898,0.18836315,0.003227094,2.128353
2.1726828,2.554468,2.6790104,0.034721315,0.047940303,0.1072851,0.13109167,1.8910886
1.7253551,1.866151,2.4080105,0.075954825,0.11128461,0.062013537,0.0013572014,1.4616908
1.8980657,1.5199978,2.2711625,0.16037367,0.12999873,0.08157939,0.0027053128,1.7742944
1.8066555,1.7435126,2.8674808,0.0077504367,0.03331112,0.018167926,0.014056111,1.4321766
1.7941291,1.8873305,2.5414112,0.0643507,0.18247303,0.06500016,0.009251483,1.86279
1.9060156,2.0568087,1.7889342,0.4811865,0.2219435,0.30003816,0.016681418,1.8846658
2.1547253,1.9822644,2.2665472,0.32313052,0.40141198,0.2889276,0.01220334,2.3546414
2.0045044,2.1602263,1.7203805,0.43406844,0.3739308,0.3288356,0.01251668,1.8589841
1.9030733,1.7558856,1.8914472,0.27701408,0.5557344,0.42652717,0.0030506765,1.8069307
2.0961773,1.4182273,1.7866691,0.50089407,0.45871198,0.9063678,0.033139575,1.1493338
1.9043494,2.1192055,1.8755133,0.27290997,0.7468524,0.6022558,2.0917094e-05,2.4783902
1.7831388,2.8273342,1.9299332,0.6934658,0.5782573,0.42849073,0.0018441953,1.4778875
2.158647,1.8281546,2.2095637,0.62784165,0.5555428,0.36152622,0.061360918,1.7306311
1.8788558,1.6977992,2.2370422,0.64479065,0.5493398,0.434058,0.003198821,2.0853658
2.5097876,2.0606198,2.1100376,0.47718233,0.5919066,0.4628024,0.045620196,1.7636416
2.2178156,2.1195006,1.8051419,0.46471483,0.4926641,0.6878482,0.01891834,1.6169888
2.0506365,1.8426434,1.8728677,0.73695576,0.41013992,0.7797104,0.036278304,2.7789843
1.7950846,1.6365607,2.4701774,0.8211145,0.45597294,0.64385486,0.016457621,2.1055615
1.7264346,1.6249075,2.1934469,0.78801185,0.63145226,0.5282603,0.00842544,2.002934
2.4567413,2.1227107,1.9899842,0.8496018,0.49836892,0.5544004,0.057519414,1.7653311
1.7160817,1.9592023,2.4837136,0.7717574,0.5277634,0.7522884,0.0037079048,1.6861606
2.38321,1.8673829,2.2209055,0.5866186,0.6034716,0.60308623,0.0066565,2.2821836
2.430925,1.6414706,1.802132,0.5837322,1.0456362,0.6509016,0.021232728,1.5689346
2.0310245,2.0079014,2.076972,0.56339306,0.77796614,1.138703,0.0147717735,1.442518
2.0926795,1.819227,1.6320281,0.9581862,0.9388921,0.61635655,0.027744606,1.7961272
2.652191,2.1624205,1.3691956,0.7344721,0.94565105,0.7635099,0.038382336,2.1662083
2.3793356,2.6514008,2.178561,1.0492495,0.7036548,0.73668706,0.007196901,1.705379
2.4820657,2.7394633,1.6960542,0.82624775,1.0991656,0.74883413,0.011974596,1.908577
2.0976756,2.0650446,1.6913139,0.6255127,0.9823086,0.84626573,0.0030752774,2.289795
2.199779,1.4092857,1.793525,0.91364527,0.9706721,1.0813743,0.019043554,2.2407725
2.087429,1.8892329,1.5104327,0.88655406,0.8433307,1.1983811,0.015955241,1.7646501
1.4529197,2.0669174,1.6627609,0.9308097,0.85421705,0.800455,0.023226729,2.1324122
1.8156906,1.7085934,2.1072342,1.0788428,0.9454472,0.9785362,0.017997965,2.602039
2.5125554,2.2881744,2.4446144,1.1796576,0.8932716,0.82259315,0.025892938,2.2804465
1.7313849,1.7657884,1.9641052,0.9368958,1.0111183,1.1571422,0.0018869224,2.2785559
2.6118634,2.37137,2.2209494,1.1659926,1.0751299,1.1579224,0.0051625636,2.0458992
2.4426107,1.9979384,2.3913321,1.2274318,1.03942,1.0087419,0.026198126,2.4554222
2.3714542,1.8899732,2.0606449,1.2106129,1.318135,0.8806715,0.00030163518,1.9921556
1.8985811,1.8031062,2.255838,0.9773521,0.8680201,1.425257,0.004478749,2.0729823
1.9948039,2.118353,1.8523971,1.0413455,1.053516,1.1487175,0.124309145,1.9611207
2.007689,2.385015,2.1934092,0.6722597,1.2049837,1.3765085,0.0016627564,2.4458418
1.6464995,1.712811,1.9465237,1.1261051,1.068407,1.0944921,0.021258242,2.1251175
1.9031203,2.3659391,2.0329998,0.8515149,1.2980151,1.0326154,0.002547133,1.8568633
2.2154872,2.3919098,1.9779879,1.0846533,1.3405465,1.1777705,0.041021127,2.3264365
2.1741223,1.8587731,1.9432405,1.5181148,1.1859612,1.1343843,0.059713367,1.7683067
1.8066045,1.6326004,1.9812979,1.0433934,1.3424014,1.1876941,0.0074054543,2.336836
1.8493059,1.7313555,1.9460622,0.9610028,1.1738816,1.5398124,0.031812623,2.147153
1.9129035,2.2814195,2.6769252,1.5001302,1.0089881,1.2921863,0.0201462,1.9393605
1.6226097,1.987705,2.1232417,1.1233549,1.4666252,1.2374417,0.00052426755,2.0685434
1.4375054,2.04939,2.9044976,1.0452474,1.5223755,1.7275188,0.04902276,2.433133
1.9558223,2.1118994,2.0310237,1.4572637,1.1718793,1.540462,0.011122215,2.035809
2.2446294,1.8873576,2.1727266,1.6420959,1.1519545,1.4824488,0.0010084842,1.9070385
1.8927836,2.024338,2.7854433,1.1868403,1.795489,1.3381045,0.14370333,2.1536005
1.9548029,2.0335598,2.2622774,1.4941498,1.4289722,1.2286438,0.0145617565,1.6644282
2.483141,1.9098265,1.6960566,1.3544734,1.5743775,1.6546628,0.02113308,1.5740877
1.788804,1.9621745,1.3134682,1.3568405,1.53507,1.1080236,0.23325881,1.7148658
1.9195924,2.13637,1.303364,1.1276329,1.6592362,1.4838612,0.0012310435,1.6808106
1.9763436,2.5473163,1.8635465,1.6481113,1.8293105,1.0825716,0.31572783,2.100776
1.7490846,2.4175365,1.8080189,1.3335266,1.5646522,1.4943764,0.0044119162,2.3119779
2.1658795,1.8854383,2.1268237,2.0000143,1.7694606,1.1981151,0.007791073,2.5218477
2.1212647,2.0763075,1.6539756,1.0904113,1.5097892,2.1627948,0.086921275,2.618208
1.9838202,1.653265,1.8042873,1.7162274,1.7287728,1.0922173,0.0018108577,1.5539771
1.7084891,1.8967632,1.787454,1.20285,1.7410204,1.6843901,0.01518564,1.8445895
1.7326596,1.4044323,1.81175,1.2338532,1.5271312,2.064683,0.25457945,2.2160625
1.8795325,1.7161175,2.055256,1.5012928,1.9226383,1.4660506,0.0014967881,2.0132096
1.6213489,2.188753,1.4860735,1.337547,1.9119577,1.1610347,0.09874914,1.7717559
1.9907157,1.7672787,1.4860976,1.380013,1.5964011,1.770516,0.12353843,2.1581595
2.1763833,2.3773067,2.0454664,1.8939881,1.9131908,1.2993827,0.018934067,1.9721179
2.3869474,2.3097901,1.6619595,1.7397143,1.8561587,1.6802529,0.057811674,2.6439126
1.9587363,2.5404415,2.3584971,1.8816006,1.8218251,1.5709473,0.023496542,1.7612442
1.5925875,2.5697353,1.8544973,1.6109413,1.1263947,1.6668537,0.07969702,1.9493384
1.8797796,1.9780383,1.6033261,1.1127567,1.9130088,1.8975383,0.02735765,1.7074322
2.0072918,2.2744792,1.8107337,1.7399063,1.7556801,1.6243799,0.0014861452,2.37764
2.0042827,2.108204,2.821564,1.9495728,1.9310482,2.0208948,0.011398076,1.7706935
2.2106133,1.9095464,1.6516802,1.437346,1.4143397,2.4355752,0.23154098,2.0617855
2.4753742,1.8510578,2.2676506,1.9390135,2.3221338,1.4301782,0.0005905361,2.0744174
1.6384463,2.0864265,2.0503776,1.3487512,1.494267,1.906514,0.014926586,1.8013153
1.6867317,1.7352265,1.4374654,2.076105,1.1864333,1.706267,0.0127390325,1.877609
1.4568062,1.5403513,1.6099297,1.2547878,1.6475383,1.7171383,0.16281325,1.7996294
2.5126667,1.8855366,2.1988063,2.3869085,1.3636049,2.0751767,0.096513875,2.0547676
2.0502706,2.2973704,1.7071882,1.7920445,1.7274474,1.6839863,0.030204503,1.5949469
2.0222495,1.790789,2.229442,1.7858945,2.318253,1.7928303,0.018142002,2.2218091
2.2500937,1.8104308,1.991128,1.9601887,1.6510929,1.8456181,0.06173468,2.6292
1.8794588,1.6385863,1.5128262,1.5457872,1.913567,1.7727021,0.011587526,1.9302232
1.7565625,1.794401,1.7044973,1.8775347,1.7961464,1.5999006,0.06831691,2.4233484
1.2344707,1.6810229,2.2652948,2.066359,0.7612765,1.9167129,0.61783457,2.2137706
1.3641242,1.7682309,2.0275724,1.6196201,2.2074237,2.1479025,0.016329959,1.7029685
1.5260596,1.973027,1.7731274,1.7437928,1.7903138,1.6632864,0.035751916,1.8428087
1.7685047,1.8072803,1.9482253,1.859957,1.993144,1.731604,0.0038629328,2.210486
2.3783636,1.8505121,1.2110312,2.8993104,1.4957132,2.40659,0.0047658808,1.523866
1.446875,2.2755492,1.8504171,1.8032055,2.0941408,2.3567662,0.1116608,1.757694
1.8105925,2.0482376,1.5853574,1.8548827,2.230398,1.7056532,0.08716534,1.9362173
1.6931233,2.4324756,1.6700416,1.1994902,1.5573987,2.1870596,0.5100894,1.9859806
2.1620617,2.1071754,1.7137446,1.9985495,1.7227716,1.9506005,0.0029183892,1.8110219
1.2691605,1.9737899,1.9340028,1.3733298,1.6215348,1.9979683,0.17070793,1.8715452
1.9284477,1.9931812,1.9532828,1.5726669,1.5213221,2.379258,0.040066518,2.10394
1.8956002,1.4499975,1.3842034,2.1579266,2.291944,2.1592216,0.0023924154,1.6347395
1.7323617,2.1703293,1.89522,1.483837,1.8028656,1.9536806,0.5766525,1.5799174
1.7661614,1.915379,2.1076117,2.0791125,1.8621559,1.7586125,0.0061850697,2.1166987
1.7680104,2.5547466,1.8002452,2.087459,1.6593957,2.3648906,0.0697077,1.993329
1.1150576,2.282049,1.2110617,1.4917432,1.0968201,1.6912969,0.4317901,1.9485121
1.4531397,2.5583482,2.0494146,2.090705,1.6102703,1.6584765,0.02394559,1.8793122
1.0451285,2.0324655,1.3149072,1.8522545,1.3534732,1.9162052,0.00032620982,1.5288272
0.77685875,1.8336477,1.3904765,2.8519707,1.7451217,1.0775918,0.046894293,1.1101351
1.1552545,1.9747093,2.7029774,1.8746601,1.4430463,1.3965343,0.1610518,1.1849282
1.0966866,1.9729224,2.4719172,1.388013,1.2520013,1.1610707,0.0573867,1.6513678
1.0534153,2.2663996,2.601468,1.9968706,1.281669,1.1518813,0.24999548,1.2716602
0.9541895,2.58038,1.8665634,1.2058799,1.0130202,1.2796205,0.15241052,1.6404006
1.1762414,2.0892699,2.3769467,1.5220323,1.4942455,1.1285428,0.11965095,1.1164426
0.7015878,2.9276557,1.9241191,1.6051455,1.0432764,1.5099893,0.39465764,1.3992012
1.0611984,2.4882598,1.9020782,1.2243056,1.9051807,0.23161119,0.059517927,2.2543046
1.0605888,2.2783833,1.7093991,0.83035445,0.8875315,1.810403,0.68493664,1.5675129
0.9550088,2.4802694,2.770453,0.9143955,1.7412337,0.7304033,0.12548985,1.6730438
0.9523098,1.9632035,2.2503214,1.0220335,0.8320946,2.2457826,0.6711381,2.349863
0.89954567,2.2273405,2.0003927,0.7677935,1.0273542,1.346758,0.319879,1.3622185
0.7840502,2.576153,1.8671203,0.9551743,1.0542347,0.35218987,0.00064211653,0.9977727
0.88928336,1.8396691,1.7824908,0.8203744,1.9969002,0.8544613,0.08605432,2.1423829
0.35127628,0.024435438,0.021649204,1.3885612,0.4246656,0.32403636,0.019472806,0.29093164
0.36282334,0.22734636,1.1206347,1.2732507,0.6778753,0.31228763,0.11861821,0.26555276
0.76619,1.7441747,1.8333904,1.8278128,0.6532119,0.71045965,0.05421668,1.2723669
0.7767096,1.7646806,1.8938093,0.9142886,1.7026522,1.0320897,0.005990552,1.2656941
0.84327286,2.0043426,2.111602,2.0529768,0.5569562,0.62707216,0.42912367,0.71388793
0.09594068,0.0026185487,1.3305926,1.7965424,0.03958695,0.034532562,0.005695389,0.0003164884
0.027068308,0.04363767,1.3126034,1.8501208,0.0075779837,0.028759772,0.034879647,0.019063165
0.7905155,2.2349715,2.27201,1.0862572,0.6295682,0.98834544,0.30241987,0.8162382
0.45407787,1.9848809,2.1462235,1.0177817,0.8120868,1.1025103,0.19646771,0.952045
0.028555267,0.045095176,1.4342172,2.1801157,0.0146661755,0.029464873,0.00011069203,0.006904684
0.017804306,0.37550142,1.5558946,1.7543962,0.027006458,0.008633473,0.050596353,0.04709397
0.7012766,1.8593277,1.8293023,0.94234353,1.4279734,1.1237504,0.6577377,1.919377
0.10391959,0.06526654,1.4588528,2.185546,0.095097154,0.0065621077,0.044262048,0.007159438
0.8428926,1.644474,2.2058349,1.1273818,0.8290457,0.44626737,0.037458673,0.9246783
0.020301806,0.050782297,1.4532819,1.7739972,0.0017241627,0.003759257,0.0056359274,0.005007128
0.068929724,0.0980959,1.4961191,0.89926606,0.081914246,0.036561888,0.12161021,0.09677338
0.18786094,0.2759546,1.5304921,2.0730214,0.092476614,0.13175316,0.08557511,0.41143337
0.019349556,0.114478566,1.4765828,1.7916317,0.024694053,0.031770464,0.0035125907,0.0025129903
0.7322746,1.5714146,1.7123595,0.7343766,0.7946196,0.69932353,0.5290779,1.8588156
0.07814806,0.4054038,1.5834016,2.3838358,0.104277276,0.041481484,0.007227162,0.031377133
0.0071665957,0.19013935,1.6086891,1.7469217,0.08747311,0.001678831,0.0051872404,0.0071093775
0.0028146685,0.020326352,1.6942029,1.8220978,0.022251716,0.023318524,0.03604806,0.10208623
0.028606704,0.0016485937,1.6765785,1.8230771,0.01730348,0.12091348,0.0010005878,0.002646576
0.16693605,0.42518818,1.524673,1.9344184,0.051605016,0.057200752,0.0009542497,0.27571103
0.038259167,0.017782317,1.5548421,2.3896356,0.019103097,0.0064725815,0.008808144,0.09305222
0.023154566,0.8995151,1.5093044,1.6617371,0.013646003,0.0649239,0.012549161,0.03320364
0.018196674,0.24788287,1.8416104,2.2116249,0.016455745,0.0021851514,0.0135999555,0.036465313
0.19152471,0.407728,1.7783563,2.4249523,0.043192357,0.0042450647,0.0004409883,0.015136098
0.12372814,0.016506936,1.690909,2.209762,0.15713128,0.31113544,0.020674532,0.10470106
0.020101024,0.015882593,1.3810371,2.3933084,0.04644832,0.047608633,0.04147554,0.010789103
0.009773214,0.6023432,1.892704,1.4020816,0.004396074,0.09344572,0.21912196,0.013168469
0.090244636,0.031078922,1.8301448,2.341647,0.055187155,0.05450733,0.002111646,0.0032046437
0.016249536,0.008760902,1.7998835,2.2389705,0.04265686,0.027080644,0.0033322012,0.091335006
0.18908042,1.0703933,1.7120308,2.800732,0.10179847,0.16926841,0.035340987,0.21023542
0.008510721,0.14400056,1.9187751,2.2283769,0.005054191,0.04858961,0.01311721,0.08672129
0.49881065,1.7699902,3.0983531,0.41225782,1.0824617,0.38612106,0.002908805,1.2735646
0.2028688,0.52376837,2.0177276,1.7312826,0.029307798,0.016370833,0.07396824,0.038288794
0.010288529,0.004948003,2.0103102,2.0108426,0.060025793,0.071150176,0.0036221163,0.018856272
0.00981492,0.09156212,2.1666434,1.4729941,0.062682144,0.0097774705,0.009664865,0.05181599
0.530131,1.8713208,1.9020624,0.8426044,1.207724,0.9971402,0.012522471,1.474184
0.578096,1.5424994,1.3582299,1.4075341,0.6255296,0.61475074,0.18472688,0.59163487
0.1897514,0.002786029,2.0552828,2.4308805,0.022438027,0.08422702,0.0033693356,0.0024213272
0.079481386,0.24885133,2.0670598,1.3782927,0.08391257,0.1578025,0.040364623,0.013415619
0.03465117,0.018767737,2.334237,1.8402735,0.065611035,0.1772717,0.004388363,0.11242787
0.0051216516,0.15015419,2.4021056,1.8590295,0.02305401,0.016887326,0.07942918,0.030031038
0.004966271,0.031527776,2.272478,2.0915916,0.01976933,0.05301645,0.0007387219,0.011852895
0.5398871,2.714402,1.7909082,2.0811622,0.59725356,0.37054622,0.08702992,0.48869413
0.15953618,0.4223405,2.0989838,1.7973961,0.17483304,0.22764926,0.30342853,0.17839147
0.66934526,1.9031618,2.2709222,0.7841523,0.9016725,0.54268813,0.05639576,1.2215694
0.59004366,1.5004815,1.9544022,2.17875,0.5376409,0.33929053,0.0810989,0.30016258
0.45932576,2.5454044,2.1435046,1.8550446,0.2126521,0.48427656,0.1113547,0.6899158
0.13169676,0.104709215,1.8132316,1.3932527,0.033129916,0.34395456,0.0502185,0.45613217
0.40344915,1.0479878,1.9955044,2.164497,0.2612496,0.11563728,0.47752446,0.20174313
0.26105273,0.4636301,2.05413,1.6524843,0.6361684,0.37059215,0.028490579,0.4347128
0.037148625,0.00046151842,1.0833029,2.031315,0.041834384,0.010601588,0.0010399795,0.01080489
0.15225457,0.8520598,2.0803652,1.6722012,0.06446419,0.2734123,0.5189326,0.07718608
9.739507e-05,1.5669128,1.4593774,2.2520952,0.02816085,0.014123076,0.009776381,0.116209455
0.47735193,1.7538519,1.9649516,1.955139,0.3667,0.48333645,0.064616226,0.35696882
0.11898243,1.0945477,2.4160085,2.201388,0.08758385,0.08910698,0.0014678444,0.23895705
0.34125805,2.430137,2.4282153,0.9621367,0.43178612,0.5909571,0.34783304,0.73560685
0.1536346,1.5159044,2.3171077,2.0921617,0.23770572,0.6633135,0.061745282,0.5850647
0.3414592,1.8588616,1.3748289,0.79276407,0.45535257,0.519465,0.17394428,0.74194133
0.44497448,1.9647914,1.9417555,2.169303,0.09895199,0.43927595,0.54299873,0.43728727
0.3941782,2.0748122,1.7412357,0.8672329,0.39455825,0.7340258,0.20159647,0.86512727
0.11932569,1.6516287,2.5505357,1.2776301,0.010607421,0.044471093,0.04471828,0.049914137
0.5251248,1.9363588,1.9107585,1.8938543,0.08336627,0.07552547,0.113400884,0.19306906
0.4376916,0.1810935,2.4615731,1.8793292,0.93219584,0.7781941,0.045876257,0.7543056
0.05160966,2.6976924,2.7927792,1.8933359,0.14787862,0.07786581,0.0013684323,0.16910651
0.21725687,1.2689837,2.3094466,1.67637,0.27321553,0.05453225,0.05575279,0.20250025
0.24319667,1.8836613,1.6556741,1.3672898,0.0115937,0.012830345,0.014892732,0.042536777
0.10404105,1.9409182,1.3216519,1.9711684,0.0581612,0.017982235,0.015487278,0.0014775804
0.014915135,0.14725271,1.1260723,2.2730696,0.036375605,0.00072467455,0.057090804,0.0003482865
0.3743116,2.0254176,2.232964,2.5172312,0.14126,0.12731278,0.011286997,0.16918565
0.019453654,1.7498848,2.3441858,2.101386,0.00943036,0.005321379,0.0044776313,0.00027377062
0.015559824,1.9236828,1.7063601,2.1478739,0.057806265,0.04868979,0.018836781,0.114293225
0.15117759,2.168828,1.8510289,1.649472,0.17105384,0.09623937,0.009676944,0.05430059
0.10010751,0.85678035,1.6898154,1.0585141,0.18215068,0.10969292,0.7377981,0.17752476
0.037858807,2.3841362,2.0443199,1.9198166,0.05119731,0.01902747,0.016973706,0.012465508
0.38835326,0.69633484,1.8476261,1.1884158,0.48929822,0.22760303,0.20409049,0.73145974
0.12356695,2.1283264,1.9316543,1.4250971,0.053575564,0.11868316,0.7159646,0.112834156
0.72503793,1.2532763,2.6167421,1.1354434,1.134865,1.0802131,0.45393735,1.3331522
0.60057825,2.4619408,1.528924,0.54124004,1.6101921,0.67868435,0.72544587,1.5532672
0.6394108,2.2210622,2.1397715,0.8503485,1.580107,0.48740804,0.35918224,1.8353552
0.4872764,2.2110283,1.591522,0.90247184,0.8228987,1.0462173,1.0295978,1.5294056
0.011942204,0.016765866,1.019568,2.2301438,0.016837554,0.0031347862,0.038973786,0.037972704
0.654905,0.0077345297,0.11214251,1.6685587,0.001208921,0.0004953893,0.0051286123,0.31893137
0.54772824,1.2591391,1.6074871,0.8359388,1.239979,0.37957013,0.67089957,1.4131272
0.5234152,1.746732,1.7516011,0.40483764,1.3711786,0.8923283,0.47050178,1.939948
0.17791368,1.844043,1.5046464,0.47710344,0.6428619,0.42312613,0.6377989,1.2113698
0.021799548,0.0049839714,0.00012659564,1.7541072,0.01089283,0.0010908722,0.0065195244,0.014996589
0.18849447,1.6723857,2.5290399,0.74740493,0.33143252,0.85770404,0.8623094,0.629107
0.39748958,0.10723682,0.01696862,1.7674671,0.0040882183,0.008943541,0.026880216,0.6718462
0.006080897,0.008075336,0.006252326,1.7902063,0.039497912,0.008171387,0.009661882,0.014136029
0.4241779,1.3687668,1.9481738,0.7675377,1.2470802,0.55676067,0.8306902,1.2950457
0.33946446,1.6413268,1.4380503,0.45019516,0.67771363,0.56729084,0.84526396,0.61894417
0.73650616,2.0334744,1.810028,0.45957068,0.8770655,0.9653684,1.002375,1.7095591
0.0035317447,0.013620966,0.0031589142,1.7543664,0.0012300396,0.020076266,0.027769294,0.07527659
0.34301794,1.7736641,2.2859287,0.41150787,0.5769007,0.5637303,0.7738153,1.4177495
0.005415161,0.01844372,0.020297553,1.6860019,0.004934444,0.0028224401,0.0074121947,0.0068395827
0.00063055457,0.0024957997,0.024301747,1.715627,0.03551799,0.0033694282,0.0063459617,0.03962913
0.01708155,0.0144874295,0.001311,1.701458,0.05851689,0.00026477533,0.16156287,0.0016537136
0.067389324,0.02337869,0.016871104,1.7242811,0.027034288,0.010277941,0.009568403,0.0015061783
0.03801591,0.03725003,0.0039611747,1.751475,0.012492571,0.025015933,0.031382117,0.03775505
0.036847327,0.0675075,0.018165717,1.7734872,0.0063335705,0.06735023,0.025318895,0.019354086
0.4166678,2.0715673,1.8777606,0.3985012,0.5056094,0.6231322,1.0915291,1.3879817
0.009288923,0.011037375,0.007138033,1.8219029,0.013759533,0.041749798,0.04933468,0.01627899
0.006230178,0.01371494,0.008147788,1.8237642,0.010876281,0.0029503102,0.0024615915,0.052002907
0.020247467,0.011454872,0.011713851,1.6555885,0.016745472,0.04036984,0.071376115,0.015668303
0.011429556,0.010908584,0.09540215,1.7660419,0.069096625,0.011908144,0.009028047,0.021728858
0.13655256,0.7122025,2.5774672,0.87242305,0.24028142,0.24478416,1.5018421,0.5034496
0.058488704,0.053156696,0.8608268,1.9501979,0.02851099,0.03811162,0.0068473956,0.02550941
0.010559511,0.030723294,0.0028819237,1.8279767,0.00057106704,0.005988986,0.015571662,0.016647808
0.09270092,1.5479063,1.7867514,0.59058106,0.55804944,0.5677804,0.9590847,0.8655048
0.06979092,0.010780471,0.01851457,1.7294987,0.01026831,0.09701839,0.0024549996,0.04751522
0.07539581,0.0038298627,0.022761658,1.6815302,0.027682861,0.02270891,0.006208504,0.058234572
0.33934677,1.7908608,2.291207,1.0071435,0.40138713,0.9412104,1.1361191,1.0456839
0.06794224,0.0152958995,0.07156261,1.7729609,0.07039203,0.009786463,0.011580524,0.002885186
0.00666536,0.0045391107,0.014363556,1.6246748,0.009821058,0.029216062,0.029568119,0.008886979
0.2815115,1.9594884,2.355705,0.40154558,1.6043061,0.5429953,0.36134622,1.8481058
0.63804686,0.72354734,1.8352958,1.026528,0.5358237,0.7339758,1.04967,0.6415676
0.3005002,2.0702915,2.2050445,0.3061224,0.19648944,0.5684467,1.2734882,0.52268094
0.012011587,0.0149284145,0.02854428,1.8325423,0.03814761,0.00083605514,0.0008399021,0.0075457464
0.0035884322,0.014387388,0.01868911,1.8299657,0.009221629,0.023234645,0.00078112114,0.040391877
0.037035204,0.0057954546,0.009624397,1.2804105,0.010678866,0.016041713,0.018337956,0.010146896
0.2927944,1.2586721,2.2195477,0.463471,1.2100592,0.8041594,0.4496811,2.148255
0.03616735,0.025213605,0.016535988,1.8300642,0.00263133,0.0037934245,0.004832806,0.04081773
0.019953499,0.017109891,0.0075844275,1.5947359,0.027370857,0.0075282687,0.06908883,0.03086656
0.01440697,0.005683464,0.015067282,1.8379747,0.014842818,0.005904784,0.028598623,0.07992271
0.19931239,2.265937,2.483667,0.3587189,1.5670372,0.27285627,0.045247607,1.4840866
0.025376841,2.1166043,2.1118758,0.060521938,0.6234056,0.60746044,1.2157829,1.9724231
0.023773983,0.007205276,0.048613504,1.5964526,0.020178124,0.00466692,0.0018906399,0.013475067
0.090840556,0.02787371,0.07993475,1.79128,0.016344871,0.022800552,0.0045685614,0.04562764
0.4002436,1.6151146,2.0351062,0.6983577,1.0309509,1.0986617,1.219777,1.8054655
0.015180293,0.0262038,0.019477973,1.8420948,0.012949847,0.005807881,0.06556868,0.048168138
0.014405488,0.0025721313,0.6590727,1.6149814,0.06841987,0.004777181,0.0019714802,0.049775183
0.39193162,1.782667,1.8097576,0.40477473,0.29863685,0.74457794,1.3387667,0.6406104
0.70176095,1.7574896,1.5637387,0.11048874,1.2956868,0.15001658,0.43465915,1.7495155
0.055723272,0.0037537403,0.002099247,1.5975616,0.0025194148,0.063653655,0.0124375615,0.029606547
0.3679499,2.813199,2.021843,0.45323294,0.6620726,0.7234279,1.3161868,2.1954618
0.08289792,0.0153355915,0.0041768695,1.8576305,0.1089694,0.0051862746,0.0045121247,0.0020470505
0.018565794,0.008365664,0.075895436,1.8455174,0.08905031,0.03303951,0.049795702,0.0041763117
0.017225541,0.03863568,0.43880883,1.5382807,0.02232708,0.020612001,0.013347949,0.012102735
0.13726318,0.007932797,0.015025475,1.6294912,0.0011152828,0.0054501602,0.05354792,0.029070035
0.404278,2.002936,2.3415096,0.13127467,1.491834,0.17032604,0.05225031,1.5421599
0.023507161,0.011955705,0.005429315,1.5167922,0.013499146,0.002112441,0.0010586629,0.0100072
0.91161644,1.6206658,2.124075,1.011096,0.36063448,1.7911822,1.1570816,1.7630352
0.0043796017,0.00083374424,0.007839951,1.8894808,0.0060121533,0.0025151905,0.008514271,0.0019788418
0.043222357,0.0032197435,0.31655905,1.5405686,0.11169937,0.14414364,0.0010114833,0.12073178
0.13083442,0.0039574653,0.14070301,1.6833075,0.09247086,0.096369706,0.09458024,0.012798176
0.017299322,0.008303938,0.014082653,1.3269202,0.004803222,0.005521154,0.022663971,0.012369477
0.013140048,0.010229199,0.0016026861,1.4772892,5.5101177e-06,0.008070283,0.0016084663,0.015469678
0.108338565,1.8554329,1.8558651,0.5127795,0.10024619,0.8446581,1.6044384,0.6491191
0.043461945,0.0036011029,0.0020634634,1.3995041,0.0040389257,0.0023336292,0.049774922,0.0008991496
0.28819573,1.7220623,2.1636622,0.28425822,1.712534,0.4429415,0.7343491,2.5173059
0.011298821,0.012898363,0.09122359,1.5153812,0.009932452,7.08436e-05,0.06125079,0.06291642
0.0041557034,0.0030697735,0.117575094,1.8838716,0.01976816,0.09791832,0.0072338823,0.0011125306
0.0849751,2.5106757,2.2198884,0.034299463,1.7465135,0.098403536,0.02665327,1.9229257
0.7370065,1.9464458,1.9521934,0.57482135,0.70156384,2.3852355,1.0915711,1.5180727
0.644823,1.4688414,1.8065511,0.37586844,1.9391854,0.68542844,0.16460519,2.2572987
0.0058017992,0.023327792,0.05861228,1.3862742,0.0013650812,0.007047685,0.0017840519,0.00013872811
0.03633318,0.018684758,0.09854912,1.9008104,0.0011831331,0.15215264,0.0129875,0.052230306
0.09682422,1.9826834,1.5777204,0.24670663,0.053325646,0.693648,2.2079926,0.4627246
0.013339636,0.019743185,0.001031573,1.9043977,0.012483032,0.003373027,0.016931,0.019425256
0.34060094,0.13344169,2.0912104,1.0766985,0.27917176,0.8268628,1.0142072,1.178584
0.060960125,0.019884786,0.0016958882,1.8891362,0.061394442,0.023648731,0.07439131,0.073922865
0.010792195,0.04067414,0.04481851,1.9140038,0.0009678995,0.015842523,0.031615682,0.019814853
0.022370799,0.00036074567,0.0055677923,1.9269372,0.03013138,0.0032600001,0.012169814,0.010760604
0.28734773,2.01704,1.6745458,0.25405318,2.2802,0.18099958,0.0010401554,2.1474721
0.24627212,2.1393266,1.629731,0.041080162,1.5441833,0.055073053,0.014221128,1.8016161
0.32966605,1.280249,2.4023652,0.60337585,0.22190563,1.159333,1.518804,1.4944557
0.036301013,0.004010713,0.046119854,1.9068671,0.05699276,0.011635558,0.0028058405,0.07758746
0.04044863,2.087773,2.230407,0.014179604,1.7389281,0.11760043,0.07972744,2.2918365
0.4097369,1.8255737,1.9426888,0.45816135,0.4629707,1.4866158,1.26232,1.9162843
0.019464899,0.0017509661,0.0077015236,1.9479848,0.09300854,0.012946842,0.0045513315,0.003891219
0.65890104,1.0109141,2.7180421,0.813064,0.37587517,1.6552508,1.1151271,1.6620413
0.23555008,1.7335838,2.0133142,0.25816226,2.1484203,0.29143122,0.3223636,1.7585491
0.767824,0.5353488,2.411055,0.3789227,1.3459582,1.1157162,1.6332107,1.2334162
0.26090828,0.007341496,0.047789857,1.85784,0.026232317,0.031941235,0.08893038,0.22943427
0.01711144,2.0287123,2.2686956,0.0035561228,1.8005408,0.018490795,0.007757698,1.5164633
0.1937849,0.00027329448,0.022933269,1.940416,0.012451291,0.01231627,0.01601245,0.03205274
0.0012487409,0.04121269,0.0069183274,1.9624118,0.005252043,0.0010778311,0.0004726722,0.0045580314
0.01788586,0.03475807,0.009955735,1.9546107,0.005381294,0.0067282086,0.009154157,0.04252287
0.13718037,1.7341952,1.4694899,0.13386744,1.7062774,0.07056603,0.027178507,1.7258202
0.12178621,1.7483766,1.6921046,0.023363633,0.15272984,1.0449024,1.7126303,1.6304635
0.0463759,0.013932978,0.0034181837,1.9706607,0.04344149,0.008128393,0.020901423,0.013932776
0.072839454,1.7494844,1.6771098,0.16639829,0.6269383,1.6648452,1.3061342,2.2032218
0.3246358,1.6466409,1.913231,0.66272664,0.68502676,2.093975,1.6749607,2.0201006
0.07257559,1.6880928,2.1636631,0.043176867,0.15903473,1.3778191,2.0458286,1.0859945
0.079121925,1.6908163,2.1731303,0.029754952,0.17387754,1.2174975,1.7225683,1.5970054
0.7913514,1.0842685,2.1846142,0.65454215,0.71042055,1.9670092,1.5783005,1.6251951
0.00040284905,0.011250907,0.00101848,1.9988594,0.039960902,0.0026534884,0.00035822004,0.006658571
0.046181694,1.6663202,1.8549347,0.019203512,2.1020372,0.022616118,0.0692,1.8701453
0.07267877,1.7848454,2.0911276,0.03886479,0.39181215,1.2282528,1.8839524,1.6961894
0.00095230876,1.8401617,1.804892,0.0071567106,2.4469569,0.00038700725,9.8852266e-05,2.0327325
0.10192654,1.5397003,2.2206678,0.066747405,1.8982474,0.105905026,0.043183807,2.1534848
0.0047132396,0.036399737,0.014074677,2.030617,0.086217046,0.043743305,0.10879159,0.02508461
0.45174545,2.453995,2.764166,0.29265004,0.18245241,1.7381005,1.9625635,1.8554233
0.6830084,1.9137424,1.8362762,0.31858602,0.26642805,2.3505673,1.6420732,2.3116672
0.2192832,2.0330188,1.473201,0.38785988,0.3421541,2.0186179,1.7991251,1.5842261
0.0013552309,0.008457805,0.0023515914,2.030628,0.036484078,0.03383163,0.09522559,0.03568766
0.0061453762,0.00076758146,0.003037253,2.0386436,0.06510659,0.0037174812,0.0067860917,0.016419768
0.017710019,2.4992468,2.0015953,0.22626153,0.118500985,1.8942777,1.8217933,1.7417921
0.3703818,1.8000004,2.0174134,0.38699168,0.1362009,1.6933626,1.7107544,1.889237
0.4250128,1.9483202,2.2485585,0.17419091,0.3855189,2.016218,1.7486455,2.3557296
0.020234717,0.0027824864,0.051041324,2.0210788,0.0043774303,0.03180672,1.9987297e-05,0.014857587
0.012839985,0.0062012235,0.011031305,2.0493417,0.0014361262,0.0068077208,0.044575814,0.0065218345
0.14985444,0.020366255,0.0033962387,2.0371652,0.009410459,0.013917624,0.0047527887,0.21141858
0.07124521,0.024733398,0.074385576,1.9861398,0.030716956,0.054530323,0.04080753,0.0010056954
0.16600527,2.2964783,1.6261469,0.16812342,0.5242122,2.2265968,1.8690577,2.0873349
0.35418236,1.9993558,1.8910786,0.20964393,0.26830122,1.8346369,1.9315003,1.825972
0.08107413,1.4930837,1.6848832,0.19845237,2.1348987,0.112824626,0.020019379,1.8130465
0.011875247,0.02247627,0.49391747,1.9951191,0.010196038,0.06454931,0.02604696,0.04098019
0.078218944,0.4246288,1.7063422,0.5928066,0.6423237,0.051844653,0.04717014,1.4051306
0.03555099,2.226737,1.9902451,0.08947807,0.017806826,1.2074083,2.1971858,2.6707356
0.17336272,2.2257159,1.9839305,0.16711746,0.12919648,2.0346978,1.9546239,2.1460547
0.0068592657,0.0048764185,0.0036878043,2.0772078,0.028876469,0.016695738,0.018326253,0.012244227
0.0042748395,1.5632572,1.8274195,0.090893015,0.097794555,1.5637877,1.9679103,1.9027909
1.0407338,0.5612979,1.8978013,0.56585604,0.48949635,1.4617857,1.1914766,1.220393
0.011223636,0.0049949954,0.12474538,2.0685673,0.0046498654,0.016634354,0.009740663,0.0049599963
0.017002871,1.9529755,1.9328626,0.0012701781,0.036311314,2.3134878,2.1596956,1.6377032
0.008357905,1.7804168,1.547278,0.003600705,0.008999432,2.2784731,1.9143955,1.9148445
0.0005881082,0.029604513,0.0023332206,2.1031115,0.002722173,0.02116003,0.008984179,0.007143351
0.00088731997,0.001596733,0.0016935014,2.1316557,0.0066699223,0.016714333,0.00040894785,0.0036691735
0.0057909023,1.1899179,1.4078808,0.017807588,0.0057915794,1.2705256,1.7602022,1.6602075
0.006105282,0.0014033809,0.21504496,2.0487106,0.0017281485,0.014973051,0.037009757,0.029962793
0.5199461,0.9581646,2.0620472,0.39683744,0.55825865,1.3074867,1.6303337,1.9335365
0.014162189,0.035419192,0.033774596,2.0862396,0.016736798,0.008457784,0.005189772,0.031294186
0.12610419,1.9364285,2.2106948,0.23480506,0.3598185,1.8540107,2.918729,2.2515042
0.005228506,0.06532551,0.20594373,2.0785089,0.011688459,0.009240286,0.0291169,0.10628989
0.23389019,0.0022644137,0.68244135,2.2261786,0.032404944,0.067369424,0.012500538,0.06957505
0.1464207,1.6735041,1.6585727,0.0889534,0.020740543,2.1384172,2.227653,2.1809278
0.0097675575,0.015923766,0.010564152,2.1701221,0.013515561,0.0036699346,0.016604602,0.00017283681
0.06784937,1.3516685,1.712137,0.18745595,0.12090374,1.937924,1.4583844,2.7715747
0.0033980685,0.0144179445,0.03199382,2.1218557,0.01006019,0.031749938,0.011011821,0.041795436
0.11214973,0.027700055,0.4305757,2.1178777,0.10041134,0.003910906,0.016720146,0.004984823
0.06806243,1.0773059,1.970132,0.10076165,0.20306213,1.841525,1.476002,1.6564522
0.014721607,0.028931798,0.013036303,2.146992,0.010291162,0.0014047364,0.004681978,0.018283857
0.06523976,1.1770258,1.9639529,0.009380621,0.035602283,1.3567232,2.148509,2.389049
0.07534061,0.06489755,0.6294339,2.2667873,0.036231615,0.01782206,0.021919273,0.005314616
0.022308744,1.6093776,2.262338,0.0154083,0.006186788,2.5914173,2.3476105,2.2020113
0.018601311,0.0015794488,0.004804328,2.1404154,0.006361477,0.032021437,0.03332059,0.06541218
0.010229479,0.0030261993,0.012543563,2.1777222,0.016469007,0.04964827,0.034349807,0.044744823
0.51216984,0.019462282,1.2597034,0.9036813,0.8017599,1.3386923,0.91126627,1.1184018
0.0125228325,0.018686667,0.027437102,2.196615,0.024088033,0.0016161483,0.010214196,0.011033101
0.015478968,0.0028573833,0.033778746,2.1313283,0.00254687,0.020517927,0.030678371,0.13214247
0.0043357103,0.024895571,0.019309245,2.24225,0.02656453,0.0070794863,0.12978348,0.11465621
0.020375716,1.1583472,1.5686077,0.04487922,2.2960992,0.21112055,0.0012477818,1.9323032
0.0063606827,0.011551735,0.004063556,2.220416,0.025920166,0.0422628,0.015037871,0.003320873
0.0030586517,0.09257599,1.3155402,0.5840549,0.077609554,0.8369795,1.7360741,0.45844516
0.027963096,0.005856605,0.0031681678,2.2246532,0.051162012,0.06407301,0.0109985825,0.017878171
0.01031378,1.0841693,2.1636736,0.010947643,0.10781465,1.9649128,2.6700683,1.399944
0.04507988,0.03369569,0.08238768,2.219756,0.10131864,0.007574279,0.055815138,0.019933682
0.0182741,0.010258416,0.014740627,2.2307537,0.045038104,0.009951168,0.057046063,0.0005103569
0.038545884,1.2081311,1.1930099,0.0024130645,2.1395376,0.004795465,0.028560989,1.7798382
0.08224873,0.95674074,1.6589024,0.028540952,1.9510157,0.08730063,0.014207825,1.4693537
0.17434828,0.014286967,0.020841721,2.243557,0.0048187627,0.043811727,0.024157537,0.01948385
0.004498534,0.037166607,0.1958611,2.2558527,0.02227469,0.009264767,0.0081695225,0.093697034
0.03538113,0.9805553,2.1651187,0.06645254,0.028382557,1.4734079,2.161132,2.4946196
0.01836234,0.021276912,0.029712936,2.2648742,0.17454973,0.13133667,0.004333873,0.09504281
0.6728905,0.03990286,2.8297482,0.9100691,1.6691465,0.8427837,0.008393219,2.0627844
0.012850112,0.85423166,1.7181488,0.21647869,1.8766485,0.09122534,0.028666886,1.6179451
0.0027601663,0.8165427,2.2956467,0.0008716475,1.6194512,0.024380893,0.015875356,2.0624251
9.793064e-05,0.80150276,2.1930408,0.04882035,1.8268397,0.023729268,0.00975646,1.587212
0.022505261,0.015524519,0.0015109292,2.280646,0.018606808,0.005782281,0.00031419887,0.18374895
0.041880712,0.016840676,0.009234562,2.3034112,0.0008101586,0.024861105,0.044277407,0.004244551
0.12955065,0.419198,1.9604485,0.06291591,0.13020316,1.1894976,1.5322781,1.8711404
0.07967041,0.0005777202,0.02348826,2.3043394,0.0053832615,0.0027463916,0.025018798,0.02660984
0.011549139,0.014863914,0.69331396,2.7350783,0.011077932,0.0118300365,0.00048181094,0.0117441565
0.0036615662,0.00065873464,0.011929138,2.320335,0.023367891,0.002973273,0.00078396377,0.010767504
0.011121626,0.82024515,1.9795272,0.0019357844,4.5418994e-05,1.8500199,2.0804243,1.9880825
0.14904271,0.0001657277,0.01933406,2.3635144,0.0070205308,0.023718383,0.0685659,0.010181345
0.3163645,0.6366825,2.2687411,0.081870526,2.203716,0.24359067,0.03938081,1.6626862
0.09844076,3.2596185e-05,0.006788543,2.3599937,0.0011770127,0.00092541584,0.032143258,0.0858758
0.011504493,0.0026157782,0.1914693,2.3695736,0.0059838523,0.01363947,0.007508576,0.000948297
0.0046175555,0.061368525,0.09500538,2.3529556,0.006002153,0.028103497,0.0070051136,0.05588205
0.0036664258,0.00048629456,0.049777035,2.3802664,0.060193554,0.0047200327,0.012921821,0.0131066
0.00494882,0.01687905,0.014458021,2.3871586,0.10983327,0.010744374,0.011407007,0.047842864
0.038334057,0.52180475,1.9914031,0.16380656,1.731894,0.063522995,0.0019885718,1.7820839
0.58414483,0.26527143,2.584118,0.16778019,0.37452143,2.440729,1.4003333,1.9900367
0.044747233,0.008158708,0.009526175,2.3961277,0.0029264053,0.026523111,0.011363974,0.07188723
0.07184189,0.0053744433,0.07747164,2.4270744,0.0010217626,0.030664418,0.026570834,0.009290618
0.023276918,0.40436155,2.5050082,0.0128883505,1.873989,0.000749352,0.005618863,1.6262053
0.055343274,0.0071322066,0.0010581256,2.3998346,0.015806928,0.14094651,0.0011833501,0.04517316
0.05930289,0.054457657,0.0022711186,2.4597192,0.001622159,6.970154e-05,0.018885443,0.0024547908
0.98046535,0.10664449,1.4461343,0.50239533,0.53894186,1.6994005,1.625093,1.6121709
0.036757693,0.6388404,1.5595644,0.090761214,1.7269174,0.01607735,0.0035315622,1.9889897
0.097869284,0.019251889,1.9480569,0.049266003,0.12652601,1.2739394,1.9047872,1.8195491
0.0015600417,0.30956414,2.5408745,0.011145938,0.008751912,2.0863068,1.5551425,2.0866175
0.052476365,0.007988815,0.00251117,2.4814947,0.03310823,0.0022010314,0.0092738625,0.012049021
0.003335958,0.024493983,0.005528314,2.5025067,0.0017123468,0.011937189,0.007070434,0.0048993486
0.0067010676,0.059989538,2.4285777,0.022100322,1.6669464,0.040204383,0.00848634,1.5931236
0.00854539,0.34481752,1.6334088,0.13225006,0.0073830686,1.8599639,1.5131402,1.6685818
0.13547383,0.030149387,1.9043105,0.050025076,0.45145833,1.5909034,1.9023334,1.8385551
0.004382161,0.04617701,2.6542685,0.06764416,1.669575,0.020164814,0.025078733,2.5616896
0.041154183,0.23370898,1.9795376,0.0129159,0.001838788,1.834573,1.6660244,2.141295
0.021032408,0.03248815,0.0006494876,2.5350907,0.015709927,0.02420198,0.0002906978,0.029818503
0.0053621,0.022419957,2.4934173,0.0015883002,0.009837676,2.0929945,1.6299274,2.1169322
0.0004541754,0.012861288,0.30124164,2.5519297,0.008529352,0.0023894273,0.0068917098,0.0035933142
0.013459885,0.41589022,1.7050744,0.006299151,2.1519449,0.00035071568,0.0023329726,2.147768
0.07835369,0.12815319,2.0123634,0.037399177,2.4342437,0.018802999,0.0022553406,1.5395931
0.14920837,0.008114017,0.029291466,2.5817325,0.002398318,0.028066067,2.4573683e-05,0.0042213798
0.0007331674,0.08982459,1.9972621,0.06589338,2.1705241,0.0074679577,0.07003758,2.081382
0.023316858,0.10995302,2.2093322,0.003008709,0.02382993,2.0831373,1.8765678,1.9239455
0.07126488,0.015997073,0.10193493,2.5890992,0.0037514523,0.03497353,0.025679564,0.022821913
0.050595094,0.18505895,1.9574846,0.056828164,0.2765779,1.9722612,2.0803013,1.9640008
0.021636989,0.0018833039,1.9664506,0.0072156093,0.06704908,2.0278695,1.8089205,1.6879941
0.011219131,0.006369361,2.5342,0.014966782,0.009151982,2.4391582,2.0287364,1.8061622
0.044643648,0.023040103,1.7994393,0.045094445,1.8071922,0.0041820905,0.009363679,1.9417025
0.18314373,0.060405567,1.8293008,0.23229499,2.1140912,0.3273675,0.0011083594,1.7096467
0.022891574,0.031993482,1.8825413,0.029337943,0.0018033138,2.0901635,1.5747993,2.2848897
0.00023124368,0.0005284459,0.022257796,2.6157088,0.0047281724,0.08270965,0.007251098,0.055274818
0.5164337,0.07597636,1.9993387,0.37784088,2.363609,0.32077917,0.107040234,2.4116225
0.087084435,0.10569422,1.8602445,0.023615958,0.003930108,1.8709065,2.0701518,2.030669
0.028101414,3.1954816e-05,0.01355336,2.9181876,0.08141294,0.008745338,0.0036702403,0.024043756
0.02324158,0.012876355,1.8215605,0.012763649,0.010734318,2.2158267,1.6196415,1.7404482
0.037642967,0.13671228,1.7905532,0.15315394,2.1167383,0.19285989,0.054135326,2.4565961
0.08148407,0.08948389,1.9656321,0.1339057,0.029797174,2.1396024,2.3550036,2.19969
0.006228534,0.02067693,0.014988426,2.8162055,0.014114041,0.053227156,0.034211885,0.026256427
0.0022527364,0.0005635315,1.6782503,0.0004228088,2.109679,0.079854205,0.056569107,1.8877332
0.017129691,0.00080943666,1.6123132,0.010214583,2.2918732,0.010116923,0.014218951,1.6732621
0.041038003,0.18179986,1.7122113,0.019786928,0.08663037,2.5855334,1.5415457,2.461386
0.04434748,0.18473914,1.6862831,0.00094183534,0.0016529909,2.0716763,2.1579626,1.4208151
0.017568478,0.4526903,2.0689225,0.09116131,0.027124722,2.6641784,2.5441136,1.6013063
0.059086945,0.45996138,1.3634455,0.016103342,1.6705546,0.059587263,0.003372633,2.199252
0.049941942,0.21687791,1.5017164,0.0064647743,0.03643316,1.9781349,1.9277368,2.5815563
0.05235783,0.34635398,1.3536502,0.13647121,1.9351479,0.14480712,0.020562306,1.8850818
0.06423243,0.028310606,1.2592939,0.00493193,0.047336888,1.6442257,1.1090492,1.7984226
0.0011872686,0.003058333,1.3522432,0.015377937,1.8224491,0.0080160815,0.0011685818,1.8472794
0.0022514444,0.019075986,1.406985,0.033734683,0.0018235117,2.2526326,2.179834,1.7966912
0.015961783,0.025579274,1.4694165,0.015409902,0.08875399,1.7943537,2.4300356,2.511139
0.14931354,0.00014055327,1.3594246,0.01358713,0.08932987,1.8034009,2.3188217,2.0353873
0.7013436,0.004578752,0.027924828,0.0065990463,0.43905023,0.69810253,1.0536122,1.6429657
0.009036067,0.004039883,1.2166815,0.069194995,1.6659832,0.009381001,0.019331006,2.1810226
0.002314083,0.0076662316,1.1687802,0.012876742,2.0448887,0.010458321,0.03795894,1.9760953
0.017692437,0.062307317,1.1089668,0.017657282,0.07418289,1.939282,2.2150495,2.2598999
0.024295762,0.0059479675,1.020379,0.037223626,1.7119191,0.03392806,0.040378865,2.3202927
0.0021951308,0.0036998736,0.9344602,0.015542678,2.0240285,0.003213039,5.228709e-06,2.0673022
0.00035204168,0.07455017,1.2855036,0.0510268,0.022386732,2.7677684,2.508009,1.7213537
0.030632436,0.006863904,0.9346129,0.16441397,2.0945919,0.22390363,0.027384227,1.5937158
0.11668674,0.05742419,0.9227201,0.02728409,2.393864,0.009948075,0.0658054,1.7907671
0.01334162,0.017662127,0.81999487,0.02187696,0.005762425,1.6532655,1.8610085,2.0607698
0.66853476,0.64454526,0.0005002442,0.07062094,0.9687422,0.003988432,0.16583458,2.0898213
0.014434258,0.06114579,0.83027524,0.01743749,1.5376472,0.034226324,0.011107102,1.9777896
0.0074345884,0.00030628964,0.70040816,0.02310913,0.04663491,1.9193454,1.9358999,2.3917594
0.018377539,0.022530016,0.008350116,0.0819201,0.0014420572,1.9557394,2.0480247,2.0696418
0.004196457,0.013937945,0.0019176306,0.009807866,0.0057036844,2.0016558,2.0794277,2.0379944
0.03394915,0.0056571993,0.0007358909,0.00066951086,0.0005237425,2.0535808,1.9860692,1.9429176
0.3884324,0.16561817,0.33006266,0.5735724,0.5058931,1.7300246,1.8540295,1.5496261
0.010548755,0.015036097,0.027572421,0.0007665053,0.02853558,1.8973672,2.0506334,2.104765
0.0120324455,0.018825132,0.10937163,0.004034862,0.033679504,2.099803,2.028245,1.8932849
0.07414782,0.0015276588,0.066121295,0.0018552743,0.0009544797,1.8852991,2.0940049,2.0790281
0.0019922247,0.0044805375,0.4113593,0.02224603,0.011692129,1.9026585,1.7771299,1.8613331
0.061239585,0.049214266,0.021282125,0.08109293,0.01251301,2.0138662,2.1791995,2.0095053
0.23887582,0.0042773183,0.65557355,0.031528614,0.03836531,1.7164375,2.2339578,1.6946372
0.015105715,0.053907406,0.716341,0.021213625,2.2665114,0.006290352,0.004826248,1.8640548
0.0072474033,0.0058265068,0.008322674,0.0019384472,0.007579624,1.8281013,2.1146517,2.0697317
0.0027816787,0.060269307,0.0011919355,0.018094253,0.015380087,1.8609638,2.0402863,2.1181343
0.031809863,0.0059849382,0.9193657,0.0154303275,0.05127902,2.4903984,2.363581,1.6477035
0.063622564,0.00023977629,0.9724906,0.0016939087,1.1714814,0.04754015,0.006498329,1.485188
0.03864086,0.036947064,0.006119245,0.055226814,0.0036421313,1.9481392,1.7717975,2.016018
0.009596444,0.00818375,0.7923815,0.009230559,0.0005197642,1.6060306,1.6629525,2.6057534
0.03197802,0.027512085,0.5691087,0.03383726,2.0382464,0.01640556,0.0002302721,1.9729924
0.0066610463,0.0031315195,0.005166916,0.004816994,0.027281592,1.8147295,1.8129698,1.8614212
0.045063097,0.0014337222,0.02147745,0.02257684,0.05152403,1.834396,1.9189162,1.7777317
0.007480237,0.011414348,0.092136286,0.02603198,0.002292883,2.045234,2.0811276,1.8248663
0.00033528637,0.015738001,0.02585457,0.0010939535,0.0011073519,1.5803517,1.8336926,2.1098158
0.040782753,0.03125651,0.04952346,0.008775307,0.021495339,1.6323086,1.8540262,2.0743368
0.06555425,0.025707847,0.0041854605,0.010038436,0.013790422,1.9672718,1.849354,2.2000024
0.0039654966,0.020382045,0.009076452,0.055190023,0.056017447,1.7763494,1.856436,2.1823168
0.018225305,0.0016351631,0.59404784,0.019779071,0.040329844,1.5383791,2.1668816,2.2939017
0.037266124,0.002084837,0.015533931,0.107000545,0.030730732,1.7673811,2.224153,1.9314376
0.03252302,0.07961184,0.0076259472,0.014031443,0.04067484,1.9617536,1.9750112,1.7172478
0.34991556,0.3916516,0.09947266,0.166609,0.23667146,1.7190738,1.8155551,1.6416608
0.021884304,0.03628505,0.5025903,0.058040388,0.029735101,1.3779176,1.8094144,2.1705885
0.17418773,7.884376e-05,0.017506657,0.01930704,0.0041545243,1.6201112,1.2231611,2.1156156
0.005089449,0.016860064,0.00895312,0.02092606,0.008932103,1.7595938,1.6115264,2.0227203
0.0070430795,0.003991505,0.011301111,0.0032315082,0.0044354093,1.6496296,1.5741556,2.075724
0.035242632,0.0055540265,0.009755578,0.018356176,0.016286915,2.243277,1.9794097,1.9955562
0.049277842,0.027901238,0.008196658,0.0034905167,0.0127536245,2.1603048,1.8783689,1.8795422
0.0021260355,0.0057326998,0.012514459,0.00018448674,0.0061764857,1.8487033,2.3009334,2.1022217
0.0846503,0.008315547,0.005609626,0.00027683369,0.07281381,2.1392395,1.8336188,1.8624218
0.019336328,0.011005357,0.202176,0.0017315499,0.08526172,2.2962964,2.035265,1.9746941
0.0046241283,0.0032238064,0.051521685,0.006730722,0.0004612514,1.6657006,2.1910918,2.0639427
0.02654359,0.0038260352,0.34229627,0.05078297,1.9239392,0.06928254,0.010916821,1.7191296
0.0053793094,0.0020173052,0.20221111,0.010612593,0.034765314,1.8071665,1.8691043,2.2992158
0.059625864,0.11990398,0.13633883,0.028513502,0.019891687,1.5215818,1.3708882,1.8829554
0.0023916448,0.21241541,0.08548341,0.017581664,0.06828471,1.8969014,1.639059,1.87152
0.018172543,0.0025819386,0.05894882,0.014551126,0.035741325,2.0451381,2.0342321,1.6750907
0.0599721,0.0014597422,0.032744646,0.11479005,0.03710046,1.9299163,2.3303246,1.8751296
0.025438799,0.015761701,0.034660462,0.028194055,0.013233433,1.45352,1.8837018,1.8807353
0.0071839113,0.066647574,0.0034649968,0.0005514962,0.0012428882,2.1071436,2.195978,2.23924
0.012592366,0.054031618,0.115091756,0.0035394423,0.016090706,1.7410029,1.8995756,2.3299048
0.021522945,0.015333835,0.067197904,0.00071109954,0.027683284,2.1512964,2.2627046,1.9127064
0.049575526,0.021255875,0.009967307,0.020999094,0.015487814,2.0596647,1.6445367,2.1297746
0.11241619,0.018493365,0.017790832,0.007214007,0.00071510114,1.3834178,1.8234746,2.251183
0.015449335,0.002400513,0.0017228915,0.014039761,0.01104096,1.6191679,2.2392864,1.9687927
0.004280194,0.01994636,0.06723824,0.091509014,0.020567257,1.9508524,2.2934918,1.7845944
0.025094466,0.03913906,0.25289714,0.003144199,0.0008045457,2.1032877,2.2177672,2.2978551
0.044613056,0.015802704,0.13795197,0.010668633,0.02059327,1.5631187,2.2761152,1.823586
0.12660426,0.002183704,0.05798379,0.027424324,0.04583889,1.8257446,1.97089,1.5339733
0.18489225,0.016943922,0.009368728,0.015615237,0.0036018132,2.1952808,1.7358738,1.9141703
0.0837795,0.017702838,0.0034197923,0.0024235318,0.014187725,1.9871356,1.5705439,2.1727629
0.0022082117,0.036894303,0.03107566,0.04138694,0.03158315,1.6998456,1.4862115,1.8234531
0.026871633,0.008439538,0.0032633622,0.0046540424,0.00089643185,1.7538955,2.1524117,2.3241594
0.022717841,0.0042806645,0.008043536,0.038191114,0.0044713365,1.6315298,2.1870022,1.1852797
0.100906014,0.005047248,0.014306529,0.022291083,0.039109234,1.8970546,1.7196147,1.5798367
0.028095057,0.022271825,0.0035356905,0.024612045,0.014963749,2.2354617,1.8149034,1.9093326
0.050639857,0.0126850875,0.07440612,0.048380543,0.034441363,1.486705,2.2714605,1.8465014
0.011906436,0.02199524,0.023472762,0.031364374,0.0049485504,2.1494315,1.7522221,2.2278447
0.0041017546,0.035346657,0.02019787,0.001541678,0.055156093,1.3236568,2.041967,2.456023
0.07491093,0.049690973,0.0025038996,0.043314446,0.1813251,2.0541542,1.7403877,2.2629976
0.011156828,0.072869256,0.024833696,0.0038832363,0.05592577,1.4172629,2.1099248,1.7158736
0.00023133383,0.005540272,0.013655334,0.01834498,0.0071882545,2.2934015,2.0216694,1.7379878
0.005821926,0.0032798923,0.018956035,0.0036565303,0.0026962417,1.958483,1.6137286,1.7338356
0.0017078612,0.019005772,0.0028229202,0.0010613333,0.029209454,1.6643533,2.4858963,1.8777995
0.009330093,0.000982331,0.0045370753,0.022470053,0.088200286,1.7066975,2.0629294,1.2373302
0.0070027034,0.017362863,0.016197233,0.036902156,0.010967466,2.09581,1.5049733,2.0191326
0.046797145,0.019231819,0.0010401419,0.012621364,0.03425816,2.1327353,2.258906,1.5849326
0.038887788,0.0023735373,0.010508135,0.014633741,0.04099709,1.7777416,1.5711955,2.3981137
0.015746607,0.06908461,0.010908741,0.020559514,0.0008617263,2.2112293,2.2091985,1.5977148
0.0020845828,0.018207192,0.00083455583,0.009743436,0.014083708,1.3990133,2.4178889,1.7101494
0.024710342,0.08037789,0.032402653,0.060663346,0.08222323,2.2002587,2.1845627,2.1835907
0.013234765,0.0002697634,0.0038048655,0.06315678,0.02292362,2.2082365,2.2388856,2.1400614
0.015343855,0.022106681,0.035897523,0.027355561,0.0014812124,2.153353,1.732778,2.2887592
0.002371517,0.019398922,0.1088778,0.017536959,0.0094139585,2.3316545,2.0770667,1.7744833
0.044189133,0.0046144607,0.006663727,0.03880386,0.05151279,1.5408962,2.1659477,2.353947
0.004031959,0.022588653,0.010423392,0.056251585,0.014703519,1.7051941,2.1858623,2.4090247
0.010405215,0.0050687194,0.024983872,0.026503166,0.038988642,2.2863739,1.679965,2.009089
0.0102159325,0.036697086,0.43450218,0.007945068,0.018917868,2.410339,2.5188758,1.3237083
0.0019990026,0.027066138,0.0018186345,0.00063936645,0.020986954,1.5555571,2.258635,2.3047652
0.0010310039,0.012548087,0.0014466188,0.025961552,0.003699763,2.3917797,2.0316427,1.8226136
0.0054071415,0.017523801,0.02430671,0.0040331045,1.7547854,0.00081965077,0.0008196533,1.8801998
0.15098028,0.0050764894,0.0075104265,0.0047432533,0.050378047,2.282391,2.3542707,1.7568806
0.025911931,0.2007512,0.0130042415,0.3263685,1.9680208,0.015394798,0.011660836,1.7720971
0.00040163973,0.0010476669,0.06782639,0.013756007,0.08508808,2.1733239,1.3745048,1.9617199
0.014694339,0.009208092,0.037930585,0.011859572,1.9280077,0.0130550675,0.14413376,1.8411628
0.013218428,0.022812188,0.185724,0.022398382,0.035404976,1.9656781,2.1824596,2.4160526
0.05964084,0.054778732,0.014478753,0.017156344,0.0037862891,1.858168,2.525641,2.1142936
0.027205491,0.016188271,0.016365102,0.018362444,0.010188049,2.2218082,2.387074,1.8735061
0.04198454,0.023834936,0.29751182,0.02646785,0.029234327,2.1596444,2.0016487,1.5089768
0.042868886,0.013052777,0.033823334,0.04601871,1.8645513,0.0068981005,0.014618982,1.798013
0.01074888,0.0065402193,0.01687623,0.043742303,0.005762452,2.2159536,1.5542063,1.6950532
0.24235992,0.0059065092,0.0087727895,0.008879994,0.073462635,1.7206875,2.1324952,2.4977028
0.08503667,0.008090521,0.011072912,0.01214628,0.011015266,1.5907471,2.2236447,2.5147157
0.00910577,0.00512254,0.025885927,0.05543982,9.2252754e-05,2.1822388,2.3501503,2.1576471
0.06698662,0.0033368422,0.029132213,0.037767347,1.9473865,0.0037256612,0.0102672875,1.8606814
0.14314638,0.008453075,0.0059856405,0.01865736,0.052991062,1.8184242,2.3018825,2.3912168
0.0016967346,0.016514303,0.037508287,0.0073582367,0.044463597,2.229387,1.6029614,1.5943965
0.110080846,0.021560283,0.0042179213,0.002707056,0.018035403,2.1664648,1.4522845,1.4760017
0.18560888,0.001768998,0.041009977,0.002239943,2.0637088,0.017588558,0.0002965709,1.9607712
0.0061293864,0.007474335,0.0019026425,0.008481197,0.06006897,2.3486547,2.2875493,1.7326101
0.012684047,0.0041436544,0.013290429,0.014354955,0.024025435,2.3578925,1.9171609,1.614553
0.02705947,0.21031685,0.008686483,0.006389028,1.9460894,0.041359864,0.0144535275,2.090591
0.010164116,0.01018737,0.00091252534,0.039860837,0.043548003,1.6401799,1.9722521,2.6180103
0.15781236,0.0908598,0.18088628,0.0068436554,1.7531867,0.032298945,0.023375377,2.028911
0.0041006696,0.11493429,0.058013603,0.00016402364,1.7914963,0.01975768,0.0036686563,1.8829068
0.004803024,0.02804661,0.009609052,0.0010434211,0.0011604109,1.9344832,1.6288995,2.6725106
0.14287578,0.0016415501,0.010366549,0.004226161,0.016693335,1.6944199,2.1320322,2.5470495
0.07409006,0.046322092,0.0048846914,0.06019685,0.0059751817,2.3053162,1.6536623,1.6574005
0.00554915,0.036202602,0.011256574,0.0077804937,0.03767529,1.9394304,1.7333262,2.6137135
0.006744803,0.035732426,0.06568017,0.10000503,1.7912453,0.0065029743,0.0012085438,1.9057944
0.070802584,0.03066531,0.08943108,0.12677406,1.7796406,0.16773781,0.00078004604,1.8031985
0.008458612,0.00046994296,0.022879804,0.06265098,0.09025961,2.1223285,2.4856,1.9961785
0.0037000852,0.021071546,0.03258142,0.054143988,0.0026135556,2.479942,2.0354717,2.0626142
0.00033957386,0.030225262,0.08798617,0.016462538,0.055480897,2.3695765,2.453656,1.5955033
0.017001687,0.00541237,0.018910011,0.02430153,1.6998441,0.012837152,0.01638274,1.8651973
0.0128811225,0.15084912,0.00016479118,0.020195631,0.03576676,2.1027703,2.1965446,2.4075842
0.001344857,0.001349061,0.00621477,0.00627752,0.03422299,2.3502026,1.7177898,1.887783
0.0006991776,0.0020303514,0.02672605,0.013211494,1.840872,6.166913e-05,0.1425761,1.9862957
0.02408624,0.0016140798,0.017381944,0.04187453,1.7159492,0.01494768,0.004593827,1.9059912
0.0019292653,0.0163189,0.0075394316,0.04644036,0.009419498,2.4304938,1.5290751,2.1785743
0.0061626034,0.0112693375,0.102918044,0.051256534,0.004573907,1.492402,2.3701198,2.4930162
0.11781959,0.009276519,0.056694224,0.0042279377,1.9287864,0.0029610943,0.01651275,2.03563
0.060169872,0.032880552,0.13098957,0.020709742,0.05861006,2.4912426,1.9682506,1.7753536
0.0010683895,0.018137848,0.03060092,0.0025218576,0.0023634618,2.3886375,1.879907,1.5896446
0.104449354,0.00820532,0.0477768,0.06033352,2.0514138,0.00076494354,0.007894324,1.8280183
0.0085836705,0.01472532,0.011429605,0.078280374,1.8481916,0.006757839,0.011072181,2.0314755
0.08070329,0.03679792,0.009273414,0.043286797,1.9454229,0.035081588,0.014575165,2.0271223
0.043644015,0.007643795,0.024679314,0.0038186961,2.0127165,0.0007814864,0.006193169,1.8966925
1.42504905e-05,0.10209113,0.0010592646,0.009079011,0.008439009,2.109012,2.6508532,1.8035289
0.005926207,0.0011193425,0.0059231627,0.014036238,1.7326798,0.010453066,0.07529857,1.7628709
0.00613045,0.019835558,0.00651958,0.02900274,1.9616445,0.057885483,0.030315787,1.9682444
0.17361403,0.032518264,0.005478139,0.25330317,1.9467299,0.009046743,0.016323294,1.7179812
0.01253361,0.001871697,0.014810073,0.018356591,0.03707808,2.4497473,1.8012242,1.5168163
0.0054493053,0.03787057,0.0042127203,0.008728663,1.9760998,0.022476783,0.018296212,2.0192037
0.0007821828,0.0046820836,0.24833654,0.0073242355,0.017634317,1.3677431,2.8541,2.093862
0.004648947,0.02681561,0.010904139,0.009101987,0.026484648,1.7428118,2.2869236,2.6001248
0.050232895,0.008575247,0.006693612,0.08014308,1.9414142,0.029936101,0.018883381,2.065328
0.0037561278,0.044229154,0.0013497595,0.015073872,1.7582767,0.0004939159,0.011138643,1.7953267
0.03310362,0.023926836,0.28354874,0.1608918,0.12974991,2.3898504,2.498907,2.2870033
0.0010355312,0.0004673702,0.10526439,0.0021886087,0.008402354,2.271223,2.4102545,2.046748
0.0512378,0.023403222,0.028451853,0.058846578,1.9551717,0.013596245,0.024509294,2.042551
0.029777449,0.03713491,0.024833463,0.012222103,1.7064409,0.005153798,0.00032601002,1.9702226
0.11590515,0.022508627,0.00046146024,0.011791491,1.8644652,0.0009981449,0.056384552,2.0332155
0.0013365507,0.021138387,0.08139567,0.051054996,1.6528519,0.00019971465,0.009272768,1.8329873
0.00024905984,0.002753021,0.001215683,0.029254936,0.018289767,2.5108857,2.198202,1.9826034
0.0223589,0.0020946667,0.012441511,0.04332553,1.6571763,0.020375261,0.012894056,1.8022444
0.096743755,0.06764211,0.0045801713,0.04992906,1.7986001,0.011533752,0.012460421,1.9518245
0.008217472,0.0027522813,0.004837726,0.01952707,2.0611289,0.062922105,0.009521796,1.7891535
0.00075543503,0.006274093,0.17647439,0.01625289,1.5287558,0.002657463,0.003903745,1.890917
0.010498544,0.041522384,0.056892987,0.0068870303,1.9813039,0.0045533567,0.014262265,2.0842307
0.009813722,0.0492937,0.0070566987,0.029866451,0.00023621158,2.2063324,1.6807655,2.5563626
0.032600172,0.00093086803,0.07845756,0.07337816,1.7868669,0.005760932,0.010725976,2.0695395
0.065301225,0.0031056672,0.008970283,0.02272104,0.019536408,2.4932473,2.2389748,1.9488015
0.010306754,0.013483509,0.0024198215,0.002601543,2.0590177,0.0031244,0.0035159693,1.7634034
0.03139299,0.002584279,0.030515665,0.0052778535,2.0003333,0.10790316,0.049657334,1.7065188
0.02748906,0.0078502195,0.009717362,0.0069419676,0.007294196,2.4781125,1.7226262,1.8294562
0.013515526,0.0016337401,0.03754575,0.008372477,0.09688239,2.2953205,2.5087543,2.1614058
0.03476825,0.016901081,0.06311211,0.11069702,1.8910453,0.056686465,0.018102076,1.719795
0.011549558,0.0043974626,0.018380301,0.042820044,0.022797832,2.1764877,2.3901114,2.4466245
0.002187589,0.0010676438,0.14354597,0.045320533,1.7498662,0.0012329094,0.027114803,2.0925167
0.05628308,0.044675495,0.00636361,0.017062385,1.6121459,0.014877702,0.0067526377,1.982734
0.04753991,0.01687432,0.13093947,0.0011085657,1.5774987,0.004160308,0.0012370916,1.9787831
0.092078574,0.005789012,0.0025176269,0.0031793565,1.8759477,0.008329502,0.013961191,2.1043048
0.12789866,0.0019266742,0.0015624778,0.020643558,0.10861535,1.8939352,1.9831922,2.7934783
0.0184768,0.004633059,0.010556882,0.021931833,1.9616364,0.008798739,0.0021446298,1.683263
0.16777107,0.000680981,0.007752041,0.00917914,0.030969365,2.2053347,1.6926233,2.6736116
0.059982557,0.00072986336,0.0011376484,0.03357969,1.8582524,0.06862679,0.00012894523,1.67908
0.0068618148,0.038874023,0.015061492,0.023120604,2.1415446,0.004542248,0.027648857,1.9069332
0.20793132,0.027313607,0.008930448,0.17948398,0.18999885,2.161894,2.0614781,2.634893
0.00069619616,0.008340529,0.004267897,0.0030819871,1.558954,0.008086417,0.026930917,1.8467512
0.029856086,0.0029218418,0.026057737,0.009933136,0.03638908,1.8244476,2.4101758,2.6046736
0.0018369807,0.018669741,0.0037999323,0.012113816,0.027484152,2.6398468,1.9284519,1.8565198
0.0009760173,0.0018645764,0.0076983366,0.0053669647,1.9988155,0.010857155,0.016965384,2.1083577
0.0058463993,0.0070934054,0.035661735,0.0013995415,1.8798862,0.002156513,0.00099359,1.6116167
0.008391897,0.020548822,0.013506741,0.0041463887,0.08616605,2.606547,1.6241947,1.5461237
0.045523167,0.003776338,0.0077306638,0.0048132823,2.027785,0.024433456,0.010525821,1.668669
0.0075772963,0.004358327,0.02305996,0.12447833,1.6571983,0.001512109,0.005237406,1.7024109
0.0039724405,0.023256289,0.056263547,0.0054015596,1.8077879,0.0004778772,0.023801148,1.6371914
0.028590003,0.007491096,0.039096877,0.0015732171,0.043748673,1.6857094,2.7612011,2.410744
0.0060501974,0.0050152615,0.0073392726,0.005231533,0.010227578,2.3646863,2.533275,2.342752
0.006353608,0.0044063674,0.019599337,0.005782626,0.003869266,2.2971487,2.1843426,2.4946716
0.017594676,0.013583185,0.0056275586,0.0024645135,0.01339115,2.7460582,2.5478904,1.975301
0.019676628,0.011293351,0.04296086,0.027532415,0.0335682,2.4612207,2.664339,1.9255362
0.024782412,0.0030129796,0.0033486446,0.011871267,0.0063997335,2.497979,2.4098368,1.9744775
0.08794815,0.026495934,0.019599969,0.021022204,0.049358662,2.59986,1.8063842,2.1833434
0.020881718,0.081551455,0.02231056,0.027815785,0.0070313816,2.7989745,2.111732,2.0242465
0.00016056828,0.047831673,0.019414982,0.025249707,1.5264082,0.0016934584,0.016776413,1.8020176
0.11796638,0.38575011,0.018815799,0.086727776,0.20418759,2.2835274,2.8574023,2.265482
0.08849445,0.058204614,0.0003311455,0.007833809,0.007425409,2.3149693,2.0429847,2.5831335
0.102307364,0.014536277,0.0012836601,0.027864495,0.05612609,2.6285589,1.8093368,2.3437254
0.01618652,0.028978743,0.039363954,0.0063896407,0.007458483,2.0325537,2.3696895,2.7162454
0.018219955,0.038250715,0.42994407,0.076652855,2.2109878,0.021961082,0.023367608,1.5710719
0.04334301,0.028346233,0.12856013,0.038335357,2.1574209,0.016602661,0.16690426,1.6764292
0.0033494805,0.0009761158,2.0008662e-05,0.2002007,1.8620899,0.017425122,0.016561791,1.6350976
0.021262811,0.06743977,0.011467167,0.069486484,1.7603345,0.0036799011,0.10581123,2.0987024
0.021450512,0.0017666068,0.0154131735,0.018976435,1.7327173,0.0018250212,0.011319039,2.1084478
0.21610473,0.0137683805,0.006472433,0.040352937,1.1679025,0.1319267,0.0049246605,1.5305463
0.03941804,0.03715185,0.038512856,0.0066998447,2.1681423,0.040067006,0.02658766,1.8042101
0.14207089,0.026893057,0.11936258,0.0005490643,0.03952365,2.4131603,2.7205966,2.6879623
0.0026029442,0.070503324,0.0082830405,0.00357749,2.1973815,0.020135505,0.004034776,1.9264308
0.0027955524,0.0010836804,0.049629595,0.002505869,2.127385,0.009241258,0.011551542,1.6601033
0.011397825,0.048585564,0.010031745,0.06609835,2.1280546,0.005904112,0.009779015,1.693247
0.10263993,0.026059022,0.018389286,0.008825195,0.022757692,2.9713984,2.014675,1.6684364
0.073462486,0.004751323,0.06444974,0.0016888457,0.06739419,2.9456997,1.8068694,2.0889664
0.0077752685,0.021762881,0.027269077,0.00025547488,0.00029929748,2.7068791,2.2866788,2.1501217
0.01773653,0.013680582,0.051235758,0.045534343,1.6732854,0.016361363,0.0034002443,1.5680603
0.057395343,0.03743787,0.0016885148,0.0056006727,0.036593333,2.653303,2.1967182,2.273795
0.0017616317,0.02795164,0.020562146,0.08389316,1.5373664,0.014440762,0.0057120654,2.1452503
0.06697816,0.017072268,0.00040819522,0.010523896,2.1484437,0.0110649485,0.01623794,1.7087812
0.015780333,0.010239977,0.052534167,0.012053485,1.7381341,0.00051031203,0.025913574,2.1473486
0.00609399,0.002417964,0.006645371,0.054473534,1.5751776,0.0033411863,0.0073922947,1.4551033
0.13212304,0.029494323,0.025192758,0.008297426,1.3758942,0.051712018,0.003622385,1.639711
0.017889591,0.098601356,0.0065141367,0.019460011,2.212611,0.022459842,0.010228648,1.9468877
0.018448928,0.020223046,0.008532684,0.059734866,1.5648485,0.0017951879,0.009197229,1.4526452
0.0021358123,0.031390008,0.027257832,0.00027751052,1.8638563,0.051425245,0.03519946,1.4247342
0.010171754,5.976041e-05,0.032757394,0.001356127,1.6649029,0.019698266,0.010708389,1.4438473
9.799686e-05,0.0015775012,0.13448015,0.0093027605,1.8760002,0.04490747,0.013106555,1.4104301
0.004746766,0.003179868,0.00010888008,0.0009056446,1.6584167,0.010370972,0.0277131,2.1819232
0.035136808,0.009195746,0.021733899,0.01718844,2.2367082,0.045751937,0.08052113,2.0128856
0.00043029746,0.07580373,0.009401955,0.04751426,1.635244,0.021183727,0.002354165,1.4253668
0.011142839,0.0016957611,0.00043966866,0.019394161,1.8584753,0.0752507,0.012195577,2.2066567
0.1448703,0.0028121178,0.045073528,0.016288076,1.4180518,1.2330567e-05,0.07829428,1.4986485
0.015912846,0.051708546,0.0044327206,0.0017810558,1.5378826,0.009113733,0.3003365,2.2229748
0.011856039,0.017356787,0.008487185,0.0069138817,2.2253127,0.0026006994,0.0014183497,1.6200255
0.0017186663,0.0058064484,0.016659804,0.0127866035,2.2408016,0.04134818,0.0054951888,2.0036473
0.0012899365,0.018195448,0.10390861,0.0026489305,1.794552,0.06715948,0.00022486872,1.3004359
0.0156079205,0.0024507714,0.006310613,0.012206709,1.559322,0.00052186346,0.022890452,1.2915181
0.01221312,0.013589708,0.02316121,0.00063809665,2.0853956,0.008271752,0.010226557,2.1578202
0.17410181,0.0567176,0.021475172,0.038673293,2.3318222,0.001876924,0.01027256,1.7037208
0.367845,0.0024630884,0.0012613374,0.09768885,1.9973253,0.268795,0.023896543,1.2608011
0.19030815,0.0074501284,0.002380898,0.0023431745,2.1162264,0.0007795355,0.005689315,1.4850253
0.0058690323,0.011547552,0.0076109003,0.00012236582,1.6731914,0.03300257,0.02543502,2.2224767
0.13699703,0.007012812,0.002250032,0.003598759,1.8044708,0.0006947421,0.00883416,2.2444737
0.007107406,0.008326032,0.010654392,0.0038897838,2.188552,0.00093505904,0.0022021327,2.1483488
0.022025667,0.018314568,0.007331244,0.012256933,2.250344,0.020746822,0.01741468,2.0624666
0.010623956,0.07982479,0.0007014853,0.005019211,2.1521072,0.08872319,0.0006079026,1.4265343
0.0010756232,0.0028974125,0.089407325,0.07791074,2.139577,0.05553532,0.0019319983,1.3290123
0.010841545,0.011294655,0.012374629,0.008346018,2.4164367,0.043662928,0.051179282,1.704659
0.030324068,0.012409609,0.020403894,0.0034654273,1.8451167,0.002156083,0.021159902,2.299646
0.041299418,0.02903263,0.002953737,0.0026144208,1.9667189,0.014862849,0.030583667,2.272611
0.07010471,0.05258836,0.049452476,0.01372449,2.1447368,0.0060683237,0.019417161,2.199737
0.017003292,0.013170024,0.039880026,0.0008347548,1.8305991,0.023674013,0.006107739,2.3113081
0.029438898,0.023232428,0.000105327454,0.060114633,1.7495129,0.002755093,0.009634746,2.3204994
0.008779406,0.011525834,0.07413645,0.008889458,2.4230266,0.005755285,0.003079389,1.5767936
0.00019668815,0.03871308,0.011843318,0.008755509,2.0000458,0.007985834,0.015474012,2.275515
0.00660273,0.0036392347,0.0030408585,0.119315974,1.964988,0.013205207,0.030321091,2.314615
0.034709323,0.01055088,0.026376614,0.0063137454,2.3791494,0.008198276,0.010321185,1.9961478
5.5325672e-05,0.012952775,0.0063142464,0.0018500172,2.4974978,0.03572441,0.018107906,1.7893139
0.029391361,0.014242857,0.12456012,0.04265477,2.4277968,0.0014668668,0.007250362,2.0644722
0.00442953,0.047930803,0.01604966,0.008854684,1.8790295,0.015486076,0.009633447,2.3537571
0.045471527,0.0043890593,0.0036782597,0.01748724,2.3172534,0.024946949,0.0013765496,1.4056457
0.0050492724,0.09257532,0.008370126,0.0060656164,1.8084756,0.0033515121,0.009227252,2.397425
0.0016751057,0.007890946,0.013389345,0.008120715,2.4240518,0.0020718458,0.014716878,1.2990761
0.004250097,0.033350796,0.012818395,0.0056168097,1.6496403,0.016774984,0.030104736,2.4375553
0.016726013,0.016542917,0.03677231,0.031030398,2.2105908,0.020543918,0.0038441222,2.3000388
0.004515247,0.042265587,0.007647453,0.00020027287,2.5199008,0.002857707,0.06787349,1.9634328
0.0016926685,0.017866872,0.0018585877,0.0051918384,3.0169294,0.008187148,0.0001402028,1.4121909
0.022326129,0.0037596603,0.019140359,0.06499004,2.4088466,0.014813777,0.00095791975,2.2329836
0.08980152,0.06332139,0.10714373,0.18387933,2.0059502,0.04004251,0.011755011,2.4086814
0.010766163,0.031069687,0.0011834395,0.007556375,2.0964684,0.090801135,0.0029127623,2.3644462
0.06880466,0.019664971,0.057009526,0.009946603,2.280022,0.014444441,0.036538113,2.2688725
0.015261047,0.00027863384,0.050239474,0.019367183,1.6910235,0.021662617,0.011614671,2.4892542
0.005494857,0.0011397611,0.0012847396,0.007442637,2.3521175,0.013700994,0.02978741,2.2679887
0.016044313,0.01246753,0.004101676,0.003067885,2.2285404,0.0009445979,0.017205369,2.3447292
0.01643999,0.019051062,0.008728172,0.009488144,2.6546426,0.003806805,0.0022797736,1.5628633
0.045862224,0.00835256,0.0049988218,0.007089092,2.4177864,0.03273787,0.06086414,2.2777164
0.0028620372,0.025879577,0.0076220185,0.017907344,2.3801365,0.008938064,0.08762434,2.2698195
0.033614844,0.004944624,0.003786647,0.009276101,2.4212022,0.0044597066,0.003990193,2.2885947
0.06444268,0.020809997,0.0050333557,5.7327663e-05,2.5068429,0.0011131535,0.007877222,2.1318874
0.011752845,0.0051249387,0.0026508656,0.014161643,2.4673367,0.013718624,0.0015534218,2.2063093
0.2399008,0.0005551048,0.003421918,0.0029547515,2.0496972,0.09679106,0.0054129814,2.4674876
0.08031552,0.0018716521,0.02207549,0.02844464,1.8530003,0.006976895,0.0031651258,2.4726179
0.0303062,0.0003182215,0.017668528,0.004727653,2.310735,0.017161302,0.0028153972,2.3812616
0.0058112275,0.02015668,0.008786774,0.061602022,2.253838,0.013394489,0.004987545,2.4045992
0.007250993,0.010481296,0.033496227,0.0019515965,1.719221,0.009657396,0.011509534,2.5097747
0.017958537,0.14759012,0.0007855018,0.039818276,2.1159213,0.0025332398,0.0043101357,2.5678697
0.0024886853,0.0003789173,0.0048974627,0.038455144,2.107713,0.019957023,0.0016179256,2.5453763
0.0030914117,0.0139449285,0.018424083,0.022906747,1.7003196,0.009017139,0.05118101,2.5740893
0.031764105,0.008305831,0.0036550334,0.04665785,2.202603,0.008203335,0.021968296,2.5419807
0.0058225915,0.023559239,0.13308272,0.0013273124,1.6889963,0.00043138492,0.0063285516,2.8028753
0.023480881,0.06693677,0.012493286,0.009892104,1.7711823,0.025685554,0.0039221426,2.7984273
